trade_id,condition_id,proxy_wallet,side,token_id,price,size,timestamp
0x129c1a24047c2be5dce25a7db62707fbdb5d51eb8646f32fd555479f5ae1acb4_1766993007,0x2c3dce8515854f167dc523745a6b9d98d22ec9266d9f4921f62fd3e4bf1cfa1b,0xc34a4af2e3a818fdcdfaa7b5b140eca017ae6007,BUY,110290742709531333936637417418570910881285907663357514844586483587588568832794,0.817,23.13,1766993007
0x5b55f4e55ca9ed7a7d7cb18e902e2f394eda61c8146dccf849f8921e305159cb_1766993017,0x2c3dce8515854f167dc523745a6b9d98d22ec9266d9f4921f62fd3e4bf1cfa1b,0xc34a4af2e3a818fdcdfaa7b5b140eca017ae6007,BUY,110290742709531333936637417418570910881285907663357514844586483587588568832794,0.824,7.28,1766993017
0x78d03f6467b7d03e392cd75daae35a5310b0b9e0d3c721b68ad5ca453d25c313_1766993027,0x2c3dce8515854f167dc523745a6b9d98d22ec9266d9f4921f62fd3e4bf1cfa1b,0xc34a4af2e3a818fdcdfaa7b5b140eca017ae6007,BUY,110290742709531333936637417418570910881285907663357514844586483587588568832794,0.825,35.11,1766993027
0x7347c34b5155e5a2bb197bd14cd49370e40a7a18f14365470c0697d4bd02de74_1766993031,0x2c3dce8515854f167dc523745a6b9d98d22ec9266d9f4921f62fd3e4bf1cfa1b,0xf303f741c03e7186bd622bc66b87340c0ed8e30e,BUY,110290742709531333936637417418570910881285907663357514844586483587588568832794,0.825,18.18,1766993031
0xa1f23d5d6972aa2ea2bbe9837b6b21a0d9e23abe0fc46ff31396100c0bb2b202_1766993083,0x2c3dce8515854f167dc523745a6b9d98d22ec9266d9f4921f62fd3e4bf1cfa1b,0xd22392a640b5bd9332ffebb71cb4451fc11e2b92,BUY,86498068750018438192524977941980476748299785729870940867089250086714498791178,0.20799996278994706,19.134614,1766993083
0x770a07cc7b0ca8addeb2b9dd84e1e88444928e9540e1ff0525d83e39a194db90_1766993123,0x2c3dce8515854f167dc523745a6b9d98d22ec9266d9f4921f62fd3e4bf1cfa1b,0xd22392a640b5bd9332ffebb71cb4451fc11e2b92,BUY,86498068750018438192524977941980476748299785729870940867089250086714498791178,0.2087906444141249,19.062152,1766993123
0xae049dd6199ff7c56901b471f931be3605714ed7911aef2ad23f65a0fb18a33c_1766993861,0x2c3dce8515854f167dc523745a6b9d98d22ec9266d9f4921f62fd3e4bf1cfa1b,0x56b08259f4bc945c72057018de536a675b1e95c0,BUY,86498068750018438192524977941980476748299785729870940867089250086714498791178,0.2182936067347245,45.809862,1766993861
0xca1be9d445ac1029d5a2d4332dc4351cabec28e95aea2dfeb5a8b99c64c16905_1766994121,0x2c3dce8515854f167dc523745a6b9d98d22ec9266d9f4921f62fd3e4bf1cfa1b,0x166a49699aba5d7a9ce3142450062deedf83d7ed,BUY,86498068750018438192524977941980476748299785729870940867089250086714498791178,0.219,15.56,1766994121
0xc15315844af6adc2cb17db81965efdfecfa498d0737fe3c18e57197d74a54e10_1766997337,0x2c3dce8515854f167dc523745a6b9d98d22ec9266d9f4921f62fd3e4bf1cfa1b,0xd79bf2f1f8a881b17c8a5d7f99747f4dcbcb01ff,SELL,86498068750018438192524977941980476748299785729870940867089250086714498791178,0.2,2.29,1766997337
0x0f1066e8f6179e1cb621cbdeb0885b2b45b7732367058e8209d58f242c43ed02_1766998503,0x2c3dce8515854f167dc523745a6b9d98d22ec9266d9f4921f62fd3e4bf1cfa1b,0x1d12b03e647b9d7f07bcabaeb68d010f5384ab54,BUY,110290742709531333936637417418570910881285907663357514844586483587588568832794,0.798,39.86,1766998503
0x15fae876652d5e7b6b615015d33089011070f1935c0dccd151a2748e6777024c_1766998625,0x2c3dce8515854f167dc523745a6b9d98d22ec9266d9f4921f62fd3e4bf1cfa1b,0xcc380f63b84de8d3c4af89c65a52c51b2e9d5bb2,SELL,86498068750018438192524977941980476748299785729870940867089250086714498791178,0.1780808888888889,90.0,1766998625
0xa905fbcb245258149584188fd49c0a9516871ccce67599b3402e755332aa33b3_1766998717,0x2c3dce8515854f167dc523745a6b9d98d22ec9266d9f4921f62fd3e4bf1cfa1b,0x945a49252f772a10c6ddd1d1e1e24ee20438a48c,SELL,86498068750018438192524977941980476748299785729870940867089250086714498791178,0.178,2.29,1766998717
0x6bf2888c234e3643b87f9326b22dd7b779c35fb7a0ff68d6e5bc5260489b37ae_1766999171,0x2c3dce8515854f167dc523745a6b9d98d22ec9266d9f4921f62fd3e4bf1cfa1b,0x166a49699aba5d7a9ce3142450062deedf83d7ed,SELL,86498068750018438192524977941980476748299785729870940867089250086714498791178,0.18,15.56,1766999171
0x68f217e5104e96bfd393b5c637b567e2d00efd9d334fbc07c637c04fb815b3e1_1766999405,0x2c3dce8515854f167dc523745a6b9d98d22ec9266d9f4921f62fd3e4bf1cfa1b,0x1d12b03e647b9d7f07bcabaeb68d010f5384ab54,BUY,110290742709531333936637417418570910881285907663357514844586483587588568832794,0.8199999984430378,38.536583,1766999405
0xc8c2d8166ef4b585e3a34645d4bf4baf2b852606f1d2330106b680c274bb1ac9_1767001003,0x2c3dce8515854f167dc523745a6b9d98d22ec9266d9f4921f62fd3e4bf1cfa1b,0xe391f66bf5567891b3f83a168c101bb1f76e02a0,SELL,86498068750018438192524977941980476748299785729870940867089250086714498791178,0.185,9.09,1767001003
0x59a0abcc809e5c5770d828a528b91fff80f78dbbc370470c7c97cddec7423384_1767003361,0x2c3dce8515854f167dc523745a6b9d98d22ec9266d9f4921f62fd3e4bf1cfa1b,0x44e723b1f9466415dcf44eb3d65be5c3872519de,SELL,86498068750018438192524977941980476748299785729870940867089250086714498791178,0.2029480255516841,68.88,1767003361
0xf5ef4f288b50a611dce3bd9e03a88bda781e476c84fc73e0a9d7fb2b1a5c0688_1767004007,0x2c3dce8515854f167dc523745a6b9d98d22ec9266d9f4921f62fd3e4bf1cfa1b,0xb9b42165df946ba09bd5fed3cd505f0896113824,BUY,110290742709531333936637417418570910881285907663357514844586483587588568832794,0.7996264655712473,266.374375,1767004007
0x649da6dd1a38a8e6592a5b51979c350c85d9740a221ed0882f9ffdc3d206002c_1767004079,0x2c3dce8515854f167dc523745a6b9d98d22ec9266d9f4921f62fd3e4bf1cfa1b,0x07732533ad79ef6704b4a2e294fbf596112f9fef,SELL,86498068750018438192524977941980476748299785729870940867089250086714498791178,0.2,45.83,1767004079
0x4810c049bcfd891e81e759dc58de9d327288c4a3586d40c03f29c5f96a9e41b2_1767005797,0x2c3dce8515854f167dc523745a6b9d98d22ec9266d9f4921f62fd3e4bf1cfa1b,0xbacd00c9080a82ded56f504ee8810af732b0ab35,BUY,110290742709531333936637417418570910881285907663357514844586483587588568832794,0.8196399100508408,306.84,1767005797
0xdce5e42f284918d763e11e2eb2cd3e78f758b1454d497fe964f34189b18a247c_1767005829,0x2c3dce8515854f167dc523745a6b9d98d22ec9266d9f4921f62fd3e4bf1cfa1b,0xbacd00c9080a82ded56f504ee8810af732b0ab35,BUY,110290742709531333936637417418570910881285907663357514844586483587588568832794,0.822,104.99,1767005829
0x613843481bc78846baa5da69e487ab4725ee56e514d3f5b36e7faba92dd7e7cf_1767005883,0x2c3dce8515854f167dc523745a6b9d98d22ec9266d9f4921f62fd3e4bf1cfa1b,0xfc3381cc84fecd26e87c9ef05020b7ba712e9636,BUY,110290742709531333936637417418570910881285907663357514844586483587588568832794,0.8259999909317395,15.217913,1767005883
0xfe5a0bfc08a81ee5dfbe6db7919645d927ec475903effc2b21358439418dc5c7_1767009005,0x2c3dce8515854f167dc523745a6b9d98d22ec9266d9f4921f62fd3e4bf1cfa1b,0x2eabea3f1c6e1d0469d8dcefddf33ade20793d2e,SELL,110290742709531333936637417418570910881285907663357514844586483587588568832794,0.793,12.0,1767009005
0x76a7cb429d4a0f86069b7d18e2fd8e362ddae8c3a8d6e37ba1233e3e59684c44_1767009455,0x2c3dce8515854f167dc523745a6b9d98d22ec9266d9f4921f62fd3e4bf1cfa1b,0x491213da9c46715364098c7b8a08ae5398b3c24e,BUY,110290742709531333936637417418570910881285907663357514844586483587588568832794,0.8259513503912387,121.072505,1767009455
0xe18580571b02a91b75de7040a0c6dee2969f21fc6e012236e495b337b723910f_1767011747,0x2c3dce8515854f167dc523745a6b9d98d22ec9266d9f4921f62fd3e4bf1cfa1b,0xd22392a640b5bd9332ffebb71cb4451fc11e2b92,BUY,86498068750018438192524977941980476748299785729870940867089250086714498791178,0.22699988097833357,4.889866,1767011747
0xabae7fdc1097773a6c6284487bcce91fce1a28b04c83160536c5730a86a73b9e_1767012239,0x2c3dce8515854f167dc523745a6b9d98d22ec9266d9f4921f62fd3e4bf1cfa1b,0x2f5862f865bd80baa089719a2824c845b333129a,BUY,110290742709531333936637417418570910881285907663357514844586483587588568832794,0.8259999990625289,68.268764,1767012239
0x20e0297ff02149c183cb47a3310a00155e3297837bfeafc8bee22cc4f0b5499a_1767013315,0x2c3dce8515854f167dc523745a6b9d98d22ec9266d9f4921f62fd3e4bf1cfa1b,0xcf6a714618a328c608a1c70cb62a31a6bef3f9d0,BUY,86498068750018438192524977941980476748299785729870940867089250086714498791178,0.23429331732693076,99.96,1767013315
0x9c4103fdaf1bcf50c226f8848e93b713dbd289675d79497ec9724f5697a8a3ce_1767014551,0x2c3dce8515854f167dc523745a6b9d98d22ec9266d9f4921f62fd3e4bf1cfa1b,0xb8c2b629e68a3ece23e589d2e2346b75eec4a1b0,SELL,86498068750018438192524977941980476748299785729870940867089250086714498791178,0.17507585227272726,704.0,1767014551
0x57dbedc3d6bd65bd5de1d9fa542d1d45c3245546f8ab0d01370d683b37f3cb62_1767016287,0x2c3dce8515854f167dc523745a6b9d98d22ec9266d9f4921f62fd3e4bf1cfa1b,0xcf6a714618a328c608a1c70cb62a31a6bef3f9d0,BUY,86498068750018438192524977941980476748299785729870940867089250086714498791178,0.22972197764984761,206.71,1767016287
0x4d4a59c5289a96841eb265a2a79570736cc9bf54f1fe620d40fd4e8e08e623ed_1767017231,0x2c3dce8515854f167dc523745a6b9d98d22ec9266d9f4921f62fd3e4bf1cfa1b,0xcf6a714618a328c608a1c70cb62a31a6bef3f9d0,BUY,86498068750018438192524977941980476748299785729870940867089250086714498791178,0.234,36.9,1767017231
0x6b1f6e8e8db33da35c6cf18ce340f74fe2c22c9ae454e509612b84a2d4152623_1767017235,0x2c3dce8515854f167dc523745a6b9d98d22ec9266d9f4921f62fd3e4bf1cfa1b,0xcf6a714618a328c608a1c70cb62a31a6bef3f9d0,BUY,86498068750018438192524977941980476748299785729870940867089250086714498791178,0.234,36.9,1767017235
0x07190d6ae357062d3c94c11113b92cce43e8294417f56909634f57741efd4ad3_1767017257,0x2c3dce8515854f167dc523745a6b9d98d22ec9266d9f4921f62fd3e4bf1cfa1b,0xcf6a714618a328c608a1c70cb62a31a6bef3f9d0,BUY,86498068750018438192524977941980476748299785729870940867089250086714498791178,0.234,36.9,1767017257
0x34a1dff01b76b2f16d560ac6226268bba99bcbe8ce61082fb315da9087eb7b77_1767019435,0x2c3dce8515854f167dc523745a6b9d98d22ec9266d9f4921f62fd3e4bf1cfa1b,0x6233acb64b3afcccb38c73468dbfedb28ea55cb2,BUY,86498068750018438192524977941980476748299785729870940867089250086714498791178,0.231,36.9,1767019435
0x9f1ce3a9b90d9489d5558733cd99bf2fce0aa7ff07463466d149ba7f98baa84f_1767019619,0x2c3dce8515854f167dc523745a6b9d98d22ec9266d9f4921f62fd3e4bf1cfa1b,0xcd9607c4a676b7815f10bb8bc25355414e47cbdc,SELL,86498068750018438192524977941980476748299785729870940867089250086714498791178,0.177,7.0,1767019619
0xe5f832f5dfabb0ee605c3074d4b3be94b3dca923421582e78dbd911a11a0a206_1767019847,0x2c3dce8515854f167dc523745a6b9d98d22ec9266d9f4921f62fd3e4bf1cfa1b,0x000d257d2dc7616feaef4ae0f14600fdf50a758e,BUY,86498068750018438192524977941980476748299785729870940867089250086714498791178,0.23624650253819204,1258.77,1767019847
0x2a66da1c1bf79b5a265b271722eb5f68b5e12b7f5e418dbd05273111fdd520cb_1767019853,0x2c3dce8515854f167dc523745a6b9d98d22ec9266d9f4921f62fd3e4bf1cfa1b,0x5f0e3442d9fb7ab82c369ba28aea4fd816776e5e,BUY,86498068750018438192524977941980476748299785729870940867089250086714498791178,0.2399998430768748,4.333332,1767019853
0x237cafa053a92f6bc13ae656eba4c6ff2caa61ff1b075b784abfb2b6209d9d80_1767019853,0x2c3dce8515854f167dc523745a6b9d98d22ec9266d9f4921f62fd3e4bf1cfa1b,0xbace36e80de10a5a69e3d732608f56bc5b20fdf1,BUY,86498068750018438192524977941980476748299785729870940867089250086714498791178,0.24,12.25,1767019853
0x191c3f4bb60eb9cc7c05684acccc19b2036ac6a8f87bc1bbddf5a57df72d0a16_1767019855,0x2c3dce8515854f167dc523745a6b9d98d22ec9266d9f4921f62fd3e4bf1cfa1b,0x64677ef2439e839e4cc973d4954113a58375f408,BUY,110290742709531333936637417418570910881285907663357514844586483587588568832794,0.8229999921867065,3.83961,1767019855
0xa895825f9978d7bfbaa19492df877f17617bb93245d12d58e344dd44a2ec2952_1767019855,0x2c3dce8515854f167dc523745a6b9d98d22ec9266d9f4921f62fd3e4bf1cfa1b,0x9128f18762f12beae76548fe34376613a2784470,BUY,86498068750018438192524977941980476748299785729870940867089250086714498791178,0.2999999786729848,28.133332,1767019855
0x122479372f41b3af49e006a6344317af7763ccebcb608eb6e73511a3713ab295_1767019855,0x2c3dce8515854f167dc523745a6b9d98d22ec9266d9f4921f62fd3e4bf1cfa1b,0x68ac8f567639a84bb8d74cd908fb358b983a79b8,BUY,86498068750018438192524977941980476748299785729870940867089250086714498791178,0.2999999466192076,9.366665,1767019855
0xac5466e0274a23fd351dd42230a5381d44b6dba0d7c1f4f5da9cf6c446d24966_1767019855,0x2c3dce8515854f167dc523745a6b9d98d22ec9266d9f4921f62fd3e4bf1cfa1b,0xd3b0cbfc2d280da03f06c4746571f23362cd9e97,BUY,86498068750018438192524977941980476748299785729870940867089250086714498791178,0.29999983018861515,3.533332,1767019855
0x564addd74849293909778d9e0a444e328738cd4ee363ab02e8f8824807986364_1767019855,0x2c3dce8515854f167dc523745a6b9d98d22ec9266d9f4921f62fd3e4bf1cfa1b,0xcd62664cc32d84e905d0c83f7da0045d48e94654,BUY,86498068750018438192524977941980476748299785729870940867089250086714498791178,0.270233609214828,6.993945,1767019855
0xfb283813c822ff8a6fc98c459c121b4eb9908e0c594b8915bdede0744efb2fe2_1767019855,0x2c3dce8515854f167dc523745a6b9d98d22ec9266d9f4921f62fd3e4bf1cfa1b,0x82524979739a860b36f47eec57619cf950f45c68,BUY,86498068750018438192524977941980476748299785729870940867089250086714498791178,0.2994491429850375,112.807132,1767019855
0x3a2272f9b35179c7a71d3e022b93cb3e26b9844fb6bf3cac3b25389b23b14945_1767019857,0x2c3dce8515854f167dc523745a6b9d98d22ec9266d9f4921f62fd3e4bf1cfa1b,0x19ce04e07f87e44dd47b7529811053f0504ec1db,BUY,86498068750018438192524977941980476748299785729870940867089250086714498791178,0.29999983018861515,3.533332,1767019857
0xa67809a1121d87b31c07ce22c8e4d049cba08e69da6e306a06f3b306bbe17161_1767019857,0x2c3dce8515854f167dc523745a6b9d98d22ec9266d9f4921f62fd3e4bf1cfa1b,0xb44963e2605d53d1c995fca9b97df8c8e126547d,BUY,86498068750018438192524977941980476748299785729870940867089250086714498791178,0.29999996828752307,15.766665,1767019857
0xeb37834df6ded80ee43bc6cc13d0ee71fe22d2b58796b570a7e99f5b1f88bf21_1767019863,0x2c3dce8515854f167dc523745a6b9d98d22ec9266d9f4921f62fd3e4bf1cfa1b,0x945a49252f772a10c6ddd1d1e1e24ee20438a48c,SELL,86498068750018438192524977941980476748299785729870940867089250086714498791178,0.247,3.84,1767019863
0x5f3a5088bb86a4b6dd01ad8cdc91d932efede9c5c032f794c0ab306ceb068394_1767019879,0x2c3dce8515854f167dc523745a6b9d98d22ec9266d9f4921f62fd3e4bf1cfa1b,0xc77bc7c12cff77cd80de2d3377ce22aec3a6a526,BUY,86498068750018438192524977941980476748299785729870940867089250086714498791178,0.29899995223666204,13.043477,1767019879
0x244967b6036b6215061b0f4d9ea0fb9f559a9d558c3dbebafb950d413aa41b9b_1767019881,0x2c3dce8515854f167dc523745a6b9d98d22ec9266d9f4921f62fd3e4bf1cfa1b,0x6a54e4d04bed7ca8330b8a8a5da5331c71850694,BUY,86498068750018438192524977941980476748299785729870940867089250086714498791178,0.2989998445199254,3.34448,1767019881
0xfeb16be503d5479928ecb07322cfe423ad337659ebe043ce4eff186dec7dac24_1767019897,0x2c3dce8515854f167dc523745a6b9d98d22ec9266d9f4921f62fd3e4bf1cfa1b,0x4f9b6d7d1da2622b933842d82dec30d32220cc64,BUY,86498068750018438192524977941980476748299785729870940867089250086714498791178,0.2989998943532826,4.013376,1767019897
0x64c503bf9b12952f64cd79c033d1fde2ab5cbee208f0a50c9ff39576466ca843_1767019953,0x2c3dce8515854f167dc523745a6b9d98d22ec9266d9f4921f62fd3e4bf1cfa1b,0x85dfe68799c81169482aad52aabd3d899404fb48,BUY,110290742709531333936637417418570910881285907663357514844586483587588568832794,0.7133333333333334,15.0,1767019953
0x85a108c8340f797790ce21b31001e5a1ee1689294a583ccf54afe3792e13a673_1767020033,0x2c3dce8515854f167dc523745a6b9d98d22ec9266d9f4921f62fd3e4bf1cfa1b,0x26b26ac3b434b12ee2d5a3310b2f62ce38164486,BUY,86498068750018438192524977941980476748299785729870940867089250086714498791178,0.29232234245462224,102.626432,1767020033
0xa6ab84ef8a9ba43e72ba6400a939a83eacacbb3220cc6e7e07e8a9d350086b09_1767020141,0x2c3dce8515854f167dc523745a6b9d98d22ec9266d9f4921f62fd3e4bf1cfa1b,0x2f5862f865bd80baa089719a2824c845b333129a,SELL,110290742709531333936637417418570910881285907663357514844586483587588568832794,0.6879058013477879,68.26,1767020141
0x117997830f7b85db348af8bf4c58ea5ea05d8a9752cf0bcb29e64afc8ae9a125_1767020159,0x2c3dce8515854f167dc523745a6b9d98d22ec9266d9f4921f62fd3e4bf1cfa1b,0x2f5862f865bd80baa089719a2824c845b333129a,BUY,86498068750018438192524977941980476748299785729870940867089250086714498791178,0.3399999953662691,138.117646,1767020159
0xdaf05c2ecfd29a111bfb00e4eb7c14d0d411459c5ab71dc707bc686fcfafb934_1767020257,0x2c3dce8515854f167dc523745a6b9d98d22ec9266d9f4921f62fd3e4bf1cfa1b,0xfaf546afa2f0bc12336d6f77d4bbf7efcf5075e5,BUY,110290742709531333936637417418570910881285907663357514844586483587588568832794,0.736999862180888,1.356851,1767020257
0xa2f60073848b5acce06ab983eb8e66f6afd3fb811bc44b8862321c2a93a7ad6e_1767020475,0x2c3dce8515854f167dc523745a6b9d98d22ec9266d9f4921f62fd3e4bf1cfa1b,0x0e296cbd5596272f1661a9ff64ce44232dea1a0c,SELL,86498068750018438192524977941980476748299785729870940867089250086714498791178,0.262,5.0,1767020475
0xfa6da46256f0f8049b0c0fb1d2646493c1cf1b7ab83fdd2ecfe64dd33f1e5d60_1767020769,0x2c3dce8515854f167dc523745a6b9d98d22ec9266d9f4921f62fd3e4bf1cfa1b,0xb8c2b629e68a3ece23e589d2e2346b75eec4a1b0,BUY,86498068750018438192524977941980476748299785729870940867089250086714498791178,0.3421744032434709,1390.226725,1767020769
0xaa359e446d1c64298889227dfe7f153b7f03a350b63f62573151468e50e22de5_1767022219,0x2c3dce8515854f167dc523745a6b9d98d22ec9266d9f4921f62fd3e4bf1cfa1b,0x61f29adc2e39db440150734393c1a5bd5d481d6e,SELL,110290742709531333936637417418570910881285907663357514844586483587588568832794,0.69,3.74,1767022219
0xf59c39407872bfe3d052d26456fe413599b455e47dda8cb961928079203a1226_1767023393,0x2c3dce8515854f167dc523745a6b9d98d22ec9266d9f4921f62fd3e4bf1cfa1b,0x84fa50883a0251e06bce7251659cc70a00bc1327,BUY,86498068750018438192524977941980476748299785729870940867089250086714498791178,0.33,5.0,1767023393
0x1995bcc886d69e2eb9b233646b4b5bcfef9ba7f5dd13f89fa912add22cb2d9ec_1767024003,0x2c3dce8515854f167dc523745a6b9d98d22ec9266d9f4921f62fd3e4bf1cfa1b,0xeac66f22c1721084ea6b22190fbd6c95ac20f9f7,SELL,110290742709531333936637417418570910881285907663357514844586483587588568832794,0.5577448221868995,421.51,1767024003
0x08478ea8fcfe22f6b83b400f625e9df31c032ff100291b8682964996d8dda46d_1767025099,0x2c3dce8515854f167dc523745a6b9d98d22ec9266d9f4921f62fd3e4bf1cfa1b,0xc34a4af2e3a818fdcdfaa7b5b140eca017ae6007,BUY,110290742709531333936637417418570910881285907663357514844586483587588568832794,0.63,10.0,1767025099
0xb0bebe05d0611ae1433370e1cfe86fea79d9769767c46a66dd8ab425c00b825e_1767025229,0x2c3dce8515854f167dc523745a6b9d98d22ec9266d9f4921f62fd3e4bf1cfa1b,0x166a49699aba5d7a9ce3142450062deedf83d7ed,BUY,110290742709531333936637417418570910881285907663357514844586483587588568832794,0.639,56.27,1767025229
0x320426471707662167bafeb0e3d10f92fbc829065a9b7b123a249985e2a4e2c7_1767025251,0x2c3dce8515854f167dc523745a6b9d98d22ec9266d9f4921f62fd3e4bf1cfa1b,0x166a49699aba5d7a9ce3142450062deedf83d7ed,BUY,110290742709531333936637417418570910881285907663357514844586483587588568832794,0.64,25.95,1767025251
0xb5ac49bcaf6e6bd77cf6c880ca949d10f977dcd2acbdd158bf6444148aba4860_1767025391,0x2c3dce8515854f167dc523745a6b9d98d22ec9266d9f4921f62fd3e4bf1cfa1b,0x9f610089c912505b9ebd4594e9f695cd84715afa,BUY,86498068750018438192524977941980476748299785729870940867089250086714498791178,0.3799999741599966,13.157893,1767025391
0x32a7e02e2e4bc9e1f0fe50bb8b92c0a568d8b3320f1f97f63a5c622e210bcaec_1767025459,0x2c3dce8515854f167dc523745a6b9d98d22ec9266d9f4921f62fd3e4bf1cfa1b,0xb8c2b629e68a3ece23e589d2e2346b75eec4a1b0,SELL,86498068750018438192524977941980476748299785729870940867089250086714498791178,0.344813878555318,1024.17,1767025459
0x3bbf5c02b73c60b9f0a613b94219490cbf58b2c859aadc3a232e5a0c2d04ebc7_1767025555,0x2c3dce8515854f167dc523745a6b9d98d22ec9266d9f4921f62fd3e4bf1cfa1b,0xeac66f22c1721084ea6b22190fbd6c95ac20f9f7,BUY,86498068750018438192524977941980476748299785729870940867089250086714498791178,0.37896223701888115,184.714972,1767025555
0x93e80e8a2a716276e1e4fec8b90dd868c72a9072d7c5865192b91bdde5486d59_1767025867,0x2c3dce8515854f167dc523745a6b9d98d22ec9266d9f4921f62fd3e4bf1cfa1b,0x166a49699aba5d7a9ce3142450062deedf83d7ed,BUY,110290742709531333936637417418570910881285907663357514844586483587588568832794,0.701,31.13,1767025867
0x4710759b40256079ece6afc62a0d6b4e104b1f0064d2b7696cb129ab2be79426_1767025871,0x2c3dce8515854f167dc523745a6b9d98d22ec9266d9f4921f62fd3e4bf1cfa1b,0x166a49699aba5d7a9ce3142450062deedf83d7ed,BUY,110290742709531333936637417418570910881285907663357514844586483587588568832794,0.689,14.44,1767025871
0xb8f638ff29492b936bf8ae5394e5e383003c32ef8532e8a342e11d5a88da168b_1767026093,0x2c3dce8515854f167dc523745a6b9d98d22ec9266d9f4921f62fd3e4bf1cfa1b,0x2fad8f3bc8514c19ba407a10032498cb193f9bb7,SELL,86498068750018438192524977941980476748299785729870940867089250086714498791178,0.332,6.54,1767026093
0xc4cd8c268d25724f9369498a09d2e1d1f08d1193b8cd95d712c1ae59f9d67026_1767026739,0x2c3dce8515854f167dc523745a6b9d98d22ec9266d9f4921f62fd3e4bf1cfa1b,0xd9a890ad8981c2e3d56bdf366e50e0f5c62f6e67,BUY,86498068750018438192524977941980476748299785729870940867089250086714498791178,0.397,22.48,1767026739
0xd08e324cc5abc19a7099f2cc45bf99f553882306632883601c918588abde60ca_1767027055,0x2c3dce8515854f167dc523745a6b9d98d22ec9266d9f4921f62fd3e4bf1cfa1b,0xd9a890ad8981c2e3d56bdf366e50e0f5c62f6e67,SELL,86498068750018438192524977941980476748299785729870940867089250086714498791178,0.37,13.41,1767027055
0x0105bea1682686c1c6d765de02ee4cc3f79c0916b59e87005af851ad19026cca_1767027389,0x2c3dce8515854f167dc523745a6b9d98d22ec9266d9f4921f62fd3e4bf1cfa1b,0xb9b42165df946ba09bd5fed3cd505f0896113824,BUY,110290742709531333936637417418570910881285907663357514844586483587588568832794,0.6482638778037826,72.732726,1767027389
0xc8fe830d2d50c7629faed0aa22841d6e9686c48ce73980cf62b0d300445a96e8_1767027451,0x2c3dce8515854f167dc523745a6b9d98d22ec9266d9f4921f62fd3e4bf1cfa1b,0xd34bf815245d5bcea098cb0ea17df360b5c50004,BUY,110290742709531333936637417418570910881285907663357514844586483587588568832794,0.6498298533033515,466.95,1767027451
0xb4c70fd8c6bf2860f3de0beb2dbe50e1b6c6faaef782d72a8e6b8e4049b8f7a4_1767027905,0x2c3dce8515854f167dc523745a6b9d98d22ec9266d9f4921f62fd3e4bf1cfa1b,0xc4f4f2d987637aaf66b8c89c5501b9da3ec94ccc,BUY,86498068750018438192524977941980476748299785729870940867089250086714498791178,0.3469999870221992,28.818442,1767027905
0xb13d22e7bb486ab1defd805ef0097e47273e115b26f21be3bac79d959595c72e_1767028151,0x2c3dce8515854f167dc523745a6b9d98d22ec9266d9f4921f62fd3e4bf1cfa1b,0x491213da9c46715364098c7b8a08ae5398b3c24e,BUY,110290742709531333936637417418570910881285907663357514844586483587588568832794,0.7349999228249309,2.721086,1767028151
0x3c7139e58dd9c0433d0b3b01490a5ad121003b4421eefdb7f72969de29a98100_1767028391,0x2c3dce8515854f167dc523745a6b9d98d22ec9266d9f4921f62fd3e4bf1cfa1b,0xbacd00c9080a82ded56f504ee8810af732b0ab35,BUY,110290742709531333936637417418570910881285907663357514844586483587588568832794,0.72,200.0,1767028391
0x8cd0ea8144fe916179553d9d72fda69ee6f29a8ecdda725083dd0d1c692a6a57_1767028489,0x2c3dce8515854f167dc523745a6b9d98d22ec9266d9f4921f62fd3e4bf1cfa1b,0xfc3381cc84fecd26e87c9ef05020b7ba712e9636,BUY,110290742709531333936637417418570910881285907663357514844586483587588568832794,0.7349999734583269,9.795916,1767028489
0x8cef39fd1448a666dd3c572884645485b0502eaf5ad2a4c67c2714d85881e268_1767028717,0x2c3dce8515854f167dc523745a6b9d98d22ec9266d9f4921f62fd3e4bf1cfa1b,0x6d0b09ca59495155caf1bf18e0432be0156be99a,SELL,86498068750018438192524977941980476748299785729870940867089250086714498791178,0.265,10.53,1767028717
0x72d5249d9f9561bbedf5ce3159e1191854b73170aa796c2d56747e6cfc6af651_1767028981,0x2c3dce8515854f167dc523745a6b9d98d22ec9266d9f4921f62fd3e4bf1cfa1b,0xc4f4f2d987637aaf66b8c89c5501b9da3ec94ccc,SELL,86498068750018438192524977941980476748299785729870940867089250086714498791178,0.265,28.81,1767028981
0xaffdf8ed1df90df970a3c0500027682c312fc21c0442eca4c2f3dc97a35a327e_1767029313,0x2c3dce8515854f167dc523745a6b9d98d22ec9266d9f4921f62fd3e4bf1cfa1b,0x7cc517586531ebdf36c0d5d5ba1dfcdcab53c0ca,BUY,110290742709531333936637417418570910881285907663357514844586483587588568832794,0.7349999228249309,2.721086,1767029313
0x044334eb8b3b0b2144afa3c46eb63110f54a90913a31e8457d74b38512588dfe_1767029727,0x2c3dce8515854f167dc523745a6b9d98d22ec9266d9f4921f62fd3e4bf1cfa1b,0x4a60bf806d191015e5fba2eb215dda5f6c5f89b6,BUY,110290742709531333936637417418570910881285907663357514844586483587588568832794,0.735,83.48,1767029727
0x5885335654517f27b12d6d990a48cec94e44d61c89ca9e5eafb606b131714545_1767030501,0x2c3dce8515854f167dc523745a6b9d98d22ec9266d9f4921f62fd3e4bf1cfa1b,0x9f610089c912505b9ebd4594e9f695cd84715afa,SELL,86498068750018438192524977941980476748299785729870940867089250086714498791178,0.264,13.15,1767030501
0x491f6aa37e86bd5176e81ed250d863f48f0a61d450fe49b202de415a4e563c33_1767030591,0x2c3dce8515854f167dc523745a6b9d98d22ec9266d9f4921f62fd3e4bf1cfa1b,0x166a49699aba5d7a9ce3142450062deedf83d7ed,BUY,110290742709531333936637417418570910881285907663357514844586483587588568832794,0.736,55.57,1767030591
0x627a40342af1285294f83fba644a943b6307b212e9bd6e05e32efb7307645fdb_1767030735,0x2c3dce8515854f167dc523745a6b9d98d22ec9266d9f4921f62fd3e4bf1cfa1b,0x166a49699aba5d7a9ce3142450062deedf83d7ed,BUY,110290742709531333936637417418570910881285907663357514844586483587588568832794,0.737,12.0,1767030735
0x0c7cbc63ee82d14f9a5f1f906d0b627b0a15c268af61ed2e5f91cac439a6eb3b_1767031643,0x2c3dce8515854f167dc523745a6b9d98d22ec9266d9f4921f62fd3e4bf1cfa1b,0x52ca495a611509effb39a14e42c75329d66a2453,BUY,110290742709531333936637417418570910881285907663357514844586483587588568832794,0.75,1.333332,1767031643
0x7f8baf39c2733f9402c2d1f4ed94faf7aca5bce848ad29ff8ed0d63b89fd066d_1767031761,0x2c3dce8515854f167dc523745a6b9d98d22ec9266d9f4921f62fd3e4bf1cfa1b,0xdfbedc60d8f78b6c8b1821f2b1c818dd688577c5,BUY,86498068750018438192524977941980476748299785729870940867089250086714498791178,0.28399991934398255,7.042252,1767031761
0xeb4ecbd95fc8264d95cfca53c5cd53f47168f1b1c0462081fe38dbeca9078cff_1767032093,0x2c3dce8515854f167dc523745a6b9d98d22ec9266d9f4921f62fd3e4bf1cfa1b,0x02832864944a676d874fc831ae584802ded3c915,BUY,110290742709531333936637417418570910881285907663357514844586483587588568832794,0.75,43.64,1767032093
0x46d56593497bf68d020f8fa148b4d8eef5542420ed91ae8272db1aa342ba4157_1767032211,0x2c3dce8515854f167dc523745a6b9d98d22ec9266d9f4921f62fd3e4bf1cfa1b,0x166a49699aba5d7a9ce3142450062deedf83d7ed,BUY,110290742709531333936637417418570910881285907663357514844586483587588568832794,0.7515658943596043,8.249439,1767032211
0x2ef9154c60a8a50acea10a27c71058a4879b65a75d1a5854e2f6bb7a8e2cb90e_1767032381,0x2c3dce8515854f167dc523745a6b9d98d22ec9266d9f4921f62fd3e4bf1cfa1b,0x71b1e39cd44878c76074af783c8065210e41ac2c,SELL,86498068750018438192524977941980476748299785729870940867089250086714498791178,0.246,10.0,1767032381
0x7de94766ed662dacfde81abceb0d95360d577f7292bf14db72479d17092d0d4a_1767032615,0x2c3dce8515854f167dc523745a6b9d98d22ec9266d9f4921f62fd3e4bf1cfa1b,0x07fd560b73806637ba2474d651f66cdfc796ad26,BUY,110290742709531333936637417418570910881285907663357514844586483587588568832794,0.7539999895947981,13.262597,1767032615
0x617c2d4954e16098d877cf14944640c61d39b7628d2064f26b6926a4b25a9030_1767032927,0x2c3dce8515854f167dc523745a6b9d98d22ec9266d9f4921f62fd3e4bf1cfa1b,0xb10047d6a254b2ebb306d7a7d13bf59171ab6461,BUY,86498068750018438192524977941980476748299785729870940867089250086714498791178,0.2731558320227956,642.23,1767032927
0x5a58b98e0bf395db38a0b1418abeaf04e2a2841aee67dc69e9fa1f9725dfe8ba_1767032929,0x2c3dce8515854f167dc523745a6b9d98d22ec9266d9f4921f62fd3e4bf1cfa1b,0xb10047d6a254b2ebb306d7a7d13bf59171ab6461,BUY,86498068750018438192524977941980476748299785729870940867089250086714498791178,0.294849608025118,506.41,1767032929
0xef278f3c6a1c36216b7b45eb8126135575967da4c2a0f27e21728ac6602b7bc9_1767032933,0x2c3dce8515854f167dc523745a6b9d98d22ec9266d9f4921f62fd3e4bf1cfa1b,0xb10047d6a254b2ebb306d7a7d13bf59171ab6461,BUY,86498068750018438192524977941980476748299785729870940867089250086714498791178,0.3,75.0,1767032933
0xb31ef531bee24695bbe5875effd352701f782fe9535c5ef786121eaf845e9417_1767032957,0x2c3dce8515854f167dc523745a6b9d98d22ec9266d9f4921f62fd3e4bf1cfa1b,0xb10047d6a254b2ebb306d7a7d13bf59171ab6461,BUY,86498068750018438192524977941980476748299785729870940867089250086714498791178,0.34960578186596586,38.05,1767032957
0x161115ef19a5a2dd0c9f21a9f0457cf854917193ab002da8070099a0b78de59c_1767033117,0x2c3dce8515854f167dc523745a6b9d98d22ec9266d9f4921f62fd3e4bf1cfa1b,0xaadbd211bda2bc5fe28833c6cea1242aa8be85f9,BUY,86498068750018438192524977941980476748299785729870940867089250086714498791178,0.4488752095658185,44.555811,1767033117
0x7c8cda9ea294817790185d76e1e7aaca07ca4c96e0054fd430dd2cd8ef923077_1767033131,0x2c3dce8515854f167dc523745a6b9d98d22ec9266d9f4921f62fd3e4bf1cfa1b,0xe340572eaf48e390300ecec013c9160ab6d939f9,BUY,86498068750018438192524977941980476748299785729870940867089250086714498791178,0.44899999613859987,44.543428,1767033131
0x072b422009e2caae6491f83b7309d403627df7a1ab0c2ac60cd60e73d53c06a7_1767033211,0x2c3dce8515854f167dc523745a6b9d98d22ec9266d9f4921f62fd3e4bf1cfa1b,0xf68878924a0e93cf96e9e892c865ae92cf3e61f3,SELL,86498068750018438192524977941980476748299785729870940867089250086714498791178,0.257,7.69,1767033211
0xb3ce996abd0f087438ea5fe1965cc97bcf1f4e52b4b1bab39846416a8267568a_1767033275,0x2c3dce8515854f167dc523745a6b9d98d22ec9266d9f4921f62fd3e4bf1cfa1b,0xd190a4635bed4f1c2d9d5a8b367637ce5612c9b2,BUY,86498068750018438192524977941980476748299785729870940867089250086714498791178,0.4488274214717478,44.560555,1767033275
0x9a7c9f3735c6dfaddce82acc0c4d2ddbec2c9ed98a1e4409f413468a1233649a_1767033303,0x2c3dce8515854f167dc523745a6b9d98d22ec9266d9f4921f62fd3e4bf1cfa1b,0x5ad818e112c96496d5a16d22f79a5c7cc7e043e2,BUY,86498068750018438192524977941980476748299785729870940867089250086714498791178,0.4487492092136763,46.573896,1767033303
0x92e471c2c0eaf522105117b5541b70f9884fe3549734732bc9f1dfa981484ce5_1767033331,0x2c3dce8515854f167dc523745a6b9d98d22ec9266d9f4921f62fd3e4bf1cfa1b,0xcf6a714618a328c608a1c70cb62a31a6bef3f9d0,BUY,86498068750018438192524977941980476748299785729870940867089250086714498791178,0.449,244.67,1767033331
0xcf9cf52b1e55d4c7cbc81ec082472ae95fe0b158c5dc296d8f81dde394fc6add_1767033739,0x2c3dce8515854f167dc523745a6b9d98d22ec9266d9f4921f62fd3e4bf1cfa1b,0xc9baa5db555e0b0752acc353f4f1c30c5160556a,BUY,110290742709531333936637417418570910881285907663357514844586483587588568832794,0.596,6.3,1767033739
0x66b9d3f92932c58c0e06b412ae2b72d8f1ef1343605a82d469ca7b9ec7d429ca_1767033769,0x2c3dce8515854f167dc523745a6b9d98d22ec9266d9f4921f62fd3e4bf1cfa1b,0x05c7a17697196901916c8a83373c51218d2c4421,BUY,86498068750018438192524977941980476748299785729870940867089250086714498791178,0.449,12.87,1767033769
0x2bac586391fac0d46faf9b34e26c14268111107dab2e81b6e0f49f593c210464_1767033923,0x2c3dce8515854f167dc523745a6b9d98d22ec9266d9f4921f62fd3e4bf1cfa1b,0x7d51f58c68b427d113d5c84b508161d4e0286f1f,BUY,110290742709531333936637417418570910881285907663357514844586483587588568832794,0.6007679033649698,23.18,1767033923
0x6b41c1fa5dcc322c70391c0dfd08048150abe95f6a66503cbaeb45ed2f86abd3_1767033957,0x2c3dce8515854f167dc523745a6b9d98d22ec9266d9f4921f62fd3e4bf1cfa1b,0x7d51f58c68b427d113d5c84b508161d4e0286f1f,BUY,110290742709531333936637417418570910881285907663357514844586483587588568832794,0.638,20.37,1767033957
0x3f0fc17d8a9803991b419bd74489ada5e01e0fe73bce08bd658d85bcaaf45380_1767033997,0x2c3dce8515854f167dc523745a6b9d98d22ec9266d9f4921f62fd3e4bf1cfa1b,0x4ffe49ba2a4cae123536a8af4fda48faeb609f71,BUY,86498068750018438192524977941980476748299785729870940867089250086714498791178,0.366,14.26,1767033997
0x792a99ad709fa056bf94b4372ae421d8e1110ec7a85e31ad1399503d4cd4ef62_1767034039,0x2c3dce8515854f167dc523745a6b9d98d22ec9266d9f4921f62fd3e4bf1cfa1b,0x7d51f58c68b427d113d5c84b508161d4e0286f1f,BUY,110290742709531333936637417418570910881285907663357514844586483587588568832794,0.632,7.63,1767034039
0x9ed7d810cf848ee53c9ab53746c30e99fc7d31ba2ea82569c433bb09b2fac12d_1767034041,0x2c3dce8515854f167dc523745a6b9d98d22ec9266d9f4921f62fd3e4bf1cfa1b,0x7d51f58c68b427d113d5c84b508161d4e0286f1f,BUY,110290742709531333936637417418570910881285907663357514844586483587588568832794,0.634,9.74,1767034041
0xf2aa32f2c40c36819b348c1a1d776aaf5822caa007d5807148cd09eff74f0a58_1767034089,0x2c3dce8515854f167dc523745a6b9d98d22ec9266d9f4921f62fd3e4bf1cfa1b,0xd22392a640b5bd9332ffebb71cb4451fc11e2b92,BUY,86498068750018438192524977941980476748299785729870940867089250086714498791178,0.4445045498258319,35.927639,1767034089
0x4ff42bca304860de9b90ac27bfe5bc731240633b3f173eafcb8c3988f2858e80_1767034251,0x2c3dce8515854f167dc523745a6b9d98d22ec9266d9f4921f62fd3e4bf1cfa1b,0xbe529f3c699cc19b8e11d207a3c2fb8cb35432c5,BUY,110290742709531333936637417418570910881285907663357514844586483587588568832794,0.621,17.6,1767034251
0x73833aaa680fc2bc298cd472b8e641762fa637a82b169dda9f2c21eaa112a212_1767034267,0x2c3dce8515854f167dc523745a6b9d98d22ec9266d9f4921f62fd3e4bf1cfa1b,0x29cf6be13494a1a8e11ac7a4da2a6ae25d7a91bc,BUY,110290742709531333936637417418570910881285907663357514844586483587588568832794,0.6339999400235937,15.772869,1767034267
0xb1dee0ced3dc4c813a1f565c9a68b19ab51516b7c94ffb085fcad55bde30e085_1767034281,0x2c3dce8515854f167dc523745a6b9d98d22ec9266d9f4921f62fd3e4bf1cfa1b,0x98937189dd66c67995c75623803964faa172b2ce,BUY,86498068750018438192524977941980476748299785729870940867089250086714498791178,0.42899993843847806,4.662003,1767034281
0xc2ad46bb9987ee280e9c528ffb5623d2cc49912ffb656f7e3838b62fe135e059_1767034289,0x2c3dce8515854f167dc523745a6b9d98d22ec9266d9f4921f62fd3e4bf1cfa1b,0xbe529f3c699cc19b8e11d207a3c2fb8cb35432c5,BUY,110290742709531333936637417418570910881285907663357514844586483587588568832794,0.64,16.0,1767034289
0x309af705e5929451ec91b360984ecaa33725ffd6fc38c082d9f9fb42e732f7b5_1767034293,0x2c3dce8515854f167dc523745a6b9d98d22ec9266d9f4921f62fd3e4bf1cfa1b,0xf18f338022da2ee5d6e71d7df69095ce5645294c,SELL,86498068750018438192524977941980476748299785729870940867089250086714498791178,0.359,8.0,1767034293
0x07837b737ed19f00f0c93706d40d92d6b01a8f43a9d4ac78aaef4e9eb44b8de4_1767034293,0x2c3dce8515854f167dc523745a6b9d98d22ec9266d9f4921f62fd3e4bf1cfa1b,0xbe529f3c699cc19b8e11d207a3c2fb8cb35432c5,BUY,110290742709531333936637417418570910881285907663357514844586483587588568832794,0.6408545454545455,55.0,1767034293
0x35a7d660d8bd0dbfea84acbca783fbdf695996ccd3f67d23e711e110a6fff7e2_1767034293,0x2c3dce8515854f167dc523745a6b9d98d22ec9266d9f4921f62fd3e4bf1cfa1b,0x5188fa0e8a77e87bc6a58e6781fdfc4e165cc804,BUY,86498068750018438192524977941980476748299785729870940867089250086714498791178,0.447469105,2000.0,1767034293
0xe5fb028f7bfcaae7eeb3cd5742505c554267fe46aa54ceecd53cfd96a5da7a4c_1767034301,0x2c3dce8515854f167dc523745a6b9d98d22ec9266d9f4921f62fd3e4bf1cfa1b,0x5779c903835efccd137b2535845477eccd5d168d,SELL,86498068750018438192524977941980476748299785729870940867089250086714498791178,0.24941993957703928,13.24,1767034301
0x7ad4a03bd826d854b5f31b0a6ded72ca04a0c47e7acce3c00b2538e40a408e27_1767034669,0x2c3dce8515854f167dc523745a6b9d98d22ec9266d9f4921f62fd3e4bf1cfa1b,0x61f29adc2e39db440150734393c1a5bd5d481d6e,BUY,110290742709531333936637417418570910881285907663357514844586483587588568832794,0.6699999195999292,1.492536,1767034669
0x276d1afd1297618974417699a92bb3415a99f8343af3f14509b7d4ba194af6f1_1767034711,0x2c3dce8515854f167dc523745a6b9d98d22ec9266d9f4921f62fd3e4bf1cfa1b,0x706ccfd82f8920e30264d7a23f220c71c9217752,BUY,86498068750018438192524977941980476748299785729870940867089250086714498791178,0.421743729018568,219.612036,1767034711
0x916dc91b215e842c03419ecbbcc9d64304ce74fdf7f47e76c9915a606d85941c_1767034779,0x2c3dce8515854f167dc523745a6b9d98d22ec9266d9f4921f62fd3e4bf1cfa1b,0xc34a4af2e3a818fdcdfaa7b5b140eca017ae6007,BUY,110290742709531333936637417418570910881285907663357514844586483587588568832794,0.682,15.56,1767034779
0xc532db0f0c754ce8c8b7e381f16ce5eb24464e49a1e70fb60a1f5dd2d0397efb_1767034869,0x2c3dce8515854f167dc523745a6b9d98d22ec9266d9f4921f62fd3e4bf1cfa1b,0x951deb42f26e7e3580ebd98e93a96c60306cf79f,BUY,86498068750018438192524977941980476748299785729870940867089250086714498791178,0.42014958840877636,11.900521,1767034869
0xaeee451af099606828f7531f26227983ce318ad942f1146a6890441faafd82eb_1767034981,0x2c3dce8515854f167dc523745a6b9d98d22ec9266d9f4921f62fd3e4bf1cfa1b,0x1c1e841584db14084e10e7dca2ad0ab7b60dbfe7,BUY,86498068750018438192524977941980476748299785729870940867089250086714498791178,0.4219237,200.0,1767034981
0xcadb33471cf648f3ba843667f8233058e0d1fed34e417dff7d2abe7a11eca9ba_1767034989,0x2c3dce8515854f167dc523745a6b9d98d22ec9266d9f4921f62fd3e4bf1cfa1b,0x26be5b2ef2ae5e65ed3a15f79e7abdcc110dd699,BUY,86498068750018438192524977941980476748299785729870940867089250086714498791178,0.422,7.99,1767034989
0xf89341e23472917caf2b76e1a28983364ae56aa4ab262dab58356a038d17f1b5_1767034999,0x2c3dce8515854f167dc523745a6b9d98d22ec9266d9f4921f62fd3e4bf1cfa1b,0x5188fa0e8a77e87bc6a58e6781fdfc4e165cc804,BUY,86498068750018438192524977941980476748299785729870940867089250086714498791178,0.42319038043915386,372.99,1767034999
0x0acfdc3b347e6d4b86d4876acab12908c65071aa764ca5ea25222342abd8f09c_1767035099,0x2c3dce8515854f167dc523745a6b9d98d22ec9266d9f4921f62fd3e4bf1cfa1b,0x91878b5552e7dee2514e1f31f8e4809781565429,BUY,110290742709531333936637417418570910881285907663357514844586483587588568832794,0.5789999965259965,1.727114,1767035099
0x2565ed8957782a724600fdbdb9fa8bae782bfcfe32f397a9ec1bf974296cfb96_1767035111,0x2c3dce8515854f167dc523745a6b9d98d22ec9266d9f4921f62fd3e4bf1cfa1b,0x6268011cdc123d7ab44cabdef70b7a571f286031,BUY,86498068750018438192524977941980476748299785729870940867089250086714498791178,0.44434964985247594,22.5048,1767035111
0x04291bbea585150584d1d4898ac0152141e3d26b72e614a2e572c44a99701c99_1767035167,0x2c3dce8515854f167dc523745a6b9d98d22ec9266d9f4921f62fd3e4bf1cfa1b,0x74c3f65f6ffc0bfcca6628502a5c4d04578cbbe6,BUY,86498068750018438192524977941980476748299785729870940867089250086714498791178,0.45016414622478007,48.87106,1767035167
0x9152e52faff0b291907ad2f3181c16ee31a3689e26e4bce353b4a7f78248c8d9_1767035175,0x2c3dce8515854f167dc523745a6b9d98d22ec9266d9f4921f62fd3e4bf1cfa1b,0x3a56a469d6457f779f18869f92f23878cc39387c,BUY,110290742709531333936637417418570910881285907663357514844586483587588568832794,0.548,5.0,1767035175
0xe660ffbc37975d4e058e20b1aa146b034d0bff089c48b1875cfd98dd06e50501_1767035175,0x2c3dce8515854f167dc523745a6b9d98d22ec9266d9f4921f62fd3e4bf1cfa1b,0x01fa3b6bba01437da6235ac67a3a7205955cc2ed,BUY,86498068750018438192524977941980476748299785729870940867089250086714498791178,0.45162528103922056,80.06,1767035175
0x7afd72bde3b1bc7cc09921f612637b5e662bbe25a314b4ba15b57c361306e041_1767035195,0x2c3dce8515854f167dc523745a6b9d98d22ec9266d9f4921f62fd3e4bf1cfa1b,0x6268011cdc123d7ab44cabdef70b7a571f286031,BUY,86498068750018438192524977941980476748299785729870940867089250086714498791178,0.48999998137999884,20.408162,1767035195
0x753b89e3f4b4087da7bbc3788c6d07db13d3c4e763c2947c0fccf530e92ea784_1767035197,0x2c3dce8515854f167dc523745a6b9d98d22ec9266d9f4921f62fd3e4bf1cfa1b,0xa5fda0340959e67ef9de8bc5caf1c502c6f736d1,BUY,86498068750018438192524977941980476748299785729870940867089250086714498791178,0.49,378.79,1767035197
0x093f7faffaaa7cd8702f55babd1d7770c2bef2ac9c61bb04f011a8afc7f8e79a_1767035217,0x2c3dce8515854f167dc523745a6b9d98d22ec9266d9f4921f62fd3e4bf1cfa1b,0x4a04116b6f1d04b1c8cc25044059cc061fd31993,BUY,86498068750018438192524977941980476748299785729870940867089250086714498791178,0.58,5.0,1767035217
0x3c604810bbd07c307827de0b83843ce0d8fceab0e68d57d46007d9a4a1bdc3fd_1767035225,0x2c3dce8515854f167dc523745a6b9d98d22ec9266d9f4921f62fd3e4bf1cfa1b,0x4a04116b6f1d04b1c8cc25044059cc061fd31993,BUY,86498068750018438192524977941980476748299785729870940867089250086714498791178,0.718,46.44,1767035225
0xfc26d8f99fc428f48740671c3151d22a934d98e5745153a8a311c50e9fd356d7_1767035251,0x2c3dce8515854f167dc523745a6b9d98d22ec9266d9f4921f62fd3e4bf1cfa1b,0x0e1005d2daaf1e01b357a9dedd032c283d75b1ff,BUY,110290742709531333936637417418570910881285907663357514844586483587588568832794,0.509,10.0,1767035251
0x56e114715888573fef19e1ac7df1a36830911b83fb295cbb4fa430254aa95d61_1767035637,0x2c3dce8515854f167dc523745a6b9d98d22ec9266d9f4921f62fd3e4bf1cfa1b,0x0e1005d2daaf1e01b357a9dedd032c283d75b1ff,BUY,110290742709531333936637417418570910881285907663357514844586483587588568832794,0.49,10.0,1767035637
0x118b3ff415de731075533007492749680afc416e3a481ce0f3e1a015f410b10a_1767035673,0x2c3dce8515854f167dc523745a6b9d98d22ec9266d9f4921f62fd3e4bf1cfa1b,0x706ccfd82f8920e30264d7a23f220c71c9217752,SELL,86498068750018438192524977941980476748299785729870940867089250086714498791178,0.5059011429352033,219.61,1767035673
0xc89f37b29ff272d13df7c135d06e6550fe375895f67c712c91b0feec01721486_1767035747,0x2c3dce8515854f167dc523745a6b9d98d22ec9266d9f4921f62fd3e4bf1cfa1b,0x9f128322dcbc1ae5498a13e1222996b406712640,BUY,110290742709531333936637417418570910881285907663357514844586483587588568832794,0.4979997818758774,2.008031,1767035747
0x4af5a3bc865d4445fcd38dca548d1a9ab443cd2cdc8fec9d378fdf71e568c410_1767035841,0x2c3dce8515854f167dc523745a6b9d98d22ec9266d9f4921f62fd3e4bf1cfa1b,0x956275dec8fac9e6d8224b57146186444c75474f,BUY,110290742709531333936637417418570910881285907663357514844586483587588568832794,0.49799999020599856,12.048191,1767035841
0x21bd403fc9c5a1cbb8bedcb0a5144819661b84b4868cab072cdefb80acd8b49c_1767035891,0x2c3dce8515854f167dc523745a6b9d98d22ec9266d9f4921f62fd3e4bf1cfa1b,0xbe529f3c699cc19b8e11d207a3c2fb8cb35432c5,SELL,110290742709531333936637417418570910881285907663357514844586483587588568832794,0.4264077373974209,170.6,1767035891
0xa8a5b928c357446906d49b6b77c1e815fb242959e13e6309adba5c2c381fb41e_1767035919,0x2c3dce8515854f167dc523745a6b9d98d22ec9266d9f4921f62fd3e4bf1cfa1b,0x0e1005d2daaf1e01b357a9dedd032c283d75b1ff,BUY,110290742709531333936637417418570910881285907663357514844586483587588568832794,0.498,10.0,1767035919
0xef51c2185372d8be560bafe886c7b857ecdf4ff72a57aec1db377d3bda905833_1767035923,0x2c3dce8515854f167dc523745a6b9d98d22ec9266d9f4921f62fd3e4bf1cfa1b,0xbecf1d3e716a4f79ab0c451d700807eae2143cf7,BUY,86498068750018438192524977941980476748299785729870940867089250086714498791178,0.5899998465998865,1.694914,1767035923
0x752507332d59142005ed3fb4b69dd43a11cb258bfdcf528f0ad2e27cdd31bc83_1767035949,0x2c3dce8515854f167dc523745a6b9d98d22ec9266d9f4921f62fd3e4bf1cfa1b,0x0e1005d2daaf1e01b357a9dedd032c283d75b1ff,BUY,110290742709531333936637417418570910881285907663357514844586483587588568832794,0.49826,5.0,1767035949
0xb0224b76c7000fc23cf1a70c75e589c71a1183d607f01332583f6c2275730cd4_1767036041,0x2c3dce8515854f167dc523745a6b9d98d22ec9266d9f4921f62fd3e4bf1cfa1b,0x3f55833b937eda834c7d5d1457669d6890e4d64c,BUY,110290742709531333936637417418570910881285907663357514844586483587588568832794,0.5679999333546523,5.281689,1767036041
0xb7a67d6ed482f9c23df986c098a4f3f83024d96609cad44ff7967ed2c603c7fd_1767036121,0x2c3dce8515854f167dc523745a6b9d98d22ec9266d9f4921f62fd3e4bf1cfa1b,0xa8db1acf83d9a28cf1c892af6b493ee0bd47bbdd,BUY,110290742709531333936637417418570910881285907663357514844586483587588568832794,0.5435673042929211,18.396984,1767036121
0x7d1e35902c4d58498e4fc1a89c14606cb4f4350ab550380217772f79a96f32fa_1767036141,0x2c3dce8515854f167dc523745a6b9d98d22ec9266d9f4921f62fd3e4bf1cfa1b,0x262a9a559c959f18a48444bd652262e94c664e7e,SELL,86498068750018438192524977941980476748299785729870940867089250086714498791178,0.4561822789234533,57.22,1767036141
0x61d89c4af44737f4ee3c924b61b6781a3e0bf8055a13cf8fb7a95dc320fe93ff_1767036309,0x2c3dce8515854f167dc523745a6b9d98d22ec9266d9f4921f62fd3e4bf1cfa1b,0x4a04116b6f1d04b1c8cc25044059cc061fd31993,SELL,86498068750018438192524977941980476748299785729870940867089250086714498791178,0.4562880981101729,49.74,1767036309
0x444963b645888be7ba1bfe0aaabce79a822626963198b847912b2b50d67da84d_1767036311,0x2c3dce8515854f167dc523745a6b9d98d22ec9266d9f4921f62fd3e4bf1cfa1b,0xa8db1acf83d9a28cf1c892af6b493ee0bd47bbdd,BUY,110290742709531333936637417418570910881285907663357514844586483587588568832794,0.5439999782399966,18.38235,1767036311
0x74484a93392169e748a423e87c6059b8e9976f0a55b3224fd3222d7ac8c86157_1767036361,0x2c3dce8515854f167dc523745a6b9d98d22ec9266d9f4921f62fd3e4bf1cfa1b,0x016c683d70b0bf712b56aef28c0c18280d2eae19,BUY,86498068750018438192524977941980476748299785729870940867089250086714498791178,0.6865430086328133,33.297257,1767036361
0x16fcedcb24fd162827d818de1b01987f3d8330c8f95966e29169bf5f1aec24e6_1767036471,0x2c3dce8515854f167dc523745a6b9d98d22ec9266d9f4921f62fd3e4bf1cfa1b,0xbe529f3c699cc19b8e11d207a3c2fb8cb35432c5,BUY,110290742709531333936637417418570910881285907663357514844586483587588568832794,0.45,5.0,1767036471
0x752573351ea13ec11fea730c0c1f19f582501cddef7a3bf255222b75e390286a_1767036549,0x2c3dce8515854f167dc523745a6b9d98d22ec9266d9f4921f62fd3e4bf1cfa1b,0xbe529f3c699cc19b8e11d207a3c2fb8cb35432c5,BUY,110290742709531333936637417418570910881285907663357514844586483587588568832794,0.543,100.0,1767036549
0x91d6c2c392b86c29a75842c103269644fadaa795469fc4d5ed3ab3ae55968a27_1767036555,0x2c3dce8515854f167dc523745a6b9d98d22ec9266d9f4921f62fd3e4bf1cfa1b,0xbe529f3c699cc19b8e11d207a3c2fb8cb35432c5,BUY,110290742709531333936637417418570910881285907663357514844586483587588568832794,0.544,88.7,1767036555
0xf4d7730c84d9708c7283ce389adc250c444284da1a656e1b5b78e6afc593dd23_1767036569,0x2c3dce8515854f167dc523745a6b9d98d22ec9266d9f4921f62fd3e4bf1cfa1b,0xbe529f3c699cc19b8e11d207a3c2fb8cb35432c5,BUY,110290742709531333936637417418570910881285907663357514844586483587588568832794,0.545,100.0,1767036569
0xdbaec2ed30907d855a134cef226ff4bc442156e030f20fa65a4976d34241b41a_1767036983,0x2c3dce8515854f167dc523745a6b9d98d22ec9266d9f4921f62fd3e4bf1cfa1b,0xbe529f3c699cc19b8e11d207a3c2fb8cb35432c5,BUY,110290742709531333936637417418570910881285907663357514844586483587588568832794,0.5,50.0,1767036983
0xba2bfd311da1e12c7f65afe2e0e771bc62f01f381f002614f00baf28207098e8_1767037065,0x2c3dce8515854f167dc523745a6b9d98d22ec9266d9f4921f62fd3e4bf1cfa1b,0x0e1005d2daaf1e01b357a9dedd032c283d75b1ff,BUY,110290742709531333936637417418570910881285907663357514844586483587588568832794,0.489,10.0,1767037065
0xa96627fbbfcda16c50bc1ca410aaf2e2e30affe552ae9f05de09f36b69543693_1767037195,0x2c3dce8515854f167dc523745a6b9d98d22ec9266d9f4921f62fd3e4bf1cfa1b,0x0e1005d2daaf1e01b357a9dedd032c283d75b1ff,BUY,110290742709531333936637417418570910881285907663357514844586483587588568832794,0.487,10.0,1767037195
0x9e10ed64d2dcfcc369eb78596d5dde9d03afc855a7dce32543025a5fb200c57f_1767037311,0x2c3dce8515854f167dc523745a6b9d98d22ec9266d9f4921f62fd3e4bf1cfa1b,0xbe529f3c699cc19b8e11d207a3c2fb8cb35432c5,SELL,110290742709531333936637417418570910881285907663357514844586483587588568832794,0.441722,50.0,1767037311
0x80fcd110e7193716800a2cde595fade19e2c0b5e5213f9e23b72599a7f3cae22_1767037333,0x2c3dce8515854f167dc523745a6b9d98d22ec9266d9f4921f62fd3e4bf1cfa1b,0x603eab2a43dc3c9b2399dce0a6310278c06543fe,BUY,110290742709531333936637417418570910881285907663357514844586483587588568832794,0.4878573353766007,286.969138,1767037333
0xc3afe66fdd78ed0f38180d7a6c239d2ab0889c1d7d7922334e36938d7c7eefe7_1767037423,0x2c3dce8515854f167dc523745a6b9d98d22ec9266d9f4921f62fd3e4bf1cfa1b,0x956275dec8fac9e6d8224b57146186444c75474f,BUY,110290742709531333936637417418570910881285907663357514844586483587588568832794,0.487999994794665,6.147539,1767037423
0x17c121f190ff4c895dbdb58f2a9d7cc058f8b0bc52d0bc821874346cf7682519_1767037513,0x2c3dce8515854f167dc523745a6b9d98d22ec9266d9f4921f62fd3e4bf1cfa1b,0x6e1bebf14291b3cb776c35b0f4ea711765764b36,BUY,110290742709531333936637417418570910881285907663357514844586483587588568832794,0.48799998165119884,20.491802,1767037513
0x8eafec36904272eefae9899c595a9425d6bf362918cf1a7b49f9d52f3a266bd3_1767037551,0x2c3dce8515854f167dc523745a6b9d98d22ec9266d9f4921f62fd3e4bf1cfa1b,0x41583f2efc720b8e2682750fffb67f2806fece9f,BUY,110290742709531333936637417418570910881285907663357514844586483587588568832794,0.4895694891312878,127.43,1767037551
0x304ea36eedd29f3c5fc8079f80a06295c4de4494991b403870b305bd1b860b0e_1767037555,0x2c3dce8515854f167dc523745a6b9d98d22ec9266d9f4921f62fd3e4bf1cfa1b,0x051b59049fbda656f161bdda9939607b4a5a09d4,BUY,110290742709531333936637417418570910881285907663357514844586483587588568832794,0.48699998084466584,24.640656,1767037555
0xc16571c206807ef886f819c918eac331cea535a6de2ea026462c65397c83d399_1767037555,0x2c3dce8515854f167dc523745a6b9d98d22ec9266d9f4921f62fd3e4bf1cfa1b,0x0974d7a915229cb770fb43ac46f360dcf964003d,BUY,110290742709531333936637417418570910881285907663357514844586483587588568832794,0.487,63.71,1767037555
0xf9a55a016938661eebbed6f0846aefd8ff3acf7957bab92f7c6f0cff17935c0f_1767037563,0x2c3dce8515854f167dc523745a6b9d98d22ec9266d9f4921f62fd3e4bf1cfa1b,0x3c6bf734a2cdb52debb1d50a43299e1bf0d8c641,BUY,110290742709531333936637417418570910881285907663357514844586483587588568832794,0.48699991039197665,4.620122,1767037563
0x307de43ff9dd5fbb98f6a2d662ad6c08aff3e601027db72acfb36ab0ebae5526_1767037563,0x2c3dce8515854f167dc523745a6b9d98d22ec9266d9f4921f62fd3e4bf1cfa1b,0x025e3abeefa9ab9197d4ada5c5219e68a4218f22,BUY,110290742709531333936637417418570910881285907663357514844586483587588568832794,0.4869999552755029,8.04928,1767037563
0x16c12e4679b58d0103ac6fcc48cba6714b81f6a57bc018af269c45cf980e9c93_1767037563,0x2c3dce8515854f167dc523745a6b9d98d22ec9266d9f4921f62fd3e4bf1cfa1b,0x20904fe4cae7766045e8a00092c67f3118acd42e,BUY,110290742709531333936637417418570910881285907663357514844586483587588568832794,0.48699977159687874,2.053387,1767037563
0x8b57a05e179b60ed8e4701ca97473c0e4cb3ed8f9273c4006a660602fb6d1667_1767037565,0x2c3dce8515854f167dc523745a6b9d98d22ec9266d9f4921f62fd3e4bf1cfa1b,0x917d18318d2707362cc85df0a8b931028857d5df,BUY,110290742709531333936637417418570910881285907663357514844586483587588568832794,0.48699996275881796,9.075974,1767037565
0xfda3d9979de03deedac1e911cc3ef7ce8f7ae769b1196fe9692e926e94caa6d6_1767037579,0x2c3dce8515854f167dc523745a6b9d98d22ec9266d9f4921f62fd3e4bf1cfa1b,0xe2daacf7238349851019238517c98d2f722174e3,BUY,110290742709531333936637417418570910881285907663357514844586483587588568832794,0.487,14.01,1767037579
0x38492af3833220a78d4ada5cebca4f0d926f0534db1bb7c0f2ad5287cda6b47f_1767037579,0x2c3dce8515854f167dc523745a6b9d98d22ec9266d9f4921f62fd3e4bf1cfa1b,0xe2daacf7238349851019238517c98d2f722174e3,BUY,110290742709531333936637417418570910881285907663357514844586483587588568832794,0.487,14.01,1767037579
0x0c9d3d6da63ffb0573632983ca02c8e58fd5079060e85aadc3c70f086bf7f66a_1767037579,0x2c3dce8515854f167dc523745a6b9d98d22ec9266d9f4921f62fd3e4bf1cfa1b,0xe2daacf7238349851019238517c98d2f722174e3,BUY,110290742709531333936637417418570910881285907663357514844586483587588568832794,0.487,14.01,1767037579
0xd81fae4d029458b04cdb5c127cfe900ba03edfd2db3fcb4e15f9204e647066a9_1767037645,0x2c3dce8515854f167dc523745a6b9d98d22ec9266d9f4921f62fd3e4bf1cfa1b,0xbe529f3c699cc19b8e11d207a3c2fb8cb35432c5,BUY,110290742709531333936637417418570910881285907663357514844586483587588568832794,0.487,100.0,1767037645
0xa1359b68e12ec9e0d4e3c2161d97ee8d569c95affac670e89534cbe6aeeb7e58_1767037849,0x2c3dce8515854f167dc523745a6b9d98d22ec9266d9f4921f62fd3e4bf1cfa1b,0x2e471da398e65ba163a83f7d09471738fad13715,BUY,86498068750018438192524977941980476748299785729870940867089250086714498791178,0.56,20.0,1767037849
0x4bf1992c5d01a6feae8f87b03b5ce548f9ecf68e411e190f69df4ae225d5502e_1767037857,0x2c3dce8515854f167dc523745a6b9d98d22ec9266d9f4921f62fd3e4bf1cfa1b,0x41583f2efc720b8e2682750fffb67f2806fece9f,SELL,110290742709531333936637417418570910881285907663357514844586483587588568832794,0.434,127.43,1767037857
0xdc51339751a59a2e6db68fd6a6260664ae2cae7b51d4cbee6a2e83da6af7febe_1767037861,0x2c3dce8515854f167dc523745a6b9d98d22ec9266d9f4921f62fd3e4bf1cfa1b,0x051b59049fbda656f161bdda9939607b4a5a09d4,SELL,110290742709531333936637417418570910881285907663357514844586483587588568832794,0.4320775162337662,24.64,1767037861
0xfbcb3ca9459e0085fc8fc56e2d1c5dafce0f9e59591c908fcf6d04749917f744_1767037861,0x2c3dce8515854f167dc523745a6b9d98d22ec9266d9f4921f62fd3e4bf1cfa1b,0x0974d7a915229cb770fb43ac46f360dcf964003d,SELL,110290742709531333936637417418570910881285907663357514844586483587588568832794,0.434,63.71,1767037861
0x8484fbbd7a7cbde9836c5b29bf9832174d7b80353feddc89658c1b9d0b87c341_1767037869,0x2c3dce8515854f167dc523745a6b9d98d22ec9266d9f4921f62fd3e4bf1cfa1b,0x917d18318d2707362cc85df0a8b931028857d5df,SELL,110290742709531333936637417418570910881285907663357514844586483587588568832794,0.431,9.07,1767037869
0xff7d6a487a6c5a26f69a9b6176a9d9e80a1e3fa9758925d3c8b3f1fa74863c81_1767037871,0x2c3dce8515854f167dc523745a6b9d98d22ec9266d9f4921f62fd3e4bf1cfa1b,0x025e3abeefa9ab9197d4ada5c5219e68a4218f22,SELL,110290742709531333936637417418570910881285907663357514844586483587588568832794,0.431,8.04,1767037871
0x49a33bd1d74cff1098fbc90eaf07f0e35bdf34e70a30c68e52a28e6811000b75_1767037871,0x2c3dce8515854f167dc523745a6b9d98d22ec9266d9f4921f62fd3e4bf1cfa1b,0x20904fe4cae7766045e8a00092c67f3118acd42e,SELL,110290742709531333936637417418570910881285907663357514844586483587588568832794,0.431,2.05,1767037871
0x93955c95ece2ebfb061dce1777d51a3d9fd91bc73d5f96650857b649dd93ec55_1767037871,0x2c3dce8515854f167dc523745a6b9d98d22ec9266d9f4921f62fd3e4bf1cfa1b,0x3c6bf734a2cdb52debb1d50a43299e1bf0d8c641,SELL,110290742709531333936637417418570910881285907663357514844586483587588568832794,0.431,4.62,1767037871
0xfcea82f42b43ff03a0de87334fc81e4f63011ff8940abd19fc1958efca25d15f_1767037877,0x2c3dce8515854f167dc523745a6b9d98d22ec9266d9f4921f62fd3e4bf1cfa1b,0x2e471da398e65ba163a83f7d09471738fad13715,BUY,86498068750018438192524977941980476748299785729870940867089250086714498791178,0.57,35.0,1767037877
0x9b43cc177f6d62fb312d41f3b15ca47e1acafa827efeffeec3b7afaf4c5e6600_1767037879,0x2c3dce8515854f167dc523745a6b9d98d22ec9266d9f4921f62fd3e4bf1cfa1b,0x65088561dd219c249cf9350de37d9c9065961077,BUY,86498068750018438192524977941980476748299785729870940867089250086714498791178,0.5689999898148992,17.574691,1767037879
0x0443d3ac063214158526b63189f9f8623b68f05f674b0de73a4db35cde73beee_1767037883,0x2c3dce8515854f167dc523745a6b9d98d22ec9266d9f4921f62fd3e4bf1cfa1b,0xe2daacf7238349851019238517c98d2f722174e3,SELL,110290742709531333936637417418570910881285907663357514844586483587588568832794,0.43,42.03,1767037883
0x544b4bf2191eb1142fbce81c3f655dedf97482cf7bd1db5f714934417eab6e6d_1767038089,0x2c3dce8515854f167dc523745a6b9d98d22ec9266d9f4921f62fd3e4bf1cfa1b,0x6c22360cd4f20727ea4c2a791773fd4fb2d98881,BUY,110290742709531333936637417418570910881285907663357514844586483587588568832794,0.4499997974998886,2.222221,1767038089
0x6b81170e97c20790229ffc30a64bb608272a259af869961b5c56d18d82dec9b3_1767038091,0x2c3dce8515854f167dc523745a6b9d98d22ec9266d9f4921f62fd3e4bf1cfa1b,0x2f5862f865bd80baa089719a2824c845b333129a,SELL,86498068750018438192524977941980476748299785729870940867089250086714498791178,0.55,132.77,1767038091
0xa79f04c9c93254951f9b0c7fda2584a049848202bcf4671c33d0734c9eb196f2_1767038097,0x2c3dce8515854f167dc523745a6b9d98d22ec9266d9f4921f62fd3e4bf1cfa1b,0x5b0a274c2b0310f60da3e2eb10eb4cff84d4c378,BUY,86498068750018438192524977941980476748299785729870940867089250086714498791178,0.6027087067565841,165.917628,1767038097
0x3d569c1fc1d2fade7bae1fec9cce896eb0eee92c6e266455b814ec026ee820e2_1767038157,0x2c3dce8515854f167dc523745a6b9d98d22ec9266d9f4921f62fd3e4bf1cfa1b,0x6c22360cd4f20727ea4c2a791773fd4fb2d98881,SELL,110290742709531333936637417418570910881285907663357514844586483587588568832794,0.471,2.22,1767038157
0xe378b06b472e996859ba7266f98143ec802f53b3b68357d90e3acd0edf204d69_1767038177,0x2c3dce8515854f167dc523745a6b9d98d22ec9266d9f4921f62fd3e4bf1cfa1b,0xbe529f3c699cc19b8e11d207a3c2fb8cb35432c5,BUY,110290742709531333936637417418570910881285907663357514844586483587588568832794,0.4864548,100.0,1767038177
0x41477a27ef4030cffdc6c248495a7e18b8cd978b8966db9bbecad5a1d2f524dd_1767038187,0x2c3dce8515854f167dc523745a6b9d98d22ec9266d9f4921f62fd3e4bf1cfa1b,0x956275dec8fac9e6d8224b57146186444c75474f,BUY,110290742709531333936637417418570910881285907663357514844586483587588568832794,0.48599991494997236,4.115225,1767038187
0x83e70097fa8b0baafe756433ec8b35d4c727de710a84fc80b790f8e12aabc765_1767038225,0x2c3dce8515854f167dc523745a6b9d98d22ec9266d9f4921f62fd3e4bf1cfa1b,0xbe529f3c699cc19b8e11d207a3c2fb8cb35432c5,BUY,110290742709531333936637417418570910881285907663357514844586483587588568832794,0.4869492,350.0,1767038225
0x9c0b4593336f9bb8f0e876ea035a8e80d21b0a1508ca710ed7b3a8b70a5a5810_1767038225,0x2c3dce8515854f167dc523745a6b9d98d22ec9266d9f4921f62fd3e4bf1cfa1b,0x033025f6cede59b115a49446d0208586ba47eb8f,BUY,86498068750018438192524977941980476748299785729870940867089250086714498791178,0.528,15.36,1767038225
0xfd4fc900dcc1b267e4760774f3e5c1bee90725ce9b43766cb98768b686b5532a_1767038285,0x2c3dce8515854f167dc523745a6b9d98d22ec9266d9f4921f62fd3e4bf1cfa1b,0xbe529f3c699cc19b8e11d207a3c2fb8cb35432c5,BUY,110290742709531333936637417418570910881285907663357514844586483587588568832794,0.487,6.0,1767038285
0xbe11050cc2ef6201e2b97a750257042f871f20f00dcb67d5ae7a11aba588a012_1767038297,0x2c3dce8515854f167dc523745a6b9d98d22ec9266d9f4921f62fd3e4bf1cfa1b,0xf71061cce6d1ab8aaef8f6928a4fdb5dfe15edc9,BUY,110290742709531333936637417418570910881285907663357514844586483587588568832794,0.487,12.09,1767038297
0xb608457814ebed365387d7411425e4d9aed064066f6a17236b790db5dc615196_1767038393,0x2c3dce8515854f167dc523745a6b9d98d22ec9266d9f4921f62fd3e4bf1cfa1b,0x2f5862f865bd80baa089719a2824c845b333129a,SELL,86498068750018438192524977941980476748299785729870940867089250086714498791178,0.408,5.34,1767038393
0x0351c1017cfe6346b5b0765ab919517b31c4e54401fad5e58e5150cf3f4b17aa_1767038765,0x2c3dce8515854f167dc523745a6b9d98d22ec9266d9f4921f62fd3e4bf1cfa1b,0x1d12b03e647b9d7f07bcabaeb68d010f5384ab54,BUY,110290742709531333936637417418570910881285907663357514844586483587588568832794,0.578999999522325,69.084627,1767038765
0x02a7be6d8bfd45209e17ce8ffea2f8783e936d18813d508dbe68a828abebd38b_1767038773,0x2c3dce8515854f167dc523745a6b9d98d22ec9266d9f4921f62fd3e4bf1cfa1b,0xbe529f3c699cc19b8e11d207a3c2fb8cb35432c5,BUY,110290742709531333936637417418570910881285907663357514844586483587588568832794,0.58617305,800.0,1767038773
0x4939ca492c29d4e711d1a16fe5aecf7bccac02a18f1c138e71d91d51fd073adb_1767038955,0x2c3dce8515854f167dc523745a6b9d98d22ec9266d9f4921f62fd3e4bf1cfa1b,0x0c1352d0db3e2b25f8dd86e2572922006c606c24,SELL,86498068750018438192524977941980476748299785729870940867089250086714498791178,0.4221691836734694,49.0,1767038955
0x757014f34a95680567387d337ae737afc8cebef7617f2ab4ea3ee7e091374535_1767038987,0x2c3dce8515854f167dc523745a6b9d98d22ec9266d9f4921f62fd3e4bf1cfa1b,0x0c1352d0db3e2b25f8dd86e2572922006c606c24,SELL,86498068750018438192524977941980476748299785729870940867089250086714498791178,0.421,50.0,1767038987
0x926e4c0f63c4a7ab10d7ae131f0af31854bbc75841a820ee4cea439c7ba1b0ab_1767039061,0x2c3dce8515854f167dc523745a6b9d98d22ec9266d9f4921f62fd3e4bf1cfa1b,0x300f731f044a7fe9e50daab6f9fc3f319b61d366,SELL,86498068750018438192524977941980476748299785729870940867089250086714498791178,0.421,46.08,1767039061
0xcf82be32f8debb39bb52cfa1e3c217d24cf6548893e3a602aede91d9a18a1fd6_1767039079,0x2c3dce8515854f167dc523745a6b9d98d22ec9266d9f4921f62fd3e4bf1cfa1b,0x3797bcdef505679ffb35e26620f8c14c1c8451ee,BUY,86498068750018438192524977941980476748299785729870940867089250086714498791178,0.518,1.9305,1767039079
0xc90333eb2513784e204b20f852438ce8e0601cc205a97e30128408575d1c60b5_1767039115,0x2c3dce8515854f167dc523745a6b9d98d22ec9266d9f4921f62fd3e4bf1cfa1b,0xa3cd50527b4f771e80fab45edf6ff4d14f9403af,BUY,110290742709531333936637417418570910881285907663357514844586483587588568832794,0.5789999903885983,8.635577,1767039115
0x0bef207fd2c6a4bc46f29b5be53dc9c6828048dc870b209123e08def2efc02a7_1767039123,0x2c3dce8515854f167dc523745a6b9d98d22ec9266d9f4921f62fd3e4bf1cfa1b,0x48c8f858db3e753f572e3353ed9405e361377e28,BUY,110290742709531333936637417418570910881285907663357514844586483587588568832794,0.5789999903885983,8.635577,1767039123
0xd51ab94d33c7a45f944d5549fbe0a54fc0cafcad0e2d797f72468b21fb78a0ef_1767039133,0x2c3dce8515854f167dc523745a6b9d98d22ec9266d9f4921f62fd3e4bf1cfa1b,0xd5f846515243f91280963a71a66b1fbb0740ac7b,BUY,86498068750018438192524977941980476748299785729870940867089250086714498791178,0.5179999928308798,48.262547,1767039133
0x2725d5807d2b069d4d86cb4d137ccfca0d80591b4977c1b78e721230df64efb0_1767039223,0x2c3dce8515854f167dc523745a6b9d98d22ec9266d9f4921f62fd3e4bf1cfa1b,0xf0ed9e68e6cd3ee712260abeaec32de56a7d47d8,BUY,86498068750018438192524977941980476748299785729870940867089250086714498791178,0.5177688903941159,1358.23,1767039223
0xbeb5ed7cb7c341ba8349e512b153feab922ff4aef44d0ea7644c6e1fe4525477_1767039229,0x2c3dce8515854f167dc523745a6b9d98d22ec9266d9f4921f62fd3e4bf1cfa1b,0xf0ed9e68e6cd3ee712260abeaec32de56a7d47d8,BUY,86498068750018438192524977941980476748299785729870940867089250086714498791178,0.525,120.0,1767039229
0x1ff04724cfa77feddf00ca65420475fc4dd775bdff0ae7b93a17e3622592c347_1767039237,0x2c3dce8515854f167dc523745a6b9d98d22ec9266d9f4921f62fd3e4bf1cfa1b,0x743dba2242eb96a629f2b10aef8f543c298661da,BUY,86498068750018438192524977941980476748299785729870940867089250086714498791178,0.6,5.1,1767039237
0xaea7e0755caf6bd2ae43b74e98b059b013993ebe4616a963136504a96a5c4b04_1767039369,0x2c3dce8515854f167dc523745a6b9d98d22ec9266d9f4921f62fd3e4bf1cfa1b,0xf8d8be6e8bc241d0ae90f7895348065d310f8d55,SELL,86498068750018438192524977941980476748299785729870940867089250086714498791178,0.34579180458471254,2999.97,1767039369
0x6192c8942a20fbd16c226da2da77babbfd1143d21ed1d645800c74bd39a5d715_1767039377,0x2c3dce8515854f167dc523745a6b9d98d22ec9266d9f4921f62fd3e4bf1cfa1b,0xe7262b3a5cbaa2a1a5c62a4f57d546e4f174dda0,BUY,86498068750018438192524977941980476748299785729870940867089250086714498791178,0.39799980732327767,2.688441,1767039377
0x4402c8a3ef99ec507f84dff2e64b6279ce3a11f5327a30543b9a3d97eb46e3d2_1767039423,0x2c3dce8515854f167dc523745a6b9d98d22ec9266d9f4921f62fd3e4bf1cfa1b,0xdd45e705ee2c41bd1d81da5bcb8ed0e8b30259b2,BUY,86498068750018438192524977941980476748299785729870940867089250086714498791178,0.398,2.31,1767039423
0x6feb08e9cf8de204eb9d7b36f92156313140db84c36dba1fd22d91d5f3e3222f_1767039429,0x2c3dce8515854f167dc523745a6b9d98d22ec9266d9f4921f62fd3e4bf1cfa1b,0xbe529f3c699cc19b8e11d207a3c2fb8cb35432c5,BUY,110290742709531333936637417418570910881285907663357514844586483587588568832794,0.594,10.0,1767039429
0xafa6f5a6158094975f4aacc4bb889e43ec431570697740b262e52d7faf456ad0_1767039447,0x2c3dce8515854f167dc523745a6b9d98d22ec9266d9f4921f62fd3e4bf1cfa1b,0xc77bc7c12cff77cd80de2d3377ce22aec3a6a526,BUY,86498068750018438192524977941980476748299785729870940867089250086714498791178,0.5489999612705341,5.009106,1767039447
0xa249f54e3d9e34cef6f7b893a3b3b913dae1f7761fa308f33371f8496d0acf3d_1767039453,0x2c3dce8515854f167dc523745a6b9d98d22ec9266d9f4921f62fd3e4bf1cfa1b,0x551e72eda42a5ab39d6d78239a1d9bbb5db6b0e0,BUY,86498068750018438192524977941980476748299785729870940867089250086714498791178,0.5499874918664598,1997.9,1767039453
0xf974bcdffd887d8506f531f65e6748a10503807926e51b4f6f82d1ece01bacde_1767039459,0x2c3dce8515854f167dc523745a6b9d98d22ec9266d9f4921f62fd3e4bf1cfa1b,0x356a7bc9c5aa7553f5a32f54fe616f0639821354,SELL,86498068750018438192524977941980476748299785729870940867089250086714498791178,0.418,8.03,1767039459
0xd9fd3d77d0995276f11446e4800b421dfa9948c6c45701d9e22f1bb532b9c535_1767039465,0x2c3dce8515854f167dc523745a6b9d98d22ec9266d9f4921f62fd3e4bf1cfa1b,0xc77bc7c12cff77cd80de2d3377ce22aec3a6a526,BUY,86498068750018438192524977941980476748299785729870940867089250086714498791178,0.5949999866124992,20.168066,1767039465
0x15f951fe57866642b580d7fb018ec6ec1cfb62f5ac1460f080c4f06cee37279f_1767039529,0x2c3dce8515854f167dc523745a6b9d98d22ec9266d9f4921f62fd3e4bf1cfa1b,0xf0b0ef1d6320c6be896b4c9c54dd74407e7f8cab,SELL,86498068750018438192524977941980476748299785729870940867089250086714498791178,0.55,8.04,1767039529
0x2365141ca134d3e26858598fa5455b6c08e8cff3ad2eb462c6fdf443c5be78b6_1767039547,0x2c3dce8515854f167dc523745a6b9d98d22ec9266d9f4921f62fd3e4bf1cfa1b,0x215adbb63b47d0ca92f849fe2c2dc1adb0f6254c,BUY,110290742709531333936637417418570910881285907663357514844586483587588568832794,0.427,20.0,1767039547
0x4faf330ac4ed3fe8f1259ca114711f58fdb0f64b139452a64d0fcbcc3fb93150_1767039573,0x2c3dce8515854f167dc523745a6b9d98d22ec9266d9f4921f62fd3e4bf1cfa1b,0xfe5ec2ad7d65692fd8798be3756a61128e248054,BUY,86498068750018438192524977941980476748299785729870940867089250086714498791178,0.590064269005848,171.0,1767039573
0x08937a991dc9d5c52c3700653a2100ff67310974cd5066ab33b66fc39b2b8544_1767039587,0x2c3dce8515854f167dc523745a6b9d98d22ec9266d9f4921f62fd3e4bf1cfa1b,0xcf6a714618a328c608a1c70cb62a31a6bef3f9d0,BUY,86498068750018438192524977941980476748299785729870940867089250086714498791178,0.5939035117627003,175.98,1767039587
0xae674105f3ee98b07efc89b05e2654ffcf536cf02334be8abf308acb5e64db55_1767039595,0x2c3dce8515854f167dc523745a6b9d98d22ec9266d9f4921f62fd3e4bf1cfa1b,0xd34bf815245d5bcea098cb0ea17df360b5c50004,BUY,110290742709531333936637417418570910881285907663357514844586483587588568832794,0.427,24.0,1767039595
0x79504c45505715b404b35e01eab393d2089079053d359af7ba6027963c78c38f_1767039643,0x2c3dce8515854f167dc523745a6b9d98d22ec9266d9f4921f62fd3e4bf1cfa1b,0x9f7cfbfa899b0ebf3f8592bad33f5bca4b14ac94,BUY,110290742709531333936637417418570910881285907663357514844586483587588568832794,0.54599999796888,183.150182,1767039643
0xb82a5615bbddf3f4143674d73385189c6c3623170f780d46027ae23b3b34181d_1767039663,0x2c3dce8515854f167dc523745a6b9d98d22ec9266d9f4921f62fd3e4bf1cfa1b,0x03d0d65c51235e63805335b85ead75794830d647,BUY,110290742709531333936637417418570910881285907663357514844586483587588568832794,0.415,7.26,1767039663
0x3b5731990820246565cd31c2621484bd4bc5a45ab748412067e49d911cd59397_1767039673,0x2c3dce8515854f167dc523745a6b9d98d22ec9266d9f4921f62fd3e4bf1cfa1b,0x61f29adc2e39db440150734393c1a5bd5d481d6e,SELL,110290742709531333936637417418570910881285907663357514844586483587588568832794,0.425,1.49,1767039673
0x88b9606b991e6021e437b2e82a3413a6f3036897e5c80cf47b6a614cf8980b6b_1767039689,0x2c3dce8515854f167dc523745a6b9d98d22ec9266d9f4921f62fd3e4bf1cfa1b,0x8ebfdc251c6c378d4a3a54a8f15cebfa4b9183ce,BUY,86498068750018438192524977941980476748299785729870940867089250086714498791178,0.573,200.0,1767039689
0x04f6c592546171b7107c8f0d04d0f53eff7ce941a67d7576e560d5b83b538641_1767039721,0x2c3dce8515854f167dc523745a6b9d98d22ec9266d9f4921f62fd3e4bf1cfa1b,0xa41406a76557ae4dfb546a5baa934f88759ad03d,BUY,110290742709531333936637417418570910881285907663357514844586483587588568832794,0.5289999972491994,9.451794,1767039721
0x9c768fa955ee3cde7bf433fc1dcc6985283f30370a2e06ea7ce913b2c905aa29_1767039749,0x2c3dce8515854f167dc523745a6b9d98d22ec9266d9f4921f62fd3e4bf1cfa1b,0xc77bc7c12cff77cd80de2d3377ce22aec3a6a526,BUY,86498068750018438192524977941980476748299785729870940867089250086714498791178,0.57299991839688,5.061081,1767039749
0x0d58a0f3e9743276e36ea35f9d89ffa4d7998a669ae643f38423b533d1434e7c_1767039787,0x2c3dce8515854f167dc523745a6b9d98d22ec9266d9f4921f62fd3e4bf1cfa1b,0xfc129040b6d96c5a2c42b6e813fa0ec67151da22,BUY,86498068750018438192524977941980476748299785729870940867089250086714498791178,0.5717104278043664,103.601397,1767039787
0x7b3b3096a4982e5c50a4ffbced6f8c85a95401ad6bd4b076a45ae13f841013c1_1767039875,0x2c3dce8515854f167dc523745a6b9d98d22ec9266d9f4921f62fd3e4bf1cfa1b,0x7bfc96b7aa091a6000b66c2adfb76c5c37c21a00,BUY,86498068750018438192524977941980476748299785729870940867089250086714498791178,0.5709999678336578,5.253939,1767039875
0xe4204cf59d762fde30e3caa2b042ba74738141324bf1e527df4a13139030e7bb_1767040077,0x2c3dce8515854f167dc523745a6b9d98d22ec9266d9f4921f62fd3e4bf1cfa1b,0x2bea6e535e0f712f62d4a9ddfbede9adf84acd4a,BUY,86498068750018438192524977941980476748299785729870940867089250086714498791178,0.568,20.0,1767040077
0x97e2a7d18415b7f80342cc8c61961cfd631d351ab4a684f4d870c2a793245ad7_1767040313,0x2c3dce8515854f167dc523745a6b9d98d22ec9266d9f4921f62fd3e4bf1cfa1b,0x945a49252f772a10c6ddd1d1e1e24ee20438a48c,SELL,110290742709531333936637417418570910881285907663357514844586483587588568832794,0.442,3.72,1767040313
0x6fe81b3ea60cc3f72774f97f5d9276f28b3290db8046b205c3fa2ca16014abb9_1767040667,0x2c3dce8515854f167dc523745a6b9d98d22ec9266d9f4921f62fd3e4bf1cfa1b,0x7bfc96b7aa091a6000b66c2adfb76c5c37c21a00,BUY,86498068750018438192524977941980476748299785729870940867089250086714498791178,0.5489999407079471,1.821492,1767040667
0xf08540a99db3b7ba7ccbbf95b51efaf1300a8bb9c32471050a8633c7b5c0038e_1767040739,0x2c3dce8515854f167dc523745a6b9d98d22ec9266d9f4921f62fd3e4bf1cfa1b,0x4ea67bdde5af4942a2c8f117730064cbe04ab249,SELL,86498068750018438192524977941980476748299785729870940867089250086714498791178,0.512,153.03,1767040739
0x488e8293e960f38dd8f052304c3e5625cedc2ac1065d998be350e0d8a68be4a4_1767040757,0x2c3dce8515854f167dc523745a6b9d98d22ec9266d9f4921f62fd3e4bf1cfa1b,0xe208cc02257cbc5570e0ddd0a631afab1d934e40,BUY,86498068750018438192524977941980476748299785729870940867089250086714498791178,0.5499999451371489,7.290908,1767040757
0x8586d07d2b3b08e9dd721d10d94c7662251bed13e2bf8f852596664f103020c3_1767040771,0x2c3dce8515854f167dc523745a6b9d98d22ec9266d9f4921f62fd3e4bf1cfa1b,0xec5689fd57135bce0f0568d68f5e7f512243052f,SELL,86498068750018438192524977941980476748299785729870940867089250086714498791178,0.511,10.52,1767040771
0xb9d2e4cf8e198b9e12d397194481a00d06fc2dbd1ba281aa2c5a6fb710305f21_1767040871,0x2c3dce8515854f167dc523745a6b9d98d22ec9266d9f4921f62fd3e4bf1cfa1b,0x2b6512c0d7cac20015b6105650a88ba8ba01ef2c,BUY,86498068750018438192524977941980476748299785729870940867089250086714498791178,0.5369998646758988,1.862196,1767040871
0x278d0b7f560fd98a23174ae5f0ef6378094316b452f678d82f8cfafceb36fae2_1767040889,0x2c3dce8515854f167dc523745a6b9d98d22ec9266d9f4921f62fd3e4bf1cfa1b,0xafe28db36ddf59b319c537231ed93b39b08a34a2,SELL,86498068750018438192524977941980476748299785729870940867089250086714498791178,0.512,7.26,1767040889
0x789537ec4cc765cca8dfbd1ed3345bd4b42c599fb5b4cbb7eefefa39b23cc3d4_1767040909,0x2c3dce8515854f167dc523745a6b9d98d22ec9266d9f4921f62fd3e4bf1cfa1b,0xafe28db36ddf59b319c537231ed93b39b08a34a2,BUY,110290742709531333936637417418570910881285907663357514844586483587588568832794,0.49499996673386426,7.51515,1767040909
0x31f1b8fbec8f63213006d19a2076c37611ee34a200c977a53a8c280bacbcf0c1_1767040983,0x2c3dce8515854f167dc523745a6b9d98d22ec9266d9f4921f62fd3e4bf1cfa1b,0xf2c4013a20d4e801fefd0b160a15a7b0cc779d55,BUY,110290742709531333936637417418570910881285907663357514844586483587588568832794,0.488,209.0,1767040983
0x7710a04d4ee564a2df2cd63611ad7e8589971f4927a0c8acb7048b018a44e6b7_1767041021,0x2c3dce8515854f167dc523745a6b9d98d22ec9266d9f4921f62fd3e4bf1cfa1b,0xf2c4013a20d4e801fefd0b160a15a7b0cc779d55,BUY,110290742709531333936637417418570910881285907663357514844586483587588568832794,0.5135299884801098,1631.96,1767041021
0xe4bae3c7ea2112de88c3bfdc397eebfbc9b52da6453f07fa30332abf1a5e1ee6_1767041023,0x2c3dce8515854f167dc523745a6b9d98d22ec9266d9f4921f62fd3e4bf1cfa1b,0x3078db4a9737866b4d6529f655025b3a20f80389,SELL,110290742709531333936637417418570910881285907663357514844586483587588568832794,0.531,59.15,1767041023
0x1f74d4b7a036424cf34a8465f87362be0e5277394483e55945dc2a0e69539026_1767041025,0x2c3dce8515854f167dc523745a6b9d98d22ec9266d9f4921f62fd3e4bf1cfa1b,0x3078db4a9737866b4d6529f655025b3a20f80389,SELL,110290742709531333936637417418570910881285907663357514844586483587588568832794,0.531,14.47,1767041025
0x022cca84f07745be8cca52ac3b41700bc2270423af37a3fa6c8173c0b0babc79_1767041059,0x2c3dce8515854f167dc523745a6b9d98d22ec9266d9f4921f62fd3e4bf1cfa1b,0xf2c4013a20d4e801fefd0b160a15a7b0cc779d55,BUY,110290742709531333936637417418570910881285907663357514844586483587588568832794,0.5632346470610357,2127.28,1767041059
0xb214b9aa50e27d1094410bfc9beaea06a222f85baff712c20a23efd96d0f7c8f_1767041065,0x2c3dce8515854f167dc523745a6b9d98d22ec9266d9f4921f62fd3e4bf1cfa1b,0xfc129040b6d96c5a2c42b6e813fa0ec67151da22,SELL,86498068750018438192524977941980476748299785729870940867089250086714498791178,0.4358011583011583,103.6,1767041065
0x5f22019a102b7f594674581f9d70b0ccf667c88afc66908eee7aef0c041eabf7_1767041067,0x2c3dce8515854f167dc523745a6b9d98d22ec9266d9f4921f62fd3e4bf1cfa1b,0xc77bc7c12cff77cd80de2d3377ce22aec3a6a526,BUY,86498068750018438192524977941980476748299785729870940867089250086714498791178,0.49699990855198023,5.03018,1767041067
0x58b54cd780159eb06f09cb8cc4fbda3c0a38d93c19e434e27e27b1060891d244_1767041075,0x2c3dce8515854f167dc523745a6b9d98d22ec9266d9f4921f62fd3e4bf1cfa1b,0xf2c4013a20d4e801fefd0b160a15a7b0cc779d55,BUY,110290742709531333936637417418570910881285907663357514844586483587588568832794,0.5719016220247343,1609.1,1767041075
0xdacc445eb8b6092d1f9bb86879234d88521f6d0fe5365bf9dbc3d8653f1610af_1767041111,0x2c3dce8515854f167dc523745a6b9d98d22ec9266d9f4921f62fd3e4bf1cfa1b,0x74ff920ae2c6314627395eaf42b10fbb0604be5b,SELL,86498068750018438192524977941980476748299785729870940867089250086714498791178,0.31,23.0,1767041111
0x95d9bfedcce16488e27b72cba90500e7f2dfc44384056c9fc9e800a626bc17f8_1767041121,0x2c3dce8515854f167dc523745a6b9d98d22ec9266d9f4921f62fd3e4bf1cfa1b,0xc1b399b26020a4f689108e9640fd3dc8ffc8501c,BUY,86498068750018438192524977941980476748299785729870940867089250086714498791178,0.4839351286939943,419.6,1767041121
0x7c0272e4ba09837b1fe7172ba1245bf0c9f5c701f42c97634ca2b760a0362e35_1767041135,0x2c3dce8515854f167dc523745a6b9d98d22ec9266d9f4921f62fd3e4bf1cfa1b,0x603eab2a43dc3c9b2399dce0a6310278c06543fe,BUY,110290742709531333936637417418570910881285907663357514844586483587588568832794,0.499,160.0,1767041135
0x7f56b24c0b158ebbeff2886d9fc4a397eb074455e2d51db7fa35c1e79ad69b9c_1767041187,0x2c3dce8515854f167dc523745a6b9d98d22ec9266d9f4921f62fd3e4bf1cfa1b,0xb03b826a4fc9893b35d3ddf4f11be824525b6ca1,SELL,86498068750018438192524977941980476748299785729870940867089250086714498791178,0.5018176576576576,1332.0,1767041187
0xcb69905ef25e8293acd6b428462fc53076189fc1adfb2f75850d03ad199373c8_1767041197,0x2c3dce8515854f167dc523745a6b9d98d22ec9266d9f4921f62fd3e4bf1cfa1b,0xc1b399b26020a4f689108e9640fd3dc8ffc8501c,BUY,86498068750018438192524977941980476748299785729870940867089250086714498791178,0.5497098445595855,409.16,1767041197
0x646f96d86ca6e67680f535cb2a5820ec9a769cf8020840f1c99073993938ce86_1767041265,0x2c3dce8515854f167dc523745a6b9d98d22ec9266d9f4921f62fd3e4bf1cfa1b,0x8217b6c8878a4aa4ecc023608dbf91d4fac64936,BUY,86498068750018438192524977941980476748299785729870940867089250086714498791178,0.53,18.19,1767041265
0x86d1ef1fa208d299cf5ecfd8fdc475569b96c65388e771e6af727992de81b5e4_1767041287,0x2c3dce8515854f167dc523745a6b9d98d22ec9266d9f4921f62fd3e4bf1cfa1b,0xc1b399b26020a4f689108e9640fd3dc8ffc8501c,BUY,86498068750018438192524977941980476748299785729870940867089250086714498791178,0.5307376250658241,151.92,1767041287
0x14a8d1369b3df7472cd268d217a43ec39d052a174fbaf70260f04e1cf597b352_1767041347,0x2c3dce8515854f167dc523745a6b9d98d22ec9266d9f4921f62fd3e4bf1cfa1b,0x74c3f65f6ffc0bfcca6628502a5c4d04578cbbe6,BUY,86498068750018438192524977941980476748299785729870940867089250086714498791178,0.537114477342926,55.854013,1767041347
0x0a7a7d4995c8485ff6fc971916a0251aae272b2d31f0c690da5d492f4e74756b_1767041359,0x2c3dce8515854f167dc523745a6b9d98d22ec9266d9f4921f62fd3e4bf1cfa1b,0x86ff444b7502843f3bdffddd1840e4bfff9b9440,BUY,86498068750018438192524977941980476748299785729870940867089250086714498791178,0.5944988582649313,168.2089,1767041359
0x9e92571444c3f1b4c2814230d0a823e688bfa8402d7c231a03519646d07d15c6_1767041423,0x2c3dce8515854f167dc523745a6b9d98d22ec9266d9f4921f62fd3e4bf1cfa1b,0xf3410cb26e527ff6bcfeb743130f6a95b61df929,SELL,110290742709531333936637417418570910881285907663357514844586483587588568832794,0.35657397437323995,1168.31,1767041423
0x54aaa3838c3111358ee7c041f7a7ce7acd4745b45175b9ae998b87457d24b1d2_1767041445,0x2c3dce8515854f167dc523745a6b9d98d22ec9266d9f4921f62fd3e4bf1cfa1b,0xff4e9d40d49faf53f5779b9c8fb009a6c3df5f1b,BUY,86498068750018438192524977941980476748299785729870940867089250086714498791178,0.7164154650823301,547.712907,1767041445
0x747fc9155d5060bd6250b605a690ea687190b22fc0a7c11c4bd54ea447178cbd_1767041611,0x2c3dce8515854f167dc523745a6b9d98d22ec9266d9f4921f62fd3e4bf1cfa1b,0xf0b0ef1d6320c6be896b4c9c54dd74407e7f8cab,SELL,110290742709531333936637417418570910881285907663357514844586483587588568832794,0.311,6.0,1767041611
0x96f6e7a327ab3d7fc7f87c6f903c0d39ab9c23f461b929adad053ce8072c7be5_1767041613,0x2c3dce8515854f167dc523745a6b9d98d22ec9266d9f4921f62fd3e4bf1cfa1b,0xf0b0ef1d6320c6be896b4c9c54dd74407e7f8cab,SELL,110290742709531333936637417418570910881285907663357514844586483587588568832794,0.31,24.0,1767041613
0xefcc841316655b7f6da2ec7a1b554cb2ff56c9530b0ff4bd10f9fe2c20e0d343_1767041621,0x2c3dce8515854f167dc523745a6b9d98d22ec9266d9f4921f62fd3e4bf1cfa1b,0xd0de724f80713bc43be6738472e2c50a8c19a9fc,BUY,86498068750018438192524977941980476748299785729870940867089250086714498791178,0.6899999585999611,1.449274,1767041621
0x95cfbe5618d0292a153bf8e236ef3e486ffed5efa1760da36b401b4a62fe9ea9_1767041633,0x2c3dce8515854f167dc523745a6b9d98d22ec9266d9f4921f62fd3e4bf1cfa1b,0x85f8034047ec21ca3adb84d3ae22f140e8c9b0e1,BUY,86498068750018438192524977941980476748299785729870940867089250086714498791178,0.690427560127118,20.653867,1767041633
0x2b1b5104cb8ee1b42162e577b403bcdedbbfadb84c4459313ab1ae6f69a99efb_1767041663,0x2c3dce8515854f167dc523745a6b9d98d22ec9266d9f4921f62fd3e4bf1cfa1b,0x5779c903835efccd137b2535845477eccd5d168d,SELL,86498068750018438192524977941980476748299785729870940867089250086714498791178,0.681,14.54,1767041663
0xcfb4c0093b668e212a8df28bf984df22a9befcabad42ac420c864486011ee495_1767041663,0x2c3dce8515854f167dc523745a6b9d98d22ec9266d9f4921f62fd3e4bf1cfa1b,0x215adbb63b47d0ca92f849fe2c2dc1adb0f6254c,BUY,110290742709531333936637417418570910881285907663357514844586483587588568832794,0.3198725,20.0,1767041663
0x34c97927414d7d7e8de01be24c00839f52bc24f0e8b0820db59f5b43e017f4e8_1767041681,0x2c3dce8515854f167dc523745a6b9d98d22ec9266d9f4921f62fd3e4bf1cfa1b,0x6c22360cd4f20727ea4c2a791773fd4fb2d98881,BUY,86498068750018438192524977941980476748299785729870940867089250086714498791178,0.6989998699858941,1.430614,1767041681
0x778b9e1adc0f4c18ce6249e6057a5c12cdcb9432f6216e6b40c87a4ecf16615a_1767041703,0x2c3dce8515854f167dc523745a6b9d98d22ec9266d9f4921f62fd3e4bf1cfa1b,0x5779c903835efccd137b2535845477eccd5d168d,SELL,86498068750018438192524977941980476748299785729870940867089250086714498791178,0.68,14.54,1767041703
0xa2c8e740f2be8c94aa948d42a882f6db7c8f37de3a380be7e27ec0ee5da34540_1767041771,0x2c3dce8515854f167dc523745a6b9d98d22ec9266d9f4921f62fd3e4bf1cfa1b,0x6268011cdc123d7ab44cabdef70b7a571f286031,SELL,86498068750018438192524977941980476748299785729870940867089250086714498791178,0.681,20.0,1767041771
0x490454075159ddcfea2729b8409772527766530b6b44795cca41920082537a5f_1767041803,0x2c3dce8515854f167dc523745a6b9d98d22ec9266d9f4921f62fd3e4bf1cfa1b,0xe25b9180f5687aa85bd94ee309bb72a464320f1b,BUY,110290742709531333936637417418570910881285907663357514844586483587588568832794,0.3199365129751607,126.01,1767041803
0x395939b380695afb8b99ac853d12d148e43c794aa86f7d50bccb1cf8da74127a_1767041865,0x2c3dce8515854f167dc523745a6b9d98d22ec9266d9f4921f62fd3e4bf1cfa1b,0x94f88749f15c910cf4653ad85095abeb13463ec6,BUY,86498068750018438192524977941980476748299785729870940867089250086714498791178,0.6524951590451776,23.21856,1767041865
0x425b77cd123f65bffb4a980a9c44d6903a0460bcaf8912a800bf42fbaacbb9b2_1767041947,0x2c3dce8515854f167dc523745a6b9d98d22ec9266d9f4921f62fd3e4bf1cfa1b,0xe732156a2d84cdfb4de831d3f11a22899e49898f,BUY,86498068750018438192524977941980476748299785729870940867089250086714498791178,0.6590490823730261,46.86,1767041947
0x6ca66d9ed3490028b08fe9d2c7515804e987dd494ce73e79b18606d0dbc1d7be_1767041999,0x2c3dce8515854f167dc523745a6b9d98d22ec9266d9f4921f62fd3e4bf1cfa1b,0x65088561dd219c249cf9350de37d9c9065961077,SELL,86498068750018438192524977941980476748299785729870940867089250086714498791178,0.596,8.04,1767041999
0x8689bc32d6402eebb847368128eb3333fa587f52c6b2cb15381d4737f458e964_1767042035,0x2c3dce8515854f167dc523745a6b9d98d22ec9266d9f4921f62fd3e4bf1cfa1b,0x5ace8af60ae0de8cb62ca35b7aa4081bdbc19850,BUY,86498068750018438192524977941980476748299785729870940867089250086714498791178,0.6649999877701124,13.082704,1767042035
0x8cd772f38ddfbae99d65d7a991f2b4ecf10e95add6319f525ae0d49e4c3ab61d_1767042135,0x2c3dce8515854f167dc523745a6b9d98d22ec9266d9f4921f62fd3e4bf1cfa1b,0x87eab0e4f77752115b222d51a8de1f8aa1551d69,BUY,86498068750018438192524977941980476748299785729870940867089250086714498791178,0.6559999963263996,15.243901,1767042135
0x436f7cdff42da0cc2393a25e6325d34608441751c24a5462d42f8f4ed7424397_1767042143,0x2c3dce8515854f167dc523745a6b9d98d22ec9266d9f4921f62fd3e4bf1cfa1b,0x603eab2a43dc3c9b2399dce0a6310278c06543fe,BUY,110290742709531333936637417418570910881285907663357514844586483587588568832794,0.3987942931892867,25.075582,1767042143
0x81ffdad4e82a2ff7cb7fa40a93d4d2dff3870b144abd74694baf8e139991c409_1767042157,0x2c3dce8515854f167dc523745a6b9d98d22ec9266d9f4921f62fd3e4bf1cfa1b,0x85f8034047ec21ca3adb84d3ae22f140e8c9b0e1,BUY,86498068750018438192524977941980476748299785729870940867089250086714498791178,0.6489999626483626,8.058549,1767042157
0x37997e8f8acc4b895b84ce536b7f9172fbd257a10a6dba4e76e5c390af187f84_1767042163,0x2c3dce8515854f167dc523745a6b9d98d22ec9266d9f4921f62fd3e4bf1cfa1b,0xd31db9247536cb4dad71b608042e0c60af7fe898,BUY,110290742709531333936637417418570910881285907663357514844586483587588568832794,0.40826650121888003,7.348139,1767042163
0x77485d3a70574dfc01859cebf24228006714ca3a4278ac0ff6760b2523c27ee9_1767042283,0x2c3dce8515854f167dc523745a6b9d98d22ec9266d9f4921f62fd3e4bf1cfa1b,0x0a53282124062874b45d6489a95a26f62c6d7a6f,BUY,86498068750018438192524977941980476748299785729870940867089250086714498791178,0.646678842117035,213.104232,1767042283
0xf81890632041ef8e18fd4a22b87690a36990770be2a8787b3100cef79d089eab_1767042389,0x2c3dce8515854f167dc523745a6b9d98d22ec9266d9f4921f62fd3e4bf1cfa1b,0x4d9c9f146f441c95e894664ff3b9570f800156fa,BUY,86498068750018438192524977941980476748299785729870940867089250086714498791178,0.64,5.0,1767042389
0x552268d6cd6f441bc6424d5041cc99d70aef918ee9f9f5f79212d6bf275010fa_1767042403,0x2c3dce8515854f167dc523745a6b9d98d22ec9266d9f4921f62fd3e4bf1cfa1b,0xe27757cc1dff108d82cb2ce371a40ef7a52b8e46,SELL,86498068750018438192524977941980476748299785729870940867089250086714498791178,0.6412219644238206,51.72,1767042403
0x1b22168a24a04c6567cff57f033ba053e683386d7d691da1862bdbf02b415258_1767042405,0x2c3dce8515854f167dc523745a6b9d98d22ec9266d9f4921f62fd3e4bf1cfa1b,0x02d38ac05ad050571d2722f949bc3c73a8d92327,BUY,86498068750018438192524977941980476748299785729870940867089250086714498791178,0.6469999084494672,3.091189,1767042405
0xc730f2976dd815ce9f21e8e334bb1f07fe2a0aa761d82ef2d82b0744a594096b_1767042445,0x2c3dce8515854f167dc523745a6b9d98d22ec9266d9f4921f62fd3e4bf1cfa1b,0x7a146c5e70c092d06be27097a5c770b49d0bd748,BUY,86498068750018438192524977941980476748299785729870940867089250086714498791178,0.64828,5000.0,1767042445
0x7233a9badf2748d7158a85c500b3258334c10235fa16f51b5034500452b1781f_1767042449,0x2c3dce8515854f167dc523745a6b9d98d22ec9266d9f4921f62fd3e4bf1cfa1b,0x9d8d3376c2353fa73370c55b879fbb145f294dc6,BUY,110290742709531333936637417418570910881285907663357514844586483587588568832794,0.38499994843748386,5.81818,1767042449
0xc9b1ab65979ed7384d7bfd88dda6d742f219c15ba836b96f7ba88d0f6aee8ada_1767042451,0x2c3dce8515854f167dc523745a6b9d98d22ec9266d9f4921f62fd3e4bf1cfa1b,0x743dba2242eb96a629f2b10aef8f543c298661da,SELL,86498068750018438192524977941980476748299785729870940867089250086714498791178,0.616,5.1,1767042451
0x130d2ddbf4888774b41e06c1e8ba10994b43321f53aebd50cdce0cecf475ee38_1767042465,0x2c3dce8515854f167dc523745a6b9d98d22ec9266d9f4921f62fd3e4bf1cfa1b,0x7a146c5e70c092d06be27097a5c770b49d0bd748,BUY,86498068750018438192524977941980476748299785729870940867089250086714498791178,0.65,1500.0,1767042465
0xea57b73233249e62021ba04c9878555fd214b7d0a981dcb091ae34ad305f57e3_1767042469,0x2c3dce8515854f167dc523745a6b9d98d22ec9266d9f4921f62fd3e4bf1cfa1b,0x9d8d3376c2353fa73370c55b879fbb145f294dc6,BUY,110290742709531333936637417418570910881285907663357514844586483587588568832794,0.3809998091404816,2.782151,1767042469
0x375f95c6eae4e76b119fe2d958df7df59176c3e6a7cd6f920da6494ce6cf31a1_1767042473,0x2c3dce8515854f167dc523745a6b9d98d22ec9266d9f4921f62fd3e4bf1cfa1b,0xf2c4013a20d4e801fefd0b160a15a7b0cc779d55,SELL,110290742709531333936637417418570910881285907663357514844586483587588568832794,0.35,310.74,1767042473
0x0cef3fc63f97c9a8089e5979ae3cc4d699fecc0fde4268afea841ef644648c3d_1767042477,0x2c3dce8515854f167dc523745a6b9d98d22ec9266d9f4921f62fd3e4bf1cfa1b,0x72b514ad65bbdd7d9e9f6674d8cf774a99248b54,BUY,110290742709531333936637417418570910881285907663357514844586483587588568832794,0.34983875,64.0,1767042477
0x45bc2300fa6e8db8b340e915463174dd22be3b7ad2e03df5b859bcc56f331ce4_1767042479,0x2c3dce8515854f167dc523745a6b9d98d22ec9266d9f4921f62fd3e4bf1cfa1b,0x72b514ad65bbdd7d9e9f6674d8cf774a99248b54,BUY,110290742709531333936637417418570910881285907663357514844586483587588568832794,0.35,30.0,1767042479
0xa8c57a8e94dea8d8f5d6f678a661faf389a32013ac6fb011a25927e1edbb9607_1767042501,0x2c3dce8515854f167dc523745a6b9d98d22ec9266d9f4921f62fd3e4bf1cfa1b,0x75e765216a57942d738d880ffcda854d9f869080,SELL,86498068750018438192524977941980476748299785729870940867089250086714498791178,0.6505967049382176,1599.97,1767042501
0xe0b57db7023be7eb055a32ab97fdb4abfdbe6b023e0296bd66463b9632b94aab_1767042507,0x2c3dce8515854f167dc523745a6b9d98d22ec9266d9f4921f62fd3e4bf1cfa1b,0xe25b9180f5687aa85bd94ee309bb72a464320f1b,BUY,110290742709531333936637417418570910881285907663357514844586483587588568832794,0.3499746536987916,407.16,1767042507
0x64ec26df033bdc8885af2558b2019a568beaa38e3e2e7d0efd4111bf7097fc6f_1767042515,0x2c3dce8515854f167dc523745a6b9d98d22ec9266d9f4921f62fd3e4bf1cfa1b,0x4f1bad13ef34a4dfbbf167a29c7ce2723677bc10,BUY,110290742709531333936637417418570910881285907663357514844586483587588568832794,0.378,5.0,1767042515
0x808685b12b12487564c1305988106302b662b8e6a5828c8ead6a309589092b57_1767042515,0x2c3dce8515854f167dc523745a6b9d98d22ec9266d9f4921f62fd3e4bf1cfa1b,0x4f1bad13ef34a4dfbbf167a29c7ce2723677bc10,SELL,86498068750018438192524977941980476748299785729870940867089250086714498791178,0.622,5.0,1767042515
0x604fbcf3eddf21ba206666de7adf51841504eaf17d70da4f545a84f14c1e4354_1767042517,0x2c3dce8515854f167dc523745a6b9d98d22ec9266d9f4921f62fd3e4bf1cfa1b,0x4d9c9f146f441c95e894664ff3b9570f800156fa,BUY,86498068750018438192524977941980476748299785729870940867089250086714498791178,0.64,6.0,1767042517
0xb583649f0bd2e00cf2bb369ab6c5b0f6286b572636d55d6c22d46f60ac60a9ba_1767042529,0x2c3dce8515854f167dc523745a6b9d98d22ec9266d9f4921f62fd3e4bf1cfa1b,0x9a5867362c20a2b83245ca00801aa4fb986b149d,SELL,86498068750018438192524977941980476748299785729870940867089250086714498791178,0.64,9.76,1767042529
0xd450035a03ffc7b1d678a82793300c0ee788aacc1bc4259c7e3d192202c987a8_1767042533,0x2c3dce8515854f167dc523745a6b9d98d22ec9266d9f4921f62fd3e4bf1cfa1b,0x5576d37a5b25462d42bd6a376cdd839654a78081,BUY,110290742709531333936637417418570910881285907663357514844586483587588568832794,0.35999987039991704,2.777776,1767042533
0x274c3a692ef7fdae5cd50dc10d0f1229d55c123ff5d47b12f5fd297c833381ce_1767042539,0x2c3dce8515854f167dc523745a6b9d98d22ec9266d9f4921f62fd3e4bf1cfa1b,0x72b514ad65bbdd7d9e9f6674d8cf774a99248b54,BUY,110290742709531333936637417418570910881285907663357514844586483587588568832794,0.36,8.14,1767042539
0xfaaafbed65386857b8825994b83eee8f7f8e2ec7fa8bb445d7b73f243ffc4ba8_1767042557,0x2c3dce8515854f167dc523745a6b9d98d22ec9266d9f4921f62fd3e4bf1cfa1b,0x8217b6c8878a4aa4ecc023608dbf91d4fac64936,BUY,110290742709531333936637417418570910881285907663357514844586483587588568832794,0.359,28.57,1767042557
0x4fbedd06fb830c4374cf29e6413d460ba0488e3f509041e456747ecde16091ff_1767042585,0x2c3dce8515854f167dc523745a6b9d98d22ec9266d9f4921f62fd3e4bf1cfa1b,0x8217b6c8878a4aa4ecc023608dbf91d4fac64936,BUY,86498068750018438192524977941980476748299785729870940867089250086714498791178,0.659,15.38,1767042585
0x206f81e52897e8c9b57fe216f9a8ac9c22f37b6275119b1c0211daf2cb12d852_1767042585,0x2c3dce8515854f167dc523745a6b9d98d22ec9266d9f4921f62fd3e4bf1cfa1b,0x8217b6c8878a4aa4ecc023608dbf91d4fac64936,BUY,86498068750018438192524977941980476748299785729870940867089250086714498791178,0.659,15.42,1767042585
0xd48e01b51a88d2780a283845d717a4edaaa8b032451b6769ad0bf243059da30f_1767042619,0x2c3dce8515854f167dc523745a6b9d98d22ec9266d9f4921f62fd3e4bf1cfa1b,0xac9ea33a028bee7584c72fe2a39a94101184d6e7,BUY,86498068750018438192524977941980476748299785729870940867089250086714498791178,0.6589999961980759,5.523519,1767042619
0xd29c7b681be11be4385661e0db9f9c437cbfcc99f0434c919bdfae709ea665b9_1767042643,0x2c3dce8515854f167dc523745a6b9d98d22ec9266d9f4921f62fd3e4bf1cfa1b,0xd950ef37b32702061d63e44a8475c360193cad1b,BUY,86498068750018438192524977941980476748299785729870940867089250086714498791178,0.656,199.03,1767042643
0xd4b310747b6529f20964592b11385e494cd593e9f5fd98bd169ce73c05b661ea_1767042651,0x2c3dce8515854f167dc523745a6b9d98d22ec9266d9f4921f62fd3e4bf1cfa1b,0xf0b0ef1d6320c6be896b4c9c54dd74407e7f8cab,SELL,110290742709531333936637417418570910881285907663357514844586483587588568832794,0.352,15.57,1767042651
0xdb65e942cbf5719c18dc8cd0a228f30b300ec6932304028de6d02f69488abd6f_1767042657,0x2c3dce8515854f167dc523745a6b9d98d22ec9266d9f4921f62fd3e4bf1cfa1b,0xcb8fbe47a3f41f140873d919368c30662848d7e3,SELL,86498068750018438192524977941980476748299785729870940867089250086714498791178,0.6260940553266627,594.65,1767042657
0xa0e4b1b3b3e629471de6d86badc49987e97e42198d2e58d23d2286cfa6219929_1767042681,0x2c3dce8515854f167dc523745a6b9d98d22ec9266d9f4921f62fd3e4bf1cfa1b,0xf0b0ef1d6320c6be896b4c9c54dd74407e7f8cab,SELL,110290742709531333936637417418570910881285907663357514844586483587588568832794,0.361,14.43,1767042681
0x63e190165344a02400aedace02bcf17c1902ae8d89e98f59849d7fd740b5eaf1_1767042681,0x2c3dce8515854f167dc523745a6b9d98d22ec9266d9f4921f62fd3e4bf1cfa1b,0xbd9f9b37d7aac4d2833e2040e3f3de339727a50f,BUY,86498068750018438192524977941980476748299785729870940867089250086714498791178,0.6389999969445713,257.574333,1767042681
0x286b8e2e7865f457a712a526c3285c3c311fb5036953fd70396c000c1e225c60_1767042729,0x2c3dce8515854f167dc523745a6b9d98d22ec9266d9f4921f62fd3e4bf1cfa1b,0xf0ed9e68e6cd3ee712260abeaec32de56a7d47d8,SELL,86498068750018438192524977941980476748299785729870940867089250086714498791178,0.6221336436815051,206.22,1767042729
0x5aea2a441920f423447f0bd6887fbd0c7d2b6163409263a31ca466dddf4e8138_1767042751,0x2c3dce8515854f167dc523745a6b9d98d22ec9266d9f4921f62fd3e4bf1cfa1b,0xee79d4864fbd5d9544d5f631ef531dfd9b5cdd6a,SELL,86498068750018438192524977941980476748299785729870940867089250086714498791178,0.62,7.69,1767042751
0x95a21e504083b2556bfbf11124e834d63c49f6833d222a3da14e59ed971fec7f_1767042763,0x2c3dce8515854f167dc523745a6b9d98d22ec9266d9f4921f62fd3e4bf1cfa1b,0xd8f3790cc1896d89ed36fc415793e7163eea4c06,BUY,110290742709531333936637417418570910881285907663357514844586483587588568832794,0.42413944050776275,282.92582,1767042763
0xc18bdbb7300a5d880f6e3902f4c1cdedff67295590240daada832725e3cbc9e1_1767042853,0x2c3dce8515854f167dc523745a6b9d98d22ec9266d9f4921f62fd3e4bf1cfa1b,0x2a912d8e7f45af5d70db761cb4a33bbf8ba45267,BUY,86498068750018438192524977941980476748299785729870940867089250086714498791178,0.6225558916844979,216.848,1767042853
0x3ba9d281348370873f3cc20358184d5900034207aa5d48e9ff694a2d4c8a9b00_1767042863,0x2c3dce8515854f167dc523745a6b9d98d22ec9266d9f4921f62fd3e4bf1cfa1b,0x4d9c9f146f441c95e894664ff3b9570f800156fa,BUY,86498068750018438192524977941980476748299785729870940867089250086714498791178,0.619,40.0,1767042863
0xed0e3206043450c44ca2433394059f2e7cb0fe60e2c20eb9ec84418f9b04493c_1767042933,0x2c3dce8515854f167dc523745a6b9d98d22ec9266d9f4921f62fd3e4bf1cfa1b,0x55f4c3e487e3c72e548ea35b23b7adbc2486959c,BUY,86498068750018438192524977941980476748299785729870940867089250086714498791178,0.6159999615615948,8.116882,1767042933
0x5f4bac5bae502664702d888d7050dc618ec9107e6e36f1586110814ab37fe896_1767042943,0x2c3dce8515854f167dc523745a6b9d98d22ec9266d9f4921f62fd3e4bf1cfa1b,0xdbadbc55778d44643efabdde735e2f0b35d42429,BUY,86498068750018438192524977941980476748299785729870940867089250086714498791178,0.6160758621182516,8.115882,1767042943
0xd1551e34f6ebf0bfdc78a0a46b4f9352d281217c3b520e36cd1770cf52c238f8_1767042961,0x2c3dce8515854f167dc523745a6b9d98d22ec9266d9f4921f62fd3e4bf1cfa1b,0xb9b42165df946ba09bd5fed3cd505f0896113824,BUY,110290742709531333936637417418570910881285907663357514844586483587588568832794,0.43623027468615794,276.207329,1767042961
0x714c37f107ea68a72c7290ea80eab848d6f780bcdbc611cd60dea5b51ef9028b_1767042963,0x2c3dce8515854f167dc523745a6b9d98d22ec9266d9f4921f62fd3e4bf1cfa1b,0x38a6775625e1798fbe0a789715bbb54291ae3f1e,BUY,110290742709531333936637417418570910881285907663357514844586483587588568832794,0.4287691180355584,49.723728,1767042963
0xb5bdf0a4a9171670664493152ffe3a3ddb05a991129685ca296379f8c2c882c4_1767043031,0x2c3dce8515854f167dc523745a6b9d98d22ec9266d9f4921f62fd3e4bf1cfa1b,0xbaa2bcb5439e985ce4ccf815b4700027d1b92c73,BUY,110290742709531333936637417418570910881285907663357514844586483587588568832794,0.44820220250841236,65.38,1767043031
0x10fbb73f295e4a0840f922ad1ffc6bb5f31b9997f658383155d541a0e3c89471_1767043155,0x2c3dce8515854f167dc523745a6b9d98d22ec9266d9f4921f62fd3e4bf1cfa1b,0x4f19ed7b9046925ccb526ba3775b3a0ab45a79ef,BUY,86498068750018438192524977941980476748299785729870940867089250086714498791178,0.569,5.0,1767043155
0x9e12cf76fd1c96d947a005a14b9c735fb8cee3b6c8e98f505df15ccfc3e4fa04_1767043167,0x2c3dce8515854f167dc523745a6b9d98d22ec9266d9f4921f62fd3e4bf1cfa1b,0xbacd00c9080a82ded56f504ee8810af732b0ab35,BUY,110290742709531333936637417418570910881285907663357514844586483587588568832794,0.4514548099654483,54.99,1767043167
0x750fea7a37b0a1cb0534764c09c5923b41b6f7fa0189add1a98fefe848ae910b_1767043177,0x2c3dce8515854f167dc523745a6b9d98d22ec9266d9f4921f62fd3e4bf1cfa1b,0x4d9c9f146f441c95e894664ff3b9570f800156fa,SELL,86498068750018438192524977941980476748299785729870940867089250086714498791178,0.47883283582089553,201.0,1767043177
0x805860421cd807861abdb8dc6fc2f5504765be8d4f099e55f4db311ba24f042c_1767043193,0x2c3dce8515854f167dc523745a6b9d98d22ec9266d9f4921f62fd3e4bf1cfa1b,0x4d9c9f146f441c95e894664ff3b9570f800156fa,BUY,110290742709531333936637417418570910881285907663357514844586483587588568832794,0.519,41.48,1767043193
0x1a050866a740d5c987d70226e62ab8dd06c24c88efd225884da56a4ec4f05558_1767043195,0x2c3dce8515854f167dc523745a6b9d98d22ec9266d9f4921f62fd3e4bf1cfa1b,0xf0b0ef1d6320c6be896b4c9c54dd74407e7f8cab,SELL,86498068750018438192524977941980476748299785729870940867089250086714498791178,0.48,30.0,1767043195
0x12a184ecebd8ce6acbe23e2c96f9b7ff11953bd2dbaa43c389aa8ef3f33a5090_1767043199,0x2c3dce8515854f167dc523745a6b9d98d22ec9266d9f4921f62fd3e4bf1cfa1b,0x603eab2a43dc3c9b2399dce0a6310278c06543fe,BUY,110290742709531333936637417418570910881285907663357514844586483587588568832794,0.5199999937599997,38.461537,1767043199
0x1beef1ce136ffd4c8749ae89e7fa1b942d928e3575f55b81f13a981b2008c133_1767043207,0x2c3dce8515854f167dc523745a6b9d98d22ec9266d9f4921f62fd3e4bf1cfa1b,0x7a8a39cfbbfd242ec33711ccbe0dd32d469610ca,BUY,86498068750018438192524977941980476748299785729870940867089250086714498791178,0.5425792969668503,70.035844,1767043207
0xdc3a63e37454300bc0e68b2faed7e9a3a6df22bfbdfbb4f147944b5de9ad9e7b_1767043213,0x2c3dce8515854f167dc523745a6b9d98d22ec9266d9f4921f62fd3e4bf1cfa1b,0x4d9c9f146f441c95e894664ff3b9570f800156fa,BUY,110290742709531333936637417418570910881285907663357514844586483587588568832794,0.5208047187827265,162.33,1767043213
0xa6f98c079343012517eb8a474585f3e0fec0c1480c468b0ca1bef43ef6bb3449_1767043231,0x2c3dce8515854f167dc523745a6b9d98d22ec9266d9f4921f62fd3e4bf1cfa1b,0xecf4d3d0a960f0f4460761fe4672a14479799979,SELL,86498068750018438192524977941980476748299785729870940867089250086714498791178,0.4667119,100.0,1767043231
0x2551ff688c1a57bcdf59f8d75bb9d05f10d533060c2672b8a27a0c99469a1140_1767043235,0x2c3dce8515854f167dc523745a6b9d98d22ec9266d9f4921f62fd3e4bf1cfa1b,0x6c22360cd4f20727ea4c2a791773fd4fb2d98881,SELL,86498068750018438192524977941980476748299785729870940867089250086714498791178,0.46,1.43,1767043235
0xcccdf31ae0b88f1e101f6776d3ab7070ad4c28290dc64d613bc0bfb1bd6e04d7_1767043237,0x2c3dce8515854f167dc523745a6b9d98d22ec9266d9f4921f62fd3e4bf1cfa1b,0xd190a4635bed4f1c2d9d5a8b367637ce5612c9b2,SELL,86498068750018438192524977941980476748299785729870940867089250086714498791178,0.46,44.56,1767043237
0x60e31902da1ac629d7212e123cf654d2646ca92a8177499549cf3ef2d96d38d6_1767043265,0x2c3dce8515854f167dc523745a6b9d98d22ec9266d9f4921f62fd3e4bf1cfa1b,0x34e21a20ea8bf3a5789729a1128fe79e37db8402,BUY,86498068750018438192524977941980476748299785729870940867089250086714498791178,0.49799998187279704,10.040159,1767043265
0x62cf4fef1e2c62d22c384739567b5564b5dc262ac00bb3f72ac56814ff0856d0_1767043287,0x2c3dce8515854f167dc523745a6b9d98d22ec9266d9f4921f62fd3e4bf1cfa1b,0xd31db9247536cb4dad71b608042e0c60af7fe898,SELL,110290742709531333936637417418570910881285907663357514844586483587588568832794,0.511,7.34,1767043287
0xa25d3c43041c4421a7b921a5338532c80f8d3d950ae0cb0c13985d6ccfe3a6d0_1767043293,0x2c3dce8515854f167dc523745a6b9d98d22ec9266d9f4921f62fd3e4bf1cfa1b,0x2fad8f3bc8514c19ba407a10032498cb193f9bb7,SELL,86498068750018438192524977941980476748299785729870940867089250086714498791178,0.461,10.0,1767043293
0xd81503463448fbea523ed129a95290a8c5e23972805de3620b8e046588dc917f_1767043441,0x2c3dce8515854f167dc523745a6b9d98d22ec9266d9f4921f62fd3e4bf1cfa1b,0x7a146c5e70c092d06be27097a5c770b49d0bd748,BUY,86498068750018438192524977941980476748299785729870940867089250086714498791178,0.4874165050839442,422.9,1767043441
0x9b2977860bbc493b18a7bf14e27f02874474e5cc651e586f84d42aa21bc2bd8c_1767043449,0x2c3dce8515854f167dc523745a6b9d98d22ec9266d9f4921f62fd3e4bf1cfa1b,0x29383b8a6739600d40cfedb0962d86880bfe8862,BUY,110290742709531333936637417418570910881285907663357514844586483587588568832794,0.5529997762140388,5.027125,1767043449
0x4eb06b016d38299c8459c62e6ca40a6b62ec3d209aa7e2ac60c2b1420b5678e2_1767043473,0x2c3dce8515854f167dc523745a6b9d98d22ec9266d9f4921f62fd3e4bf1cfa1b,0xd7e74f896ba00a2dfffcc0f02b5fbada5628fef1,BUY,110290742709531333936637417418570910881285907663357514844586483587588568832794,0.5989999813111968,16.694488,1767043473
0xf5c8c0c6e55e588ca2ba201ae4d7e5353f65201b19f8efb07cd89890d94f544c_1767043545,0x2c3dce8515854f167dc523745a6b9d98d22ec9266d9f4921f62fd3e4bf1cfa1b,0xfd3f061fce8694f4e6261bea8997be40239067aa,SELL,86498068750018438192524977941980476748299785729870940867089250086714498791178,0.45,20.0,1767043545
0x03a097da8982cf018037493cc852842f25d6c3ae967630c0aefa0ab9b1891401_1767043595,0x2c3dce8515854f167dc523745a6b9d98d22ec9266d9f4921f62fd3e4bf1cfa1b,0xdf6cafedd729f199bb0e88ecb8d5bbff19ebeb44,SELL,110290742709531333936637417418570910881285907663357514844586483587588568832794,0.514406,100.0,1767043595
0xe1caf05ec79229dd77528a363aafa1b6657c6dd4a6970d9f741d362df975d09f_1767043675,0x2c3dce8515854f167dc523745a6b9d98d22ec9266d9f4921f62fd3e4bf1cfa1b,0x7c3db723f1d4d8cb9c550095203b686cb11e5c6b,BUY,110290742709531333936637417418570910881285907663357514844586483587588568832794,0.5382675194000807,842.78,1767043675
0x4a81ba28700e265ccded46ca128098356f9c148ac26dd39826e06b585897def8_1767043679,0x2c3dce8515854f167dc523745a6b9d98d22ec9266d9f4921f62fd3e4bf1cfa1b,0x3e426d5b3a5aa4bef22826b5b98de6497c798f95,BUY,110290742709531333936637417418570910881285907663357514844586483587588568832794,0.5299999899299992,18.867923,1767043679
0x0c78b0bd616054a636b8ab4062ad9651a7c63926492d9be4fe81d203ade3f097_1767043683,0x2c3dce8515854f167dc523745a6b9d98d22ec9266d9f4921f62fd3e4bf1cfa1b,0xaec529be57257b2ed4a874971aec65c8565f536b,BUY,110290742709531333936637417418570910881285907663357514844586483587588568832794,0.53,16.84,1767043683
0xa8d3b16d80ac2aeb984860af23fddf48115bb0f2015e6583d0c9072919582e09_1767043683,0x2c3dce8515854f167dc523745a6b9d98d22ec9266d9f4921f62fd3e4bf1cfa1b,0x2b366034b69b64a444406b2db7ec1ff7869c473b,BUY,110290742709531333936637417418570910881285907663357514844586483587588568832794,0.5299999877287758,34.226414,1767043683
0xca8191d13dc2e42428a4d4ee98a55ac6038fae05c283fa43d634476300a973cb_1767043685,0x2c3dce8515854f167dc523745a6b9d98d22ec9266d9f4921f62fd3e4bf1cfa1b,0x7740253843b20007a4c99c3766878351002acbcd,BUY,110290742709531333936637417418570910881285907663357514844586483587588568832794,0.53,0.94,1767043685
0xd28380a51efb79cc69e527845de7139071c0dfe39e07294ed17b67f89479387f_1767043687,0x2c3dce8515854f167dc523745a6b9d98d22ec9266d9f4921f62fd3e4bf1cfa1b,0x29383b8a6739600d40cfedb0962d86880bfe8862,SELL,110290742709531333936637417418570910881285907663357514844586483587588568832794,0.541,0.23,1767043687
0x54d4ed7242d6262452328257f388eafea2f6ffb58cbeb0159c86f06f4ebaac23_1767043689,0x2c3dce8515854f167dc523745a6b9d98d22ec9266d9f4921f62fd3e4bf1cfa1b,0x7a0da16a1205ee51a56fa862e8baa61e350eff14,SELL,110290742709531333936637417418570910881285907663357514844586483587588568832794,0.5401587189616253,70.88,1767043689
0xe171feee5fd925ba27939df44f69ddf8c547e01787b1fc71e9ce8a4af5978629_1767043693,0x2c3dce8515854f167dc523745a6b9d98d22ec9266d9f4921f62fd3e4bf1cfa1b,0x29383b8a6739600d40cfedb0962d86880bfe8862,SELL,110290742709531333936637417418570910881285907663357514844586483587588568832794,0.54,0.38,1767043693
0x6ae51df95d2267759a881fe039ba376df77973b7e4401a9e203b017dcb31985c_1767043693,0x2c3dce8515854f167dc523745a6b9d98d22ec9266d9f4921f62fd3e4bf1cfa1b,0x29383b8a6739600d40cfedb0962d86880bfe8862,SELL,110290742709531333936637417418570910881285907663357514844586483587588568832794,0.54,0.19,1767043693
0xf8aef1c6b4fbfc98fd995bef8c3630726582d3531429d0a78fed988ef6a76696_1767043693,0x2c3dce8515854f167dc523745a6b9d98d22ec9266d9f4921f62fd3e4bf1cfa1b,0x29383b8a6739600d40cfedb0962d86880bfe8862,SELL,110290742709531333936637417418570910881285907663357514844586483587588568832794,0.54,0.1,1767043693
0x786380e09fbee64f377f0ac594859b46825b116db36187d1c28fa9d34a69e998_1767043697,0x2c3dce8515854f167dc523745a6b9d98d22ec9266d9f4921f62fd3e4bf1cfa1b,0x29383b8a6739600d40cfedb0962d86880bfe8862,SELL,110290742709531333936637417418570910881285907663357514844586483587588568832794,0.54,0.88,1767043697
0x1c7c91079f082834acc0ea3549a98e83203855146fe3528cdb97a67dfac51aac_1767043697,0x2c3dce8515854f167dc523745a6b9d98d22ec9266d9f4921f62fd3e4bf1cfa1b,0x2fad8f3bc8514c19ba407a10032498cb193f9bb7,BUY,86498068750018438192524977941980476748299785729870940867089250086714498791178,0.45999988499997124,4.347825,1767043697
0x28380382895eb2b871aa735c76a6697e9e6d722bf0fd91e0e3581378ddf6c8a1_1767043701,0x2c3dce8515854f167dc523745a6b9d98d22ec9266d9f4921f62fd3e4bf1cfa1b,0x89c194f6c1a1b5ed0c24d855e1949d2e67696dcd,BUY,110290742709531333936637417418570910881285907663357514844586483587588568832794,0.5545435299200692,46.29,1767043701
0xbf400f59062062fa578926431c6acea9629e193fd106f532627bbd60e7e12396_1767043709,0x2c3dce8515854f167dc523745a6b9d98d22ec9266d9f4921f62fd3e4bf1cfa1b,0x29383b8a6739600d40cfedb0962d86880bfe8862,SELL,110290742709531333936637417418570910881285907663357514844586483587588568832794,0.54,0.37,1767043709
0x5c299fbf6537290599edf516e15bc70f6ed4f4bc7fb3d3b39e8178c372ca0e53_1767043725,0x2c3dce8515854f167dc523745a6b9d98d22ec9266d9f4921f62fd3e4bf1cfa1b,0x55f5fe7c2cb0c8e3b12c9c7ad57c7b5740760a7c,BUY,86498068750018438192524977941980476748299785729870940867089250086714498791178,0.4796967142857143,280.0,1767043725
0x06f76f07671ce7be8e972b8d0c99e22362c06199c8d4a44e85fdf08b9ba96e23_1767043757,0x2c3dce8515854f167dc523745a6b9d98d22ec9266d9f4921f62fd3e4bf1cfa1b,0x29383b8a6739600d40cfedb0962d86880bfe8862,SELL,110290742709531333936637417418570910881285907663357514844586483587588568832794,0.541,2.87,1767043757
0xc5eab22c4a2aff3a23d14e3f9d7b8ecec7004071a54ee19dea446c569cdc01a9_1767043779,0x2c3dce8515854f167dc523745a6b9d98d22ec9266d9f4921f62fd3e4bf1cfa1b,0x7a0da16a1205ee51a56fa862e8baa61e350eff14,SELL,110290742709531333936637417418570910881285907663357514844586483587588568832794,0.541,2.13,1767043779
0xa8c9487ef74e246fd3a90db9471f4ca315f84a0f1eb5dbd10065592f3710426a_1767043799,0x2c3dce8515854f167dc523745a6b9d98d22ec9266d9f4921f62fd3e4bf1cfa1b,0x74c3f65f6ffc0bfcca6628502a5c4d04578cbbe6,BUY,86498068750018438192524977941980476748299785729870940867089250086714498791178,0.468,5.06,1767043799
0x9c1283743e3fbd8aac57dc1a716b27e64fdd17c5c06a3bf519a407944bddb8ff_1767043801,0x2c3dce8515854f167dc523745a6b9d98d22ec9266d9f4921f62fd3e4bf1cfa1b,0x7a0da16a1205ee51a56fa862e8baa61e350eff14,SELL,110290742709531333936637417418570910881285907663357514844586483587588568832794,0.532,55.0,1767043801
0xcbfede78d834a6b732e547972fb8f201d92c4d1937c81e0fbf31e71ed0288245_1767043809,0x2c3dce8515854f167dc523745a6b9d98d22ec9266d9f4921f62fd3e4bf1cfa1b,0x7c3db723f1d4d8cb9c550095203b686cb11e5c6b,BUY,110290742709531333936637417418570910881285907663357514844586483587588568832794,0.5335156069364162,95.15,1767043809
0xdb9052dc91b8a4381aa3b0fe0a4b2e3554942d7652c508026591ba94e2e07b15_1767043809,0x2c3dce8515854f167dc523745a6b9d98d22ec9266d9f4921f62fd3e4bf1cfa1b,0x682c92615993fd1f75cdfe101efdc1a8adcb17ae,BUY,86498068750018438192524977941980476748299785729870940867089250086714498791178,0.461,11.48,1767043809
0xd6a87c33f5b48f2e780b0267570fea9350634a982e85a2bf1bd729ff22cf860d_1767043813,0x2c3dce8515854f167dc523745a6b9d98d22ec9266d9f4921f62fd3e4bf1cfa1b,0x3e426d5b3a5aa4bef22826b5b98de6497c798f95,BUY,110290742709531333936637417418570910881285907663357514844586483587588568832794,0.5499999891732265,9.236362,1767043813
0x0fa03169b54a46618df720e3b3ba00bc2931095642734155b7eed61d575cf5ca_1767043815,0x2c3dce8515854f167dc523745a6b9d98d22ec9266d9f4921f62fd3e4bf1cfa1b,0x3e426d5b3a5aa4bef22826b5b98de6497c798f95,BUY,110290742709531333936637417418570910881285907663357514844586483587588568832794,0.55,1.81818,1767043815
0xfb66882c7cd36d8fc3dae1d753b39c639b5fee353fb6553c83b18c18be24cb8e_1767043817,0x2c3dce8515854f167dc523745a6b9d98d22ec9266d9f4921f62fd3e4bf1cfa1b,0x2b366034b69b64a444406b2db7ec1ff7869c473b,BUY,110290742709531333936637417418570910881285907663357514844586483587588568832794,0.5479999611270772,3.704378,1767043817
0xe9c9ef305059ef5d69f24aa0034068786658d234e06d39fc5c05c17389f8d873_1767043819,0x2c3dce8515854f167dc523745a6b9d98d22ec9266d9f4921f62fd3e4bf1cfa1b,0x2b366034b69b64a444406b2db7ec1ff7869c473b,BUY,110290742709531333936637417418570910881285907663357514844586483587588568832794,0.5479999079359235,1.824816,1767043819
0x85a57fa90b726c6f8b91f518ac68031b578b732b9b28ae59b8452e372a04f56e_1767043825,0x2c3dce8515854f167dc523745a6b9d98d22ec9266d9f4921f62fd3e4bf1cfa1b,0x7c3db723f1d4d8cb9c550095203b686cb11e5c6b,BUY,110290742709531333936637417418570910881285907663357514844586483587588568832794,0.55,8.94,1767043825
0x99007e0c8af80ff852b922f77e76ec627f4fac9c9420fad08c940dc0bf7ddb4c_1767043827,0x2c3dce8515854f167dc523745a6b9d98d22ec9266d9f4921f62fd3e4bf1cfa1b,0x7c3db723f1d4d8cb9c550095203b686cb11e5c6b,BUY,110290742709531333936637417418570910881285907663357514844586483587588568832794,0.532,7.47,1767043827
0xc105d45f415392f663b91c7c81760063842cd304f9aa37e6eeab1476b53cea84_1767043827,0x2c3dce8515854f167dc523745a6b9d98d22ec9266d9f4921f62fd3e4bf1cfa1b,0xdd45e705ee2c41bd1d81da5bcb8ed0e8b30259b2,SELL,110290742709531333936637417418570910881285907663357514844586483587588568832794,0.5369280821917808,29.2,1767043827
0x6960bd71f1233a68ebc5d1d419a5efe5c668eed49d0ed4015e18089c2105474a_1767043831,0x2c3dce8515854f167dc523745a6b9d98d22ec9266d9f4921f62fd3e4bf1cfa1b,0x3e426d5b3a5aa4bef22826b5b98de6497c798f95,BUY,110290742709531333936637417418570910881285907663357514844586483587588568832794,0.5419998840119088,1.845017,1767043831
0x01a5b163f61463c4889c47536d040fad92af005d160535f493003d7b98762510_1767043831,0x2c3dce8515854f167dc523745a6b9d98d22ec9266d9f4921f62fd3e4bf1cfa1b,0x3e426d5b3a5aa4bef22826b5b98de6497c798f95,BUY,110290742709531333936637417418570910881285907663357514844586483587588568832794,0.5419998840119088,1.845017,1767043831
0x687765db67737667618c841698a39b6bcde4026f6963a03ac1f48f08baf6cc56_1767043835,0x2c3dce8515854f167dc523745a6b9d98d22ec9266d9f4921f62fd3e4bf1cfa1b,0x26be5b2ef2ae5e65ed3a15f79e7abdcc110dd699,BUY,110290742709531333936637417418570910881285907663357514844586483587588568832794,0.542,0.25,1767043835
0xb249ca9df38474088bf72b6a86c2ec84449ce551e4a0b91e49663050d37665e4_1767043835,0x2c3dce8515854f167dc523745a6b9d98d22ec9266d9f4921f62fd3e4bf1cfa1b,0xaec529be57257b2ed4a874971aec65c8565f536b,BUY,110290742709531333936637417418570910881285907663357514844586483587588568832794,0.542,6.05,1767043835
0x12a988f5b834b204922e21b9e63fe17bac28ca345ceaa21d4b4ce593291b8d38_1767043837,0x2c3dce8515854f167dc523745a6b9d98d22ec9266d9f4921f62fd3e4bf1cfa1b,0x89c194f6c1a1b5ed0c24d855e1949d2e67696dcd,BUY,110290742709531333936637417418570910881285907663357514844586483587588568832794,0.559,46.29,1767043837
0x33edfb58d361defd66f2ad6b1fd553b83d9c0afd8dbe019ff551d7aee089f8f1_1767043839,0x2c3dce8515854f167dc523745a6b9d98d22ec9266d9f4921f62fd3e4bf1cfa1b,0x2b366034b69b64a444406b2db7ec1ff7869c473b,BUY,110290742709531333936637417418570910881285907663357514844586483587588568832794,0.5579999698679715,1.792113,1767043839
0xc736a3cf63ad98e8ab8244f5f55c5304876333b6fe7633fd8d2e5dc95dd304f4_1767043839,0x2c3dce8515854f167dc523745a6b9d98d22ec9266d9f4921f62fd3e4bf1cfa1b,0x2b366034b69b64a444406b2db7ec1ff7869c473b,BUY,110290742709531333936637417418570910881285907663357514844586483587588568832794,0.5579999698679715,1.792113,1767043839
0x578d81e7d72eab3d5536f7c373310c35d47b21e458d1cd7376a8d0eefbbd28ab_1767043839,0x2c3dce8515854f167dc523745a6b9d98d22ec9266d9f4921f62fd3e4bf1cfa1b,0x2b366034b69b64a444406b2db7ec1ff7869c473b,BUY,110290742709531333936637417418570910881285907663357514844586483587588568832794,0.5589999927329928,1.788907,1767043839
0x3a0049c5d90e8a5d6b322303082e1fccc271618ab76ad74559d901e30aa68475_1767043841,0x2c3dce8515854f167dc523745a6b9d98d22ec9266d9f4921f62fd3e4bf1cfa1b,0x89c194f6c1a1b5ed0c24d855e1949d2e67696dcd,BUY,110290742709531333936637417418570910881285907663357514844586483587588568832794,0.5585731573157315,45.45,1767043841
0xf137a5012e81904cdbc76861be68c45e5d2cd261646d613999a86f84dbc9d06c_1767043845,0x2c3dce8515854f167dc523745a6b9d98d22ec9266d9f4921f62fd3e4bf1cfa1b,0x5389fbf5d52e634d0ef2ef876849e5874da09237,BUY,110290742709531333936637417418570910881285907663357514844586483587588568832794,0.56,5.0,1767043845
0xf586fc26bd474ebb3320a5bf10b8dbc5126c15d1acd55d930ff1d35ea1b41729_1767043847,0x2c3dce8515854f167dc523745a6b9d98d22ec9266d9f4921f62fd3e4bf1cfa1b,0x5389fbf5d52e634d0ef2ef876849e5874da09237,BUY,110290742709531333936637417418570910881285907663357514844586483587588568832794,0.56,5.0,1767043847
0x648c0d38be8fab0859d34c053b05f1d556f911b31509d7957fc497d691d87568_1767043847,0x2c3dce8515854f167dc523745a6b9d98d22ec9266d9f4921f62fd3e4bf1cfa1b,0x4eb601e831ba73bbc8e9f9f60aa636af632a5e8a,BUY,110290742709531333936637417418570910881285907663357514844586483587588568832794,0.56,5.0,1767043847
0xce060fcf6f29131736bdbe94a142d5702c463fbb73b6cdff6479cac25ebc62b2_1767043853,0x2c3dce8515854f167dc523745a6b9d98d22ec9266d9f4921f62fd3e4bf1cfa1b,0x5389fbf5d52e634d0ef2ef876849e5874da09237,SELL,110290742709531333936637417418570910881285907663357514844586483587588568832794,0.559,5.0,1767043853
0x1f4c2e4d416e35183133cfb5464dd4b0becc8b9acdae064c45f8c1511b3d1f9e_1767043855,0x2c3dce8515854f167dc523745a6b9d98d22ec9266d9f4921f62fd3e4bf1cfa1b,0x97e51fb734200cf785655999259883258c3699d0,BUY,86498068750018438192524977941980476748299785729870940867089250086714498791178,0.4435,10.0,1767043855
0x7062be2c738843f348fb5040e270f8d1733497cf8eb885db1f9e9e4e0521e093_1767043887,0x2c3dce8515854f167dc523745a6b9d98d22ec9266d9f4921f62fd3e4bf1cfa1b,0x4eb601e831ba73bbc8e9f9f60aa636af632a5e8a,SELL,110290742709531333936637417418570910881285907663357514844586483587588568832794,0.5449516539440203,15.72,1767043887
0x3a7f568f25b3d8d8a75f7c67d6a7d8c08729845e2435b3154344eb9845a9f544_1767043895,0x2c3dce8515854f167dc523745a6b9d98d22ec9266d9f4921f62fd3e4bf1cfa1b,0xd8f3790cc1896d89ed36fc415793e7163eea4c06,BUY,110290742709531333936637417418570910881285907663357514844586483587588568832794,0.6036115038731493,169.79464,1767043895
0xf7e470a14fd8c0578ef71d4eebc66745e38b0cdbdec9dd45e6739b836f64182d_1767043899,0x2c3dce8515854f167dc523745a6b9d98d22ec9266d9f4921f62fd3e4bf1cfa1b,0x97e51fb734200cf785655999259883258c3699d0,BUY,86498068750018438192524977941980476748299785729870940867089250086714498791178,0.4579999373262914,4.14847,1767043899
0xe086291079a850724c8f7cd6924fd59abdc7927d61ebeda8dbd3a2b4870798e2_1767044017,0x2c3dce8515854f167dc523745a6b9d98d22ec9266d9f4921f62fd3e4bf1cfa1b,0xc34a4af2e3a818fdcdfaa7b5b140eca017ae6007,BUY,110290742709531333936637417418570910881285907663357514844586483587588568832794,0.599,17.46,1767044017
0xb3db0edf400daca32eecc13004deab6bab51443c1c21e81d610d1d340151b12c_1767044119,0x2c3dce8515854f167dc523745a6b9d98d22ec9266d9f4921f62fd3e4bf1cfa1b,0x356a7bc9c5aa7553f5a32f54fe616f0639821354,SELL,110290742709531333936637417418570910881285907663357514844586483587588568832794,0.576,4.99,1767044119
0x0b0783b7cc09d3c49819e83663f999c010d362b3ec228040309f284423fa2832_1767044173,0x2c3dce8515854f167dc523745a6b9d98d22ec9266d9f4921f62fd3e4bf1cfa1b,0x8c946f9ff47411f18b7245a5d0a28e16183e1175,BUY,110290742709531333936637417418570910881285907663357514844586483587588568832794,0.6165686950039024,62.880257,1767044173
0x0c00fcef48aa34112280f6ff05b0327533f9ebae52c363b54db85ef68643162b_1767044217,0x2c3dce8515854f167dc523745a6b9d98d22ec9266d9f4921f62fd3e4bf1cfa1b,0xbacd00c9080a82ded56f504ee8810af732b0ab35,BUY,110290742709531333936637417418570910881285907663357514844586483587588568832794,0.618,149.45,1767044217
0xbcfcaa116b2dc0c9e0912b19c714acf5d6464d2efe2d6b9e4a96b4e0ecac30ed_1767044225,0x2c3dce8515854f167dc523745a6b9d98d22ec9266d9f4921f62fd3e4bf1cfa1b,0x8662915a20542ecf13fa8717bd3cfa2567dec94f,SELL,86498068750018438192524977941980476748299785729870940867089250086714498791178,0.38,65.38,1767044225
0x3db7f43ff39ade87f3b15db60f06872823fb725dc6e19f223faa45069cc5d319_1767044311,0x2c3dce8515854f167dc523745a6b9d98d22ec9266d9f4921f62fd3e4bf1cfa1b,0x4b9afb568c06368c92c8d734e8f8972b9a6bb04f,BUY,86498068750018438192524977941980476748299785729870940867089250086714498791178,0.34703,18.0,1767044311
0x0ca0fc4b9ddcfbaaa8fdc0836dc0cc474dd12116f846998435b1f1e890eaabb8_1767044321,0x2c3dce8515854f167dc523745a6b9d98d22ec9266d9f4921f62fd3e4bf1cfa1b,0x4b9afb568c06368c92c8d734e8f8972b9a6bb04f,BUY,86498068750018438192524977941980476748299785729870940867089250086714498791178,0.348,19.46,1767044321
0xe59fb2db678da952dac6beb5bbaaaa2780fd369083436698b5f60ac80e13447e_1767044349,0x2c3dce8515854f167dc523745a6b9d98d22ec9266d9f4921f62fd3e4bf1cfa1b,0xa25821bcfe54d3ad09aad6203fe4e1466d9816a9,BUY,110290742709531333936637417418570910881285907663357514844586483587588568832794,0.6689998613900436,2.286993,1767044349
0x5a375f146838185ff83428b48dc862b6b24569af780fc4e5cc080554261bdf62_1767044359,0x2c3dce8515854f167dc523745a6b9d98d22ec9266d9f4921f62fd3e4bf1cfa1b,0x728fb1f05821e4efe0f533d40aee31da7bb1d43e,SELL,110290742709531333936637417418570910881285907663357514844586483587588568832794,0.62,5.0,1767044359
0x0f31ad45ad34a1f9ebbfe24e058ebef1c55248a68d8f902026db4c8db5ccc77a_1767044403,0x2c3dce8515854f167dc523745a6b9d98d22ec9266d9f4921f62fd3e4bf1cfa1b,0xd950ef37b32702061d63e44a8475c360193cad1b,SELL,86498068750018438192524977941980476748299785729870940867089250086714498791178,0.3233159825151987,199.03,1767044403
0x53196d621f5e291a24bbc2188cebaf2aba71186f53c090827b331c3fe330e291_1767044489,0x2c3dce8515854f167dc523745a6b9d98d22ec9266d9f4921f62fd3e4bf1cfa1b,0x1ee5da2163774f281c8b12744c202c300e8eac96,SELL,86498068750018438192524977941980476748299785729870940867089250086714498791178,0.2551858814756011,831.39,1767044489
0xf3a9230157d82c9b470a1020143c67c5db9dc4754b98a507c857842d0758e0bb_1767044495,0x2c3dce8515854f167dc523745a6b9d98d22ec9266d9f4921f62fd3e4bf1cfa1b,0x3e426d5b3a5aa4bef22826b5b98de6497c798f95,SELL,110290742709531333936637417418570910881285907663357514844586483587588568832794,0.66,1.25,1767044495
0x5f6c69154184f8fe70a8719cebe7d538dea9ec1924d5f880a741b791d3072261_1767044499,0x2c3dce8515854f167dc523745a6b9d98d22ec9266d9f4921f62fd3e4bf1cfa1b,0x2b366034b69b64a444406b2db7ec1ff7869c473b,SELL,110290742709531333936637417418570910881285907663357514844586483587588568832794,0.66,1.8,1767044499
0x8049ce640d60f8d2137cf0b7b8ff8e9dd9c31dadfd09f8559fdee2e180157733_1767044513,0x2c3dce8515854f167dc523745a6b9d98d22ec9266d9f4921f62fd3e4bf1cfa1b,0x4b9afb568c06368c92c8d734e8f8972b9a6bb04f,BUY,86498068750018438192524977941980476748299785729870940867089250086714498791178,0.3578631,100.0,1767044513
0xad5535942e1f3477ab070200ad14170a9fc17f96f412db98c9b6fcfecc678d1d_1767044623,0x2c3dce8515854f167dc523745a6b9d98d22ec9266d9f4921f62fd3e4bf1cfa1b,0x4b9afb568c06368c92c8d734e8f8972b9a6bb04f,BUY,86498068750018438192524977941980476748299785729870940867089250086714498791178,0.25,92.5,1767044623
0x831fa44d444799f462b8163a8fda30949234956a10462a32874837ea7135b5ba_1767044699,0x2c3dce8515854f167dc523745a6b9d98d22ec9266d9f4921f62fd3e4bf1cfa1b,0x97e51fb734200cf785655999259883258c3699d0,BUY,86498068750018438192524977941980476748299785729870940867089250086714498791178,0.34699984955067203,4.034581,1767044699
0x0401b9152002cbf020e549e782055f3207c1e29955085545edcac480583e8816_1767044719,0x2c3dce8515854f167dc523745a6b9d98d22ec9266d9f4921f62fd3e4bf1cfa1b,0x5fe50c22621779e031322c5becb110d1fa0d8b99,SELL,86498068750018438192524977941980476748299785729870940867089250086714498791178,0.253,0.96,1767044719
0x4d4f111c9d58efb339bce127bec9eb9ca93e388eebb90e1482ad4894f0998dc3_1767044777,0x2c3dce8515854f167dc523745a6b9d98d22ec9266d9f4921f62fd3e4bf1cfa1b,0x6e9c681b749918dbf1de8d647f3beaf9b5d1e966,SELL,86498068750018438192524977941980476748299785729870940867089250086714498791178,0.27,27.27,1767044777
0x8d68f56e3c5d4b8f0842d500f72d95f53ef509de29ecb55b39239ebab4c0b9e3_1767044811,0x2c3dce8515854f167dc523745a6b9d98d22ec9266d9f4921f62fd3e4bf1cfa1b,0x38a6775625e1798fbe0a789715bbb54291ae3f1e,SELL,110290742709531333936637417418570910881285907663357514844586483587588568832794,0.6952308930008045,49.72,1767044811
0x7df7ef4baa37c84e891abe29f79b370ef8ae391e3babeb1adae9d215ced1b545_1767044865,0x2c3dce8515854f167dc523745a6b9d98d22ec9266d9f4921f62fd3e4bf1cfa1b,0xbacd00c9080a82ded56f504ee8810af732b0ab35,BUY,110290742709531333936637417418570910881285907663357514844586483587588568832794,0.726,100.0,1767044865
0x18ddaf5c9984097eb21ea4cf06c32f36450e559320b888a13ed31e3d80696846_1767044871,0x2c3dce8515854f167dc523745a6b9d98d22ec9266d9f4921f62fd3e4bf1cfa1b,0xbacd00c9080a82ded56f504ee8810af732b0ab35,BUY,110290742709531333936637417418570910881285907663357514844586483587588568832794,0.73,12.73,1767044871
0x8204a64ec97a89b4567b8f7be11e46355381f265212bc0a40633988a552c03ca_1767044905,0x2c3dce8515854f167dc523745a6b9d98d22ec9266d9f4921f62fd3e4bf1cfa1b,0xbacd00c9080a82ded56f504ee8810af732b0ab35,BUY,110290742709531333936637417418570910881285907663357514844586483587588568832794,0.747,9.04,1767044905
0x7b131ace22584b0df34b7f32b28c619e90f7c87ddc1f5ae07c23bf1b405ec5e2_1767044973,0x2c3dce8515854f167dc523745a6b9d98d22ec9266d9f4921f62fd3e4bf1cfa1b,0x8f7a4b414417911e7e9bd738399874792cdbdb40,BUY,86498068750018438192524977941980476748299785729870940867089250086714498791178,0.2929581739352206,274.47,1767044973
0xe4a4c597c3b140df171d4045c7bd0bd5d6e6f259fb0cdf6ea2e978972024d231_1767045111,0x2c3dce8515854f167dc523745a6b9d98d22ec9266d9f4921f62fd3e4bf1cfa1b,0xf2c4013a20d4e801fefd0b160a15a7b0cc779d55,SELL,110290742709531333936637417418570910881285907663357514844586483587588568832794,0.7033333333333334,45.0,1767045111
0x2cc55d5f19291b06cbe3f43c39e461e09a73129add33c9e0dffbda3b44e5d710_1767045145,0x2c3dce8515854f167dc523745a6b9d98d22ec9266d9f4921f62fd3e4bf1cfa1b,0x5576d37a5b25462d42bd6a376cdd839654a78081,SELL,110290742709531333936637417418570910881285907663357514844586483587588568832794,0.699,2.77,1767045145
0x12cb128cfacf101b241131212d6fba839b241960bb3f2eef51041c90661d1b52_1767045151,0x2c3dce8515854f167dc523745a6b9d98d22ec9266d9f4921f62fd3e4bf1cfa1b,0xf0b0ef1d6320c6be896b4c9c54dd74407e7f8cab,SELL,110290742709531333936637417418570910881285907663357514844586483587588568832794,0.699,2.77,1767045151
0xccff477f8bd975853b7bc4a34b0e614ce3b9338c296b11ebfad712296a373e5c_1767045217,0x2c3dce8515854f167dc523745a6b9d98d22ec9266d9f4921f62fd3e4bf1cfa1b,0x3078db4a9737866b4d6529f655025b3a20f80389,BUY,86498068750018438192524977941980476748299785729870940867089250086714498791178,0.261,47.93,1767045217
0x9eed5c8c31b012c86a9ff5f0e71d60c71ace9a3e1f870829d0ab7b8846548a80_1767045217,0x2c3dce8515854f167dc523745a6b9d98d22ec9266d9f4921f62fd3e4bf1cfa1b,0x75e765216a57942d738d880ffcda854d9f869080,BUY,110290742709531333936637417418570910881285907663357514844586483587588568832794,0.7373440564252537,58.13,1767045217
0x3eff47180b9acc97638eb05875da64420f4e06d9f1561ed53192b02c7d6fdd31_1767045219,0x2c3dce8515854f167dc523745a6b9d98d22ec9266d9f4921f62fd3e4bf1cfa1b,0x3078db4a9737866b4d6529f655025b3a20f80389,BUY,86498068750018438192524977941980476748299785729870940867089250086714498791178,0.261,47.93,1767045219
0x273afac8734331db71fd76d993109ee62a96b51ccd15e5feff42f32ac782fee6_1767045221,0x2c3dce8515854f167dc523745a6b9d98d22ec9266d9f4921f62fd3e4bf1cfa1b,0xadd8da1797263d6b2dcc88c66617fe537ee3474e,BUY,110290742709531333936637417418570910881285907663357514844586483587588568832794,0.74,1.35135,1767045221
0x673d1031ebae6704428b948e8b59c164e98b1338fdd7626c5975c1d63f5921f2_1767045221,0x2c3dce8515854f167dc523745a6b9d98d22ec9266d9f4921f62fd3e4bf1cfa1b,0xadd8da1797263d6b2dcc88c66617fe537ee3474e,BUY,110290742709531333936637417418570910881285907663357514844586483587588568832794,0.74,1.35135,1767045221
0x7a28ce67f24691ad93a0a6a11e259935180689b84932e670bb256e5a91fd8a2b_1767045225,0x2c3dce8515854f167dc523745a6b9d98d22ec9266d9f4921f62fd3e4bf1cfa1b,0xf1a0782969c6d87e97dadb2e9c5ddf0fc7f30bcf,BUY,110290742709531333936637417418570910881285907663357514844586483587588568832794,0.7419998704869422,1.482476,1767045225
0x10e34c06872db769f487cca4cf286790697c7b3be5e6fcf18c203286bb6fe17f_1767045225,0x2c3dce8515854f167dc523745a6b9d98d22ec9266d9f4921f62fd3e4bf1cfa1b,0xf1a0782969c6d87e97dadb2e9c5ddf0fc7f30bcf,BUY,110290742709531333936637417418570910881285907663357514844586483587588568832794,0.7419998704869422,1.482476,1767045225
0x2dbf0ec4140c1d559b4971a3b6923c05dc71c9d4c658daacb6c2c459783d5f56_1767045225,0x2c3dce8515854f167dc523745a6b9d98d22ec9266d9f4921f62fd3e4bf1cfa1b,0x259205c777eb96d075556a4d12f0ed37465c839a,BUY,110290742709531333936637417418570910881285907663357514844586483587588568832794,0.7400877904832165,27.11,1767045225
0x820699b7d69099a5d6b0ec1bb77292e75c3482c0b680dcc3fe556ea627642f83_1767045225,0x2c3dce8515854f167dc523745a6b9d98d22ec9266d9f4921f62fd3e4bf1cfa1b,0xadd8da1797263d6b2dcc88c66617fe537ee3474e,BUY,110290742709531333936637417418570910881285907663357514844586483587588568832794,0.74,1.35135,1767045225
0x0a174d65b2c4444305561900ea576c0fc2d64f8a6002d55149fa4d991fd24184_1767045227,0x2c3dce8515854f167dc523745a6b9d98d22ec9266d9f4921f62fd3e4bf1cfa1b,0x259205c777eb96d075556a4d12f0ed37465c839a,BUY,110290742709531333936637417418570910881285907663357514844586483587588568832794,0.7427034358047017,22.12,1767045227
0x82e4845aad9ba632ee29d4fbd58f96b64526551976bd762be16a586915d54acb_1767045227,0x2c3dce8515854f167dc523745a6b9d98d22ec9266d9f4921f62fd3e4bf1cfa1b,0xf1a0782969c6d87e97dadb2e9c5ddf0fc7f30bcf,BUY,110290742709531333936637417418570910881285907663357514844586483587588568832794,0.7419998704869422,1.482476,1767045227
0x0ff8c7ecb6bbd26c60871d4761a8d0ad5b4b55645b00b3ba3a3b0230283289eb_1767045245,0x2c3dce8515854f167dc523745a6b9d98d22ec9266d9f4921f62fd3e4bf1cfa1b,0x8bbc617c7cd9013872b6d37efc3354bda6c72495,BUY,110290742709531333936637417418570910881285907663357514844586483587588568832794,0.745,1.25,1767045245
0xc0e82ae1c2ea1317116507a5bc4b7f8b1c23b93f634c0e12e9748ee51ec6d4c1_1767045247,0x2c3dce8515854f167dc523745a6b9d98d22ec9266d9f4921f62fd3e4bf1cfa1b,0x8cefe40229817a955ecfa4c14f6a07fcc9a64017,BUY,110290742709531333936637417418570910881285907663357514844586483587588568832794,0.7459999827846063,4.879354,1767045247
0x97cc6c60e9e562ded15bf3b373d25d4acd56c2cabfabea57e9b3993b6896fc6b_1767045247,0x2c3dce8515854f167dc523745a6b9d98d22ec9266d9f4921f62fd3e4bf1cfa1b,0x8cefe40229817a955ecfa4c14f6a07fcc9a64017,BUY,110290742709531333936637417418570910881285907663357514844586483587588568832794,0.7449999952311519,18.872482,1767045247
0xdadeee17b22292419b24a3e66f1b57c7c9be487f4dfb120199ba9d673681911f_1767045249,0x2c3dce8515854f167dc523745a6b9d98d22ec9266d9f4921f62fd3e4bf1cfa1b,0x8cefe40229817a955ecfa4c14f6a07fcc9a64017,BUY,110290742709531333936637417418570910881285907663357514844586483587588568832794,0.7529999874169706,10.092959,1767045249
0x2ae0f00a8914c006711bf7f95a48dde1665fb947356de57935cfa019e21aa6a8_1767045249,0x2c3dce8515854f167dc523745a6b9d98d22ec9266d9f4921f62fd3e4bf1cfa1b,0x259205c777eb96d075556a4d12f0ed37465c839a,BUY,110290742709531333936637417418570910881285907663357514844586483587588568832794,0.7463164556962025,22.12,1767045249
0x9e080baf0aa228f36677e51bf6a9ca8eae44bb5e3ce214d226e6d35e430e38d5_1767045249,0x2c3dce8515854f167dc523745a6b9d98d22ec9266d9f4921f62fd3e4bf1cfa1b,0x8cefe40229817a955ecfa4c14f6a07fcc9a64017,BUY,110290742709531333936637417418570910881285907663357514844586483587588568832794,0.7508165221051204,13.918178,1767045249
0x8cd67c6f9d1bdb0802c9ec4b0bbfbb7a0fbdb5dc879ce0ac90ef955d7886f507_1767045249,0x2c3dce8515854f167dc523745a6b9d98d22ec9266d9f4921f62fd3e4bf1cfa1b,0x259205c777eb96d075556a4d12f0ed37465c839a,BUY,110290742709531333936637417418570910881285907663357514844586483587588568832794,0.7483264478052379,27.11,1767045249
0x4107357b885031b1ecdc5f109d25cd69a965a16099cd1bd395af6e4a8ce58110_1767045249,0x2c3dce8515854f167dc523745a6b9d98d22ec9266d9f4921f62fd3e4bf1cfa1b,0x259205c777eb96d075556a4d12f0ed37465c839a,BUY,110290742709531333936637417418570910881285907663357514844586483587588568832794,0.7515524412296564,22.12,1767045249
0xe3c701bb5f59d74760411636af24de881aff54e01be72de244bd9042b0e59530_1767045251,0x2c3dce8515854f167dc523745a6b9d98d22ec9266d9f4921f62fd3e4bf1cfa1b,0x8cefe40229817a955ecfa4c14f6a07fcc9a64017,BUY,110290742709531333936637417418570910881285907663357514844586483587588568832794,0.7549999662946343,4.45033,1767045251
0xa5fde07406912d36378dcbe6b7334778a405c2307e27dcc8ed938ba6fe64397e_1767045251,0x2c3dce8515854f167dc523745a6b9d98d22ec9266d9f4921f62fd3e4bf1cfa1b,0x8cefe40229817a955ecfa4c14f6a07fcc9a64017,BUY,110290742709531333936637417418570910881285907663357514844586483587588568832794,0.7559999980235289,10.119045,1767045251
0xb182439ff01793ff62b14985aeafdf5dd69704940235ad6186b9c5428af6eac4_1767045251,0x2c3dce8515854f167dc523745a6b9d98d22ec9266d9f4921f62fd3e4bf1cfa1b,0x8cefe40229817a955ecfa4c14f6a07fcc9a64017,BUY,110290742709531333936637417418570910881285907663357514844586483587588568832794,0.7549999819377865,5.53642,1767045251
0x27a740012245be52d3728252213c3cf2a20d71f94436023bb65d43a0271b74b4_1767045257,0x2c3dce8515854f167dc523745a6b9d98d22ec9266d9f4921f62fd3e4bf1cfa1b,0x9a5867362c20a2b83245ca00801aa4fb986b149d,BUY,110290742709531333936637417418570910881285907663357514844586483587588568832794,0.7559999589965429,2.341266,1767045257
0xbbf557956bbbbea2e041e296a2b4477ff0fdcb03bc6fc732c6ae1ccb6eadb7eb_1767045257,0x2c3dce8515854f167dc523745a6b9d98d22ec9266d9f4921f62fd3e4bf1cfa1b,0x9a5867362c20a2b83245ca00801aa4fb986b149d,BUY,110290742709531333936637417418570910881285907663357514844586483587588568832794,0.7559999589965429,2.341266,1767045257
0x1c6d3c194039a7084a4bb6293c7bb7d43349dfa4c5c1b44a539b92830f3b15f9_1767045259,0x2c3dce8515854f167dc523745a6b9d98d22ec9266d9f4921f62fd3e4bf1cfa1b,0x9a5867362c20a2b83245ca00801aa4fb986b149d,BUY,110290742709531333936637417418570910881285907663357514844586483587588568832794,0.7559999589965429,2.341266,1767045259
0xae0ab95baa225327375b9748eecbc815323a044f78d5ea8010cdc21da755f2e1_1767045259,0x2c3dce8515854f167dc523745a6b9d98d22ec9266d9f4921f62fd3e4bf1cfa1b,0x9a5867362c20a2b83245ca00801aa4fb986b149d,BUY,110290742709531333936637417418570910881285907663357514844586483587588568832794,0.7559999589965429,2.341266,1767045259
0x6867cc60c9c04cb64b89c0be28ef381ed8c15f36a6871c0efbfc3c5476bc8bb3_1767045259,0x2c3dce8515854f167dc523745a6b9d98d22ec9266d9f4921f62fd3e4bf1cfa1b,0x603eab2a43dc3c9b2399dce0a6310278c06543fe,SELL,110290742709531333936637417418570910881285907663357514844586483587588568832794,0.7332531125446851,243.37,1767045259
0x1bb62664ef7889c72e469cd5dbfb59451f2c93343ce5d59f265f298fb34f0b6b_1767045261,0x2c3dce8515854f167dc523745a6b9d98d22ec9266d9f4921f62fd3e4bf1cfa1b,0x9a5867362c20a2b83245ca00801aa4fb986b149d,BUY,110290742709531333936637417418570910881285907663357514844586483587588568832794,0.7559999632597634,2.830684,1767045261
0x3e42bc285560811973c414c2e7a88e4aa90725b8ae3e1a50eea749dd0c492df2_1767045263,0x2c3dce8515854f167dc523745a6b9d98d22ec9266d9f4921f62fd3e4bf1cfa1b,0x9a5867362c20a2b83245ca00801aa4fb986b149d,BUY,110290742709531333936637417418570910881285907663357514844586483587588568832794,0.7559999632597634,2.830684,1767045263
0x15ad9ec936c4320c301909773c91cc9d5677482b64daf9463babc9899bba6a96_1767045265,0x2c3dce8515854f167dc523745a6b9d98d22ec9266d9f4921f62fd3e4bf1cfa1b,0x9a5867362c20a2b83245ca00801aa4fb986b149d,BUY,110290742709531333936637417418570910881285907663357514844586483587588568832794,0.7559999632597634,2.830684,1767045265
0xfa6b3e44532b8ab5b4d124f69b40d8ca1717ea0756544a596ed8e9c5106df99b_1767045265,0x2c3dce8515854f167dc523745a6b9d98d22ec9266d9f4921f62fd3e4bf1cfa1b,0x9a5867362c20a2b83245ca00801aa4fb986b149d,BUY,110290742709531333936637417418570910881285907663357514844586483587588568832794,0.7559998950346386,1.600528,1767045265
0xa99c72629fa82846c6220fe2699635b5bda8e6b7baee3f842c2dd55c60a6afd4_1767045267,0x2c3dce8515854f167dc523745a6b9d98d22ec9266d9f4921f62fd3e4bf1cfa1b,0x259205c777eb96d075556a4d12f0ed37465c839a,BUY,110290742709531333936637417418570910881285907663357514844586483587588568832794,0.7562422129931771,67.42,1767045267
0x318da3fd648c0bd9fea92fde4a457628da77087b51d540788b19a2e37f93c903_1767045269,0x2c3dce8515854f167dc523745a6b9d98d22ec9266d9f4921f62fd3e4bf1cfa1b,0x9a5867362c20a2b83245ca00801aa4fb986b149d,BUY,110290742709531333936637417418570910881285907663357514844586483587588568832794,0.7549999637428781,2.344367,1767045269
0x31ef5f579bf694ba628020501708bdbe24b183bf6ccadbac4ba059f17a12be4c_1767045269,0x2c3dce8515854f167dc523745a6b9d98d22ec9266d9f4921f62fd3e4bf1cfa1b,0x9a5867362c20a2b83245ca00801aa4fb986b149d,BUY,110290742709531333936637417418570910881285907663357514844586483587588568832794,0.7549999637428781,2.344367,1767045269
0x2d6d02607d9405900cf9c1b66e75ae346544e27e75fe54f0c41f1d944a751015_1767045269,0x2c3dce8515854f167dc523745a6b9d98d22ec9266d9f4921f62fd3e4bf1cfa1b,0xf1a0782969c6d87e97dadb2e9c5ddf0fc7f30bcf,BUY,110290742709531333936637417418570910881285907663357514844586483587588568832794,0.7549999179345774,1.523175,1767045269
0x5a64216de6d26b470af505d45547a68caabf70ca8bf9454d0ab73800557a8578_1767045271,0x2c3dce8515854f167dc523745a6b9d98d22ec9266d9f4921f62fd3e4bf1cfa1b,0x9a5867362c20a2b83245ca00801aa4fb986b149d,BUY,110290742709531333936637417418570910881285907663357514844586483587588568832794,0.7569999007773581,2.338176,1767045271
0x9e397be277ff15ef514a787be5af80293f699ff70ce4161d781493b7542547e0_1767045275,0x2c3dce8515854f167dc523745a6b9d98d22ec9266d9f4921f62fd3e4bf1cfa1b,0x8bbc617c7cd9013872b6d37efc3354bda6c72495,BUY,110290742709531333936637417418570910881285907663357514844586483587588568832794,0.757,1.24,1767045275
0xa77cb27e64933e742bc89f0a8e4a6065b226ba1cd743df82cb37f9300abd888f_1767045293,0x2c3dce8515854f167dc523745a6b9d98d22ec9266d9f4921f62fd3e4bf1cfa1b,0x9a5867362c20a2b83245ca00801aa4fb986b149d,BUY,110290742709531333936637417418570910881285907663357514844586483587588568832794,0.7629999862688289,7.064219,1767045293
0x8607f0f713de3048902415721411f1c19a72ea84fc8452b1941c590ce5fe3385_1767045293,0x2c3dce8515854f167dc523745a6b9d98d22ec9266d9f4921f62fd3e4bf1cfa1b,0xf24575c96cf60db5fa299c6c9d4e0518358f1df4,SELL,86498068750018438192524977941980476748299785729870940867089250086714498791178,0.2390468,100.0,1767045293
0x3acc6f41eb6fc45685309d08ecff63d1cb6b79c5545a5e25bc677563a5236a41_1767045293,0x2c3dce8515854f167dc523745a6b9d98d22ec9266d9f4921f62fd3e4bf1cfa1b,0x9a5867362c20a2b83245ca00801aa4fb986b149d,BUY,110290742709531333936637417418570910881285907663357514844586483587588568832794,0.7629999862463462,3.053734,1767045293
0x45222e395492eea3619393be8fe03b774459216310139835bf9a5a809d32d760_1767045295,0x2c3dce8515854f167dc523745a6b9d98d22ec9266d9f4921f62fd3e4bf1cfa1b,0x9a5867362c20a2b83245ca00801aa4fb986b149d,BUY,110290742709531333936637417418570910881285907663357514844586483587588568832794,0.76299999925196,4.010481,1767045295
0xc1ad852f22294c2c2bf42de33ffdaf7192bc85960a1cb2b00af35b0503749e1c_1767045305,0x2c3dce8515854f167dc523745a6b9d98d22ec9266d9f4921f62fd3e4bf1cfa1b,0x259205c777eb96d075556a4d12f0ed37465c839a,BUY,110290742709531333936637417418570910881285907663357514844586483587588568832794,0.7633022841886681,67.42,1767045305
0xc7f79fe471ed58a5fb447ac50e26f6d42ec36f2df228399cbf0705e45b055569_1767045305,0x2c3dce8515854f167dc523745a6b9d98d22ec9266d9f4921f62fd3e4bf1cfa1b,0x259205c777eb96d075556a4d12f0ed37465c839a,BUY,110290742709531333936637417418570910881285907663357514844586483587588568832794,0.763,22.12,1767045305
0x8b86636af807be403e9564a42d4686486e5710a493109ac49f813d217aeb61ea_1767045305,0x2c3dce8515854f167dc523745a6b9d98d22ec9266d9f4921f62fd3e4bf1cfa1b,0x259205c777eb96d075556a4d12f0ed37465c839a,BUY,110290742709531333936637417418570910881285907663357514844586483587588568832794,0.764,22.12,1767045305
0xd148df6d0633f2e73b1278da08074047567fddc3d45ada51e14d3a5114424e31_1767045305,0x2c3dce8515854f167dc523745a6b9d98d22ec9266d9f4921f62fd3e4bf1cfa1b,0x259205c777eb96d075556a4d12f0ed37465c839a,BUY,110290742709531333936637417418570910881285907663357514844586483587588568832794,0.764,27.11,1767045305
0x91c4a68d423fad3655abfc05fde2f5ea8eb84f8c6ff0a2c5b6096a2b238f2b81_1767045317,0x2c3dce8515854f167dc523745a6b9d98d22ec9266d9f4921f62fd3e4bf1cfa1b,0x48c8f858db3e753f572e3353ed9405e361377e28,SELL,110290742709531333936637417418570910881285907663357514844586483587588568832794,0.739,8.63,1767045317
0x61b831b820e52b6d6f1cc711d165a40e5bf72b450d584e56eeb8cc890f4491ac_1767045363,0x2c3dce8515854f167dc523745a6b9d98d22ec9266d9f4921f62fd3e4bf1cfa1b,0x8267694f07437124ea5a2e9e9cc1d3adf682918d,BUY,110290742709531333936637417418570910881285907663357514844586483587588568832794,0.7629999958797994,26.212316,1767045363
0xc41a519f759d4b9333d970d293116d3530fa287d9de46110a573621d61db5cf6_1767045363,0x2c3dce8515854f167dc523745a6b9d98d22ec9266d9f4921f62fd3e4bf1cfa1b,0x259205c777eb96d075556a4d12f0ed37465c839a,BUY,110290742709531333936637417418570910881285907663357514844586483587588568832794,0.763,27.11,1767045363
0xb540b6cc454fd621dc0fc4a8e510de78df1f6de68e5e59b7bb4cc860ddc22037_1767045363,0x2c3dce8515854f167dc523745a6b9d98d22ec9266d9f4921f62fd3e4bf1cfa1b,0x259205c777eb96d075556a4d12f0ed37465c839a,BUY,110290742709531333936637417418570910881285907663357514844586483587588568832794,0.763,22.12,1767045363
0xea277f82df3b9cbb94a76ad9ba7c939510f2dd94cca82d2fce8420567fe9d0f0_1767045363,0x2c3dce8515854f167dc523745a6b9d98d22ec9266d9f4921f62fd3e4bf1cfa1b,0x259205c777eb96d075556a4d12f0ed37465c839a,BUY,110290742709531333936637417418570910881285907663357514844586483587588568832794,0.763,22.12,1767045363
0x283916b441a74c28517e39d9c802cf6d36b87ab5431a81803bfdec8856fa0578_1767045363,0x2c3dce8515854f167dc523745a6b9d98d22ec9266d9f4921f62fd3e4bf1cfa1b,0x259205c777eb96d075556a4d12f0ed37465c839a,BUY,110290742709531333936637417418570910881285907663357514844586483587588568832794,0.763,67.42,1767045363
0x62682d1679869061b954defd25ab99a9af8b1a2389c87dfa28bee5ea451fe300_1767045467,0x2c3dce8515854f167dc523745a6b9d98d22ec9266d9f4921f62fd3e4bf1cfa1b,0x945a49252f772a10c6ddd1d1e1e24ee20438a48c,SELL,86498068750018438192524977941980476748299785729870940867089250086714498791178,0.237,2.27,1767045467
0x4a07a080b550a4cb8e2a99e010c097042732446e43f0b4100819ee7cb0f97d50_1767045609,0x2c3dce8515854f167dc523745a6b9d98d22ec9266d9f4921f62fd3e4bf1cfa1b,0x7a146c5e70c092d06be27097a5c770b49d0bd748,SELL,86498068750018438192524977941980476748299785729870940867089250086714498791178,0.2395033633640887,1656.08,1767045609
0xc51164b34f51e97cf0f75a7b48bb50b0433f764ad9d70b1d068bc6e3df7a7518_1767045613,0x2c3dce8515854f167dc523745a6b9d98d22ec9266d9f4921f62fd3e4bf1cfa1b,0x3e426d5b3a5aa4bef22826b5b98de6497c798f95,SELL,110290742709531333936637417418570910881285907663357514844586483587588568832794,0.7152311495673671,32.36,1767045613
0xaaf27d18e4653861f8af68603782a3b207655b83cde42eef7dc072f71929b8cf_1767045613,0x2c3dce8515854f167dc523745a6b9d98d22ec9266d9f4921f62fd3e4bf1cfa1b,0x7a146c5e70c092d06be27097a5c770b49d0bd748,SELL,86498068750018438192524977941980476748299785729870940867089250086714498791178,0.23676175107814548,1059.69,1767045613
0xcc3b570b0d0b10b3e2fad24ae9f7b8684f016539aa68e8c70c1aacf9c06938a6_1767045619,0x2c3dce8515854f167dc523745a6b9d98d22ec9266d9f4921f62fd3e4bf1cfa1b,0x2b366034b69b64a444406b2db7ec1ff7869c473b,SELL,110290742709531333936637417418570910881285907663357514844586483587588568832794,0.716,1.73,1767045619
0x90440bc3fb6ccf701b176a047eb2c1faeb12a93d9e933ad98391795762d6bc75_1767045639,0x2c3dce8515854f167dc523745a6b9d98d22ec9266d9f4921f62fd3e4bf1cfa1b,0x4eb601e831ba73bbc8e9f9f60aa636af632a5e8a,SELL,110290742709531333936637417418570910881285907663357514844586483587588568832794,0.723,3.59,1767045639
0x3b24be3849a78355810dcf9229df6a31fd81a80f643830aaccac62eefe3f9f88_1767045641,0x2c3dce8515854f167dc523745a6b9d98d22ec9266d9f4921f62fd3e4bf1cfa1b,0x5389fbf5d52e634d0ef2ef876849e5874da09237,SELL,110290742709531333936637417418570910881285907663357514844586483587588568832794,0.723,3.59,1767045641
0xf282aa96cce9dd7282c7482cd680abb31e53282ca04c228fb43611f8a5c50be7_1767045645,0x2c3dce8515854f167dc523745a6b9d98d22ec9266d9f4921f62fd3e4bf1cfa1b,0xc77bc7c12cff77cd80de2d3377ce22aec3a6a526,BUY,86498068750018438192524977941980476748299785729870940867089250086714498791178,0.27099989353568005,5.16605,1767045645
0xb990bb4e19a1f40c52cf4f3c263921b06f1758e27bd49ae8aa1f4a77745f66f5_1767045647,0x2c3dce8515854f167dc523745a6b9d98d22ec9266d9f4921f62fd3e4bf1cfa1b,0x8ebfdc251c6c378d4a3a54a8f15cebfa4b9183ce,SELL,86498068750018438192524977941980476748299785729870940867089250086714498791178,0.21054163258629152,611.3,1767045647
0xf4ce9fefd2cd36e5d0c3bfb367457c88543bed08a6ef3d5734216dfb64c06634_1767045651,0x2c3dce8515854f167dc523745a6b9d98d22ec9266d9f4921f62fd3e4bf1cfa1b,0x9d8d3376c2353fa73370c55b879fbb145f294dc6,SELL,110290742709531333936637417418570910881285907663357514844586483587588568832794,0.733,0.3,1767045651
0x7197edf6fa680057220fc1d77d8b50eca87d056f16e3812ec532b5b7e96306a6_1767045651,0x2c3dce8515854f167dc523745a6b9d98d22ec9266d9f4921f62fd3e4bf1cfa1b,0xc77bc7c12cff77cd80de2d3377ce22aec3a6a526,BUY,86498068750018438192524977941980476748299785729870940867089250086714498791178,0.2669999113296043,6.067414,1767045651
0x93167b30277ea8631ba0870247e7f5d605d885191a357159ad5ae3760d12075f_1767045687,0x2c3dce8515854f167dc523745a6b9d98d22ec9266d9f4921f62fd3e4bf1cfa1b,0x97e51fb734200cf785655999259883258c3699d0,SELL,86498068750018438192524977941980476748299785729870940867089250086714498791178,0.1915410279531109,11.09,1767045687
0xde7cf1892a8f3ede7a9ddf7649a5b5934b1bc7791f3243c4c259764f3da793d1_1767045707,0x2c3dce8515854f167dc523745a6b9d98d22ec9266d9f4921f62fd3e4bf1cfa1b,0x9aeb534c42b58b21673d5e03e9da14fbd15b2729,BUY,110290742709531333936637417418570910881285907663357514844586483587588568832794,0.807,400.0,1767045707
0xc0e906a466356a729b645eae33151e69760f54850c9317994e4ef1118b41992a_1767045711,0x2c3dce8515854f167dc523745a6b9d98d22ec9266d9f4921f62fd3e4bf1cfa1b,0x74c3f65f6ffc0bfcca6628502a5c4d04578cbbe6,SELL,86498068750018438192524977941980476748299785729870940867089250086714498791178,0.201,35.0,1767045711
0xd5cc0cdd9c69e1bdf33a8f35042633b8d1aabc9fad3501c22c515f39a124797c_1767045719,0x2c3dce8515854f167dc523745a6b9d98d22ec9266d9f4921f62fd3e4bf1cfa1b,0x5188fa0e8a77e87bc6a58e6781fdfc4e165cc804,BUY,86498068750018438192524977941980476748299785729870940867089250086714498791178,0.22939456029954755,384.58,1767045719
0x866eb203f5f519b706c2ceea90d8fb41d62b55f6219a81444ddbefd84b33dc53_1767045745,0x2c3dce8515854f167dc523745a6b9d98d22ec9266d9f4921f62fd3e4bf1cfa1b,0xe25b9180f5687aa85bd94ee309bb72a464320f1b,SELL,110290742709531333936637417418570910881285907663357514844586483587588568832794,0.7574228944246738,590.1,1767045745
0xe7b17633e588c322ad0a66b690541731023c52282ce662b1c68f230f87ad375e_1767045749,0x2c3dce8515854f167dc523745a6b9d98d22ec9266d9f4921f62fd3e4bf1cfa1b,0x9d8d3376c2353fa73370c55b879fbb145f294dc6,SELL,110290742709531333936637417418570910881285907663357514844586483587588568832794,0.72,0.91,1767045749
0x59777400c9807393df1c4a4af434f278bf94b05a13eb99f71f65da1885d167ae_1767045767,0x2c3dce8515854f167dc523745a6b9d98d22ec9266d9f4921f62fd3e4bf1cfa1b,0x85dfe68799c81169482aad52aabd3d899404fb48,BUY,110290742709531333936637417418570910881285907663357514844586483587588568832794,0.735,11.8,1767045767
0xbc38098b74ff378083cec7fd238770fc0464033f5492c566ef960a1e84545008_1767045777,0x2c3dce8515854f167dc523745a6b9d98d22ec9266d9f4921f62fd3e4bf1cfa1b,0x0bf0fd654359036f6cb7c9d1107beafe60060fe7,BUY,110290742709531333936637417418570910881285907663357514844586483587588568832794,0.7489999595539752,4.005338,1767045777
0x18f2b310775d98279450c1565005cb70df8033c5f6032a4e90eba76069413e57_1767045795,0x2c3dce8515854f167dc523745a6b9d98d22ec9266d9f4921f62fd3e4bf1cfa1b,0x74c3f65f6ffc0bfcca6628502a5c4d04578cbbe6,SELL,86498068750018438192524977941980476748299785729870940867089250086714498791178,0.272,13.2,1767045795
0x35f35a6e04a4adc0c5cbe41e6aa2b6bf54cd3c040c50e423e4721cf81821a640_1767045805,0x2c3dce8515854f167dc523745a6b9d98d22ec9266d9f4921f62fd3e4bf1cfa1b,0xd5f288c7273d6050514fd1972e2819d3ec5f3ca1,SELL,86498068750018438192524977941980476748299785729870940867089250086714498791178,0.2190470297029703,40.4,1767045805
0x49dd9956d91549654a263d93009b4128e9cd561f6885ce3d3bed92d4eae4de19_1767046005,0x2c3dce8515854f167dc523745a6b9d98d22ec9266d9f4921f62fd3e4bf1cfa1b,0x8c946f9ff47411f18b7245a5d0a28e16183e1175,SELL,110290742709531333936637417418570910881285907663357514844586483587588568832794,0.7482158078880408,62.88,1767046005
0x1e2d95f3904b16631012eeb277f279405f263e852ec72736283b8023b0746877_1767046025,0x2c3dce8515854f167dc523745a6b9d98d22ec9266d9f4921f62fd3e4bf1cfa1b,0x7e8e5729fd526c5a865c4ff9f4c91d2b674ee539,BUY,86498068750018438192524977941980476748299785729870940867089250086714498791178,0.2519999729855975,19.841268,1767046025
0xa27c4c396505ec3220e38ca60c30f964b7fff958b485f508698db3a429d7dc31_1767046035,0x2c3dce8515854f167dc523745a6b9d98d22ec9266d9f4921f62fd3e4bf1cfa1b,0xd5f846515243f91280963a71a66b1fbb0740ac7b,SELL,86498068750018438192524977941980476748299785729870940867089250086714498791178,0.2334375,48.0,1767046035
0xc3a188c27d3e56db5ba2940e85825c55078a65b7c390f1da25008ac7f1cdb09c_1767046061,0x2c3dce8515854f167dc523745a6b9d98d22ec9266d9f4921f62fd3e4bf1cfa1b,0xe732156a2d84cdfb4de831d3f11a22899e49898f,BUY,86498068750018438192524977941980476748299785729870940867089250086714498791178,0.25257648538572114,166.96,1767046061
0x2777b6ae79329d959df36466389b4215465666fbb7010faeefca5ccd05dec4c8_1767046083,0x2c3dce8515854f167dc523745a6b9d98d22ec9266d9f4921f62fd3e4bf1cfa1b,0x8ebfdc251c6c378d4a3a54a8f15cebfa4b9183ce,BUY,86498068750018438192524977941980476748299785729870940867089250086714498791178,0.254,180.0,1767046083
0x8f2f269b89240938ffaafec49637809c336628f7d9e359ded6f9f7fc678a9c9f_1767046119,0x2c3dce8515854f167dc523745a6b9d98d22ec9266d9f4921f62fd3e4bf1cfa1b,0x74c3f65f6ffc0bfcca6628502a5c4d04578cbbe6,BUY,86498068750018438192524977941980476748299785729870940867089250086714498791178,0.2939999850018717,43.605441,1767046119
0x2e83118a5382df426a62da3b7a6a27379ca00993a32ae6c540f374935cdeb35d_1767046137,0x2c3dce8515854f167dc523745a6b9d98d22ec9266d9f4921f62fd3e4bf1cfa1b,0x7e8e5729fd526c5a865c4ff9f4c91d2b674ee539,BUY,86498068750018438192524977941980476748299785729870940867089250086714498791178,0.29399999621328,170.068026,1767046137
0x83fc63fa957ea8c3f41c95d13e724351feedd5c71156b84eb47c8f8de8fbaebc_1767046181,0x2c3dce8515854f167dc523745a6b9d98d22ec9266d9f4921f62fd3e4bf1cfa1b,0x6268011cdc123d7ab44cabdef70b7a571f286031,BUY,86498068750018438192524977941980476748299785729870940867089250086714498791178,0.294,50.0,1767046181
0x3a6b13e74ce9d3227a3403f262fde3844446bc30b46e64c61ae81d742e0443d6_1767046181,0x2c3dce8515854f167dc523745a6b9d98d22ec9266d9f4921f62fd3e4bf1cfa1b,0x5576d37a5b25462d42bd6a376cdd839654a78081,BUY,110290742709531333936637417418570910881285907663357514844586483587588568832794,0.736999862180888,1.356851,1767046181
0x30543acd89865581702c7530707291a900727fe3ef16aba0e04efe6db0ef065b_1767046187,0x2c3dce8515854f167dc523745a6b9d98d22ec9266d9f4921f62fd3e4bf1cfa1b,0xf0b0ef1d6320c6be896b4c9c54dd74407e7f8cab,SELL,86498068750018438192524977941980476748299785729870940867089250086714498791178,0.263,1.36,1767046187
0x357d20998c2ef422bc5a7a4a40501cffb40403af254fb9c8ae9cebebbf2fd283_1767046189,0x2c3dce8515854f167dc523745a6b9d98d22ec9266d9f4921f62fd3e4bf1cfa1b,0x74c3f65f6ffc0bfcca6628502a5c4d04578cbbe6,BUY,86498068750018438192524977941980476748299785729870940867089250086714498791178,0.29,30.0,1767046189
0x84e3cb911d4c0887883b1e7ae6309f4c56bd2faadf8710a4461b0c6a9d4c2584_1767046233,0x2c3dce8515854f167dc523745a6b9d98d22ec9266d9f4921f62fd3e4bf1cfa1b,0x6268011cdc123d7ab44cabdef70b7a571f286031,BUY,86498068750018438192524977941980476748299785729870940867089250086714498791178,0.294,36.0,1767046233
0x973ff6e559f73569655480e1efc8bf876b37f57ae689c475259e6d46f9f6c4c7_1767046309,0x2c3dce8515854f167dc523745a6b9d98d22ec9266d9f4921f62fd3e4bf1cfa1b,0xcf6a714618a328c608a1c70cb62a31a6bef3f9d0,BUY,86498068750018438192524977941980476748299785729870940867089250086714498791178,0.29898562702120013,111.32,1767046309
0xceaf0dea61795a56157c404fd5947eb9936f045ca3c68eed38e04e40763795c5_1767046369,0x2c3dce8515854f167dc523745a6b9d98d22ec9266d9f4921f62fd3e4bf1cfa1b,0x97e51fb734200cf785655999259883258c3699d0,BUY,86498068750018438192524977941980476748299785729870940867089250086714498791178,0.3699999412149351,5.783782,1767046369
0xd5d7218a2a836f749404f56c529836ced009d8730be3540e30a3de52bb542451_1767046385,0x2c3dce8515854f167dc523745a6b9d98d22ec9266d9f4921f62fd3e4bf1cfa1b,0x8f9f0ad4bb1021178ebdeb8b4108190f5fb5ebc0,BUY,86498068750018438192524977941980476748299785729870940867089250086714498791178,0.36999998939333295,40.540539,1767046385
0xfbb81a843db05c8c347190ea930599ecea31ec3213f04f0f67f2c35c34e6e8d2_1767046411,0x2c3dce8515854f167dc523745a6b9d98d22ec9266d9f4921f62fd3e4bf1cfa1b,0xd5f288c7273d6050514fd1972e2819d3ec5f3ca1,BUY,86498068750018438192524977941980476748299785729870940867089250086714498791178,0.36999998787570526,23.918917,1767046411
0xdd8b3e810d72f4df364362bb80c6bd093362b4fb52b009fd3379d09e6c3be79b_1767046535,0x2c3dce8515854f167dc523745a6b9d98d22ec9266d9f4921f62fd3e4bf1cfa1b,0x5b07c21b2d9b3e8236c4efd7c9d72fc04ca2de95,BUY,110290742709531333936637417418570910881285907663357514844586483587588568832794,0.6710732310737259,20.21,1767046535
0xc0af7b71db7e74108a31aa7b93f4750a37e1f7c1a51b5857625d9395732691b5_1767046555,0x2c3dce8515854f167dc523745a6b9d98d22ec9266d9f4921f62fd3e4bf1cfa1b,0xc4f4f2d987637aaf66b8c89c5501b9da3ec94ccc,BUY,86498068750018438192524977941980476748299785729870940867089250086714498791178,0.36826934309139164,27.154036,1767046555
0xb8cc8e68d8c424b700a7b77c0d163992addd49e1a9bc8d5d1c7beb547e86ec82_1767046581,0x2c3dce8515854f167dc523745a6b9d98d22ec9266d9f4921f62fd3e4bf1cfa1b,0xd31db9247536cb4dad71b608042e0c60af7fe898,SELL,86498068750018438192524977941980476748299785729870940867089250086714498791178,0.2744592,25.0,1767046581
0x9de14ec9f004aea0ff2f2dcbb2bbe48320a4cafd05fca71471c5116e85ed7b21_1767046627,0x2c3dce8515854f167dc523745a6b9d98d22ec9266d9f4921f62fd3e4bf1cfa1b,0x74c3f65f6ffc0bfcca6628502a5c4d04578cbbe6,SELL,86498068750018438192524977941980476748299785729870940867089250086714498791178,0.2722042,50.0,1767046627
0xe2cbd09fcb5ceaf7905803d09f5435faa8a3609c6dcc6293bd57326a2c625dfc_1767046669,0x2c3dce8515854f167dc523745a6b9d98d22ec9266d9f4921f62fd3e4bf1cfa1b,0x74c3f65f6ffc0bfcca6628502a5c4d04578cbbe6,SELL,86498068750018438192524977941980476748299785729870940867089250086714498791178,0.27,10.0,1767046669
0x80b2433719653ac0d411858fcbc44dcfe0f7d81753d00cd11d835f9232aae72a_1767046671,0x2c3dce8515854f167dc523745a6b9d98d22ec9266d9f4921f62fd3e4bf1cfa1b,0xfc129040b6d96c5a2c42b6e813fa0ec67151da22,BUY,110290742709531333936637417418570910881285907663357514844586483587588568832794,0.7316340971585701,54.55,1767046671
0x252f63897161b80d828a3eef81a3cebed46517311b7e61d366fb1e878bc78cfd_1767046683,0x2c3dce8515854f167dc523745a6b9d98d22ec9266d9f4921f62fd3e4bf1cfa1b,0x7e8e5729fd526c5a865c4ff9f4c91d2b674ee539,SELL,86498068750018438192524977941980476748299785729870940867089250086714498791178,0.26715797788309636,189.9,1767046683
0xcc1f11a84950e91b549daaf75094a064d46c9b3f9eef477658b926d86041566d_1767046789,0x2c3dce8515854f167dc523745a6b9d98d22ec9266d9f4921f62fd3e4bf1cfa1b,0x8662915a20542ecf13fa8717bd3cfa2567dec94f,SELL,86498068750018438192524977941980476748299785729870940867089250086714498791178,0.2663199534613147,103.14,1767046789
0x719b41d33becef9f09784cbd084043c0b456efaafcbd473524234fa638b564da_1767046797,0x2c3dce8515854f167dc523745a6b9d98d22ec9266d9f4921f62fd3e4bf1cfa1b,0x74c3f65f6ffc0bfcca6628502a5c4d04578cbbe6,SELL,86498068750018438192524977941980476748299785729870940867089250086714498791178,0.266,50.0,1767046797
0x4a002e0c372ec998d7c504e88d5d9a411dcccc7f61510036a9eb4ceece1cb315_1767046843,0x2c3dce8515854f167dc523745a6b9d98d22ec9266d9f4921f62fd3e4bf1cfa1b,0x74c3f65f6ffc0bfcca6628502a5c4d04578cbbe6,SELL,86498068750018438192524977941980476748299785729870940867089250086714498791178,0.2664493333333333,30.0,1767046843
0xf62856269d0c0229a300a54ba747ca1a892e3f9bc8826a3b868b7127149b7092_1767046895,0x2c3dce8515854f167dc523745a6b9d98d22ec9266d9f4921f62fd3e4bf1cfa1b,0xeeebb3c25f573ddb79f8a8d5b50523f3f043f57f,BUY,86498068750018438192524977941980476748299785729870940867089250086714498791178,0.33099993015899143,9.063443,1767046895
0x21dc65d7dab4a5a8363503489117474ef06bdd38e2b8dce5a269c45b2b2aad56_1767046895,0x2c3dce8515854f167dc523745a6b9d98d22ec9266d9f4921f62fd3e4bf1cfa1b,0x7a146c5e70c092d06be27097a5c770b49d0bd748,SELL,86498068750018438192524977941980476748299785729870940867089250086714498791178,0.262132383935335,4607.13,1767046895
0x86d273cde153823d0bd44003b547d2c4e32590f7ba37f14b40b4ab10f4056e07_1767046899,0x2c3dce8515854f167dc523745a6b9d98d22ec9266d9f4921f62fd3e4bf1cfa1b,0x9d8d3376c2353fa73370c55b879fbb145f294dc6,SELL,110290742709531333936637417418570910881285907663357514844586483587588568832794,0.6686661676646707,6.68,1767046899
0xe2113a666cab053950dc1b4956e47092e44d3eae837f3de0d369174af9a78a82_1767046921,0x2c3dce8515854f167dc523745a6b9d98d22ec9266d9f4921f62fd3e4bf1cfa1b,0x90c4fb7313ab0492bf991a82f46bd4c581087d1d,BUY,110290742709531333936637417418570910881285907663357514844586483587588568832794,0.7159999871119996,55.86592,1767046921
0x3a69aa241806cfa19d533f36ff2df8ef4d847c8de96feca2c2573e501801a9ea_1767046963,0x2c3dce8515854f167dc523745a6b9d98d22ec9266d9f4921f62fd3e4bf1cfa1b,0x74c3f65f6ffc0bfcca6628502a5c4d04578cbbe6,SELL,86498068750018438192524977941980476748299785729870940867089250086714498791178,0.284,20.24,1767046963
0x8d5e494dc809c5936b68f4c5c69a5ebcb985cc64c8bf7194917f2f7df062c232_1767047231,0x2c3dce8515854f167dc523745a6b9d98d22ec9266d9f4921f62fd3e4bf1cfa1b,0x22dbd51e1a4e10fff072fa24300238c64033190f,BUY,86498068750018438192524977941980476748299785729870940867089250086714498791178,0.327906,200.0,1767047231
0xc26a4eb08dc155d9f493e2fca3fa9fb33e150e92b8e838185765b44227126419_1767047313,0x2c3dce8515854f167dc523745a6b9d98d22ec9266d9f4921f62fd3e4bf1cfa1b,0x166a49699aba5d7a9ce3142450062deedf83d7ed,SELL,110290742709531333936637417418570910881285907663357514844586483587588568832794,0.6730378116662824,303.61,1767047313
0x2364a4f599b87325b4ea8e5f72177c7ce05cf1732a9cb4b1e63233d720f96b51_1767047313,0x2c3dce8515854f167dc523745a6b9d98d22ec9266d9f4921f62fd3e4bf1cfa1b,0xf0b0ef1d6320c6be896b4c9c54dd74407e7f8cab,SELL,110290742709531333936637417418570910881285907663357514844586483587588568832794,0.672,2.96,1767047313
0xd833c7af068b74a8c0435a24e67daf108b406be7ce72caaaba39d12bd53624da_1767047377,0x2c3dce8515854f167dc523745a6b9d98d22ec9266d9f4921f62fd3e4bf1cfa1b,0x22dbd51e1a4e10fff072fa24300238c64033190f,BUY,86498068750018438192524977941980476748299785729870940867089250086714498791178,0.326,200.0,1767047377
0x5e97c165284f667e05aaed34fdf89c0917250ca4dde4a660a93821ac6d496697_1767047393,0x2c3dce8515854f167dc523745a6b9d98d22ec9266d9f4921f62fd3e4bf1cfa1b,0xe5d6045425e069cb4aa289bb6fb09f729cffa33b,BUY,86498068750018438192524977941980476748299785729870940867089250086714498791178,0.325999992002133,46.012268,1767047393
0x5fd0c51ec340360d29d3b5ba25e7a1ce7f228a37d5da107a824e974953f2712c_1767047415,0x2c3dce8515854f167dc523745a6b9d98d22ec9266d9f4921f62fd3e4bf1cfa1b,0x5188fa0e8a77e87bc6a58e6781fdfc4e165cc804,SELL,86498068750018438192524977941980476748299785729870940867089250086714498791178,0.2953942914039164,241.04,1767047415
0x713870a61c5506a576a2df24825c70985fb2494c714dd19fbf73643b18c12e17_1767047541,0x2c3dce8515854f167dc523745a6b9d98d22ec9266d9f4921f62fd3e4bf1cfa1b,0x22dbd51e1a4e10fff072fa24300238c64033190f,BUY,86498068750018438192524977941980476748299785729870940867089250086714498791178,0.32386376,250.0,1767047541
0x44cea2a48091c10dad5602cdbf9ad202d6c9860bb19377c40b0639c7e3614e5d_1767047883,0x2c3dce8515854f167dc523745a6b9d98d22ec9266d9f4921f62fd3e4bf1cfa1b,0x555276f475c4aa21ac8161904f0b899108c6819c,BUY,110290742709531333936637417418570910881285907663357514844586483587588568832794,0.7009998380687136,1.426531,1767047883
0xcc4fe9d2fa7098adf6c225f5e98667a7f443e45263eaea6f25bc7e27c6c293f3_1767047957,0x2c3dce8515854f167dc523745a6b9d98d22ec9266d9f4921f62fd3e4bf1cfa1b,0xd5f846515243f91280963a71a66b1fbb0740ac7b,SELL,86498068750018438192524977941980476748299785729870940867089250086714498791178,0.297,0.26,1767047957
0x437e770e36b2bf9c43a8d34569be4fe4d64d6baf8caf8b24a69bae353b69347f_1767048081,0x2c3dce8515854f167dc523745a6b9d98d22ec9266d9f4921f62fd3e4bf1cfa1b,0x22dbd51e1a4e10fff072fa24300238c64033190f,BUY,86498068750018438192524977941980476748299785729870940867089250086714498791178,0.325,200.0,1767048081
0xb8f2762b47c6b0173911d2940d37bba70a0aa48f46a3c350a1e50e861f540134_1767048171,0x2c3dce8515854f167dc523745a6b9d98d22ec9266d9f4921f62fd3e4bf1cfa1b,0x9f128322dcbc1ae5498a13e1222996b406712640,SELL,110290742709531333936637417418570910881285907663357514844586483587588568832794,0.676,2.0,1767048171
0xd385de006b64d9a8267b8a69f4dd6d4ec495c21e6e8f7436eade2967776f6b60_1767048185,0x2c3dce8515854f167dc523745a6b9d98d22ec9266d9f4921f62fd3e4bf1cfa1b,0xd31db9247536cb4dad71b608042e0c60af7fe898,BUY,86498068750018438192524977941980476748299785729870940867089250086714498791178,0.32,6.25,1767048185
0xefa44c0acd537949453028d95f8be0e71f2337173ae578089c1a9d74c429ffe0_1767048295,0x2c3dce8515854f167dc523745a6b9d98d22ec9266d9f4921f62fd3e4bf1cfa1b,0x22dbd51e1a4e10fff072fa24300238c64033190f,BUY,86498068750018438192524977941980476748299785729870940867089250086714498791178,0.3237254,200.0,1767048295
0x9d63f631e8019f0d7b4ea990f1e5b0697dfbe034b444f1fbd3c1e51042319e7a_1767048325,0x2c3dce8515854f167dc523745a6b9d98d22ec9266d9f4921f62fd3e4bf1cfa1b,0xaf1c4e937884b3d64f68a56d48fe0d18e957bc5e,BUY,86498068750018438192524977941980476748299785729870940867089250086714498791178,0.3239998600319205,3.086418,1767048325
0xc882bc775d55e3fa15849d83135d15acb868164579ccbf2e0e6520bd4e573ad8_1767048345,0x2c3dce8515854f167dc523745a6b9d98d22ec9266d9f4921f62fd3e4bf1cfa1b,0x647bf9d9132254f65b607947b6dca4f00c1f5750,BUY,86498068750018438192524977941980476748299785729870940867089250086714498791178,0.3248596504721145,61.565045,1767048345
0xf21e19f8fb09a2930dec1afb9d2411485ad0929d457b8fc8e575b1bd2dc88ccb_1767048415,0x2c3dce8515854f167dc523745a6b9d98d22ec9266d9f4921f62fd3e4bf1cfa1b,0x647bf9d9132254f65b607947b6dca4f00c1f5750,SELL,86498068750018438192524977941980476748299785729870940867089250086714498791178,0.2975891812865497,61.56,1767048415
0x3a17c4cb6cca88b8b131ce905029a5ef6879ddcfaa1f32db00b6d98d088773c2_1767048473,0x2c3dce8515854f167dc523745a6b9d98d22ec9266d9f4921f62fd3e4bf1cfa1b,0x7dc78f164c24366145a9334c8ef8f59c3bd40a2b,BUY,86498068750018438192524977941980476748299785729870940867089250086714498791178,0.324449406588188,154.107229,1767048473
0xc97eebd54c968fdd073b3760ada2092ee224fcafee71744f1fcaecc81a927bf8_1767048707,0x2c3dce8515854f167dc523745a6b9d98d22ec9266d9f4921f62fd3e4bf1cfa1b,0x22dbd51e1a4e10fff072fa24300238c64033190f,BUY,86498068750018438192524977941980476748299785729870940867089250086714498791178,0.325,300.0,1767048707
0x8e48d8722a6a2c7634c6210b5e1399c589b08fb491286453b936281a7ad65b0b_1767048721,0x2c3dce8515854f167dc523745a6b9d98d22ec9266d9f4921f62fd3e4bf1cfa1b,0x36da5ca5d1d4b79f1c2ebbb09be8c13834568218,BUY,86498068750018438192524977941980476748299785729870940867089250086714498791178,0.325,370.0,1767048721
0xc525885684fdee45588ccd9847a3deb99757c9f33c390081d6e84373415472ad_1767048729,0x2c3dce8515854f167dc523745a6b9d98d22ec9266d9f4921f62fd3e4bf1cfa1b,0x22dbd51e1a4e10fff072fa24300238c64033190f,BUY,86498068750018438192524977941980476748299785729870940867089250086714498791178,0.325,200.0,1767048729
0x4a7e83b29d79ae727a8bb8eccaa850508a24338d6fbb33dd354c49e7f027b6fb_1767048793,0x2c3dce8515854f167dc523745a6b9d98d22ec9266d9f4921f62fd3e4bf1cfa1b,0x993c072519306017fe9a6b3ee6fa4a02b3056787,BUY,86498068750018438192524977941980476748299785729870940867089250086714498791178,0.325,1000.0,1767048793
0xb545cfb0a92f5f9c80506b5f24e533aac14ff0219adc1d893f0121c43fe03408_1767048857,0x2c3dce8515854f167dc523745a6b9d98d22ec9266d9f4921f62fd3e4bf1cfa1b,0x22dbd51e1a4e10fff072fa24300238c64033190f,BUY,86498068750018438192524977941980476748299785729870940867089250086714498791178,0.325,100.0,1767048857
0xe56633bca78a6387a1a525f9278047d7b6969d540f0f24bbff43177d048b4be4_1767048883,0x2c3dce8515854f167dc523745a6b9d98d22ec9266d9f4921f62fd3e4bf1cfa1b,0x22dbd51e1a4e10fff072fa24300238c64033190f,BUY,86498068750018438192524977941980476748299785729870940867089250086714498791178,0.335704,100.0,1767048883
0x310beb074635e1d07c51aa7dcac8163393c66cff2e1eec75a1f93ac19a231a75_1767048937,0x2c3dce8515854f167dc523745a6b9d98d22ec9266d9f4921f62fd3e4bf1cfa1b,0x388002990c2a43229884a437e910d0a3f3d240e0,BUY,86498068750018438192524977941980476748299785729870940867089250086714498791178,0.360012024401615,124.995825,1767048937
0x8ad7e10dbc6b44fd08e86abeee4d5522690d3d4c781d37fbc08c7f6bec0c1e1f_1767048961,0x2c3dce8515854f167dc523745a6b9d98d22ec9266d9f4921f62fd3e4bf1cfa1b,0x9f66aa958734d9d5af35f5f19a276d23e84f3a50,SELL,110290742709531333936637417418570910881285907663357514844586483587588568832794,0.6,10.58,1767048961
0x0949a98d18985a29ab1f63babfc34b554afd109ba5f75fa1da4bf5bb845407a5_1767049189,0x2c3dce8515854f167dc523745a6b9d98d22ec9266d9f4921f62fd3e4bf1cfa1b,0xfdd1d088cba0c1ce107845d052b55d18416a2925,BUY,86498068750018438192524977941980476748299785729870940867089250086714498791178,0.39899986593591097,2.506264,1767049189
0xa8256a0c05d3948a8874826d913820e06688ff4669cdb93403987e4f709a858f_1767049391,0x2c3dce8515854f167dc523745a6b9d98d22ec9266d9f4921f62fd3e4bf1cfa1b,0x951deb42f26e7e3580ebd98e93a96c60306cf79f,BUY,86498068750018438192524977941980476748299785729870940867089250086714498791178,0.3979999543095961,12.562813,1767049391
0x4561f325d78e9cb95dbc5eb0adf31c9c8227fa8b061e787fadc41c0ed9293fe3_1767049401,0x2c3dce8515854f167dc523745a6b9d98d22ec9266d9f4921f62fd3e4bf1cfa1b,0xc77bc7c12cff77cd80de2d3377ce22aec3a6a526,SELL,86498068750018438192524977941980476748299785729870940867089250086714498791178,0.334,5.0,1767049401
0x466c5f3eb3937c2931c55bc4c3676a0cd434f15e9890ff0fad19f85ca1f541fa_1767049479,0x2c3dce8515854f167dc523745a6b9d98d22ec9266d9f4921f62fd3e4bf1cfa1b,0xfcdba2f4b8fca4e899bb97a36f96061104e13cb5,BUY,86498068750018438192524977941980476748299785729870940867089250086714498791178,0.397,5.0,1767049479
0xed3df8294215b5115545d3dad5ca5a13abb40a30c2e3eee7ba3f7ca1cb3ee08f_1767049541,0x2c3dce8515854f167dc523745a6b9d98d22ec9266d9f4921f62fd3e4bf1cfa1b,0x551e72eda42a5ab39d6d78239a1d9bbb5db6b0e0,SELL,86498068750018438192524977941980476748299785729870940867089250086714498791178,0.397,295.0,1767049541
0x7799c8c8111453039f54f15b088a72bf44e5d13f7edacb9de1c5eeb814515bc6_1767049573,0x2c3dce8515854f167dc523745a6b9d98d22ec9266d9f4921f62fd3e4bf1cfa1b,0xc77bc7c12cff77cd80de2d3377ce22aec3a6a526,SELL,86498068750018438192524977941980476748299785729870940867089250086714498791178,0.337,5.0,1767049573
0x1df8544f961ab9becb43ad8824d8abfa82792b88275d5bc8debaf23db3a066c5_1767049659,0x2c3dce8515854f167dc523745a6b9d98d22ec9266d9f4921f62fd3e4bf1cfa1b,0xfcdba2f4b8fca4e899bb97a36f96061104e13cb5,BUY,86498068750018438192524977941980476748299785729870940867089250086714498791178,0.381,61.01,1767049659
0xf1fd8d06d8e0afd3faad32a81d167a46cb6f5c777f49d9fc6cb7b9cbe40c2a12_1767049663,0x2c3dce8515854f167dc523745a6b9d98d22ec9266d9f4921f62fd3e4bf1cfa1b,0xe6c9eee27de792a9fdcdd322822452625d0f975e,SELL,86498068750018438192524977941980476748299785729870940867089250086714498791178,0.397,5.0,1767049663
0x4d63c4987c243b5513c695350986e9c01c02b9c026c1a8e08a207527a8e49dae_1767049669,0x2c3dce8515854f167dc523745a6b9d98d22ec9266d9f4921f62fd3e4bf1cfa1b,0x03d0d65c51235e63805335b85ead75794830d647,BUY,110290742709531333936637417418570910881285907663357514844586483587588568832794,0.603,63.99,1767049669
0x6582a212459a96985704238b9313f6c9cd3f15230c70dd194c112f6bf836021d_1767049671,0x2c3dce8515854f167dc523745a6b9d98d22ec9266d9f4921f62fd3e4bf1cfa1b,0x85dfe68799c81169482aad52aabd3d899404fb48,BUY,110290742709531333936637417418570910881285907663357514844586483587588568832794,0.603,20.0,1767049671
0x93a7feda56c5c050e30e225fdcdb5f2e2ce83cf5b58870bb9d47b1edf63595e0_1767049699,0x2c3dce8515854f167dc523745a6b9d98d22ec9266d9f4921f62fd3e4bf1cfa1b,0x93c40233bc0cec7acf9c4e2742b611bfe919dca6,BUY,110290742709531333936637417418570910881285907663357514844586483587588568832794,0.6619999333586511,4.531721,1767049699
0xf0d891a210524328920ae78ffbb9d200dd004342a3f22cf57b58cf2bad279501_1767049771,0x2c3dce8515854f167dc523745a6b9d98d22ec9266d9f4921f62fd3e4bf1cfa1b,0x449f9793e3c3f1af12203c96f078d4db9719913b,BUY,86498068750018438192524977941980476748299785729870940867089250086714498791178,0.39799999024899974,50.251255,1767049771
0x57af6a0fd3bbb3dd16d497972a9e42b118ffa053a40b59961e5ceb75d97cae53_1767049787,0x2c3dce8515854f167dc523745a6b9d98d22ec9266d9f4921f62fd3e4bf1cfa1b,0xc77bc7c12cff77cd80de2d3377ce22aec3a6a526,SELL,86498068750018438192524977941980476748299785729870940867089250086714498791178,0.353,5.0,1767049787
0x8c3078d8197b03c663564ee8ca6db4edbc4b9e221eb25cfba46829029bc69ddd_1767049815,0x2c3dce8515854f167dc523745a6b9d98d22ec9266d9f4921f62fd3e4bf1cfa1b,0xc31ab1528a63310cfa94ae1801e41bfa5a68c560,BUY,110290742709531333936637417418570910881285907663357514844586483587588568832794,0.6469999896479974,5.79598,1767049815
0x2dc9629128ed9bc935339c9b89bb81b2930beb8a0407f03046f7646e860bea15_1767050267,0x2c3dce8515854f167dc523745a6b9d98d22ec9266d9f4921f62fd3e4bf1cfa1b,0x215adbb63b47d0ca92f849fe2c2dc1adb0f6254c,BUY,86498068750018438192524977941980476748299785729870940867089250086714498791178,0.3564877049180328,19.52,1767050267
0x24ee50c4c9ce56fa4e5e6d892553cf024d958a9e406e2acfe5ba38c32e232814_1767050335,0x2c3dce8515854f167dc523745a6b9d98d22ec9266d9f4921f62fd3e4bf1cfa1b,0xa66790e2b0075e73c3781ddaf1d0b875a3aaceb3,BUY,86498068750018438192524977941980476748299785729870940867089250086714498791178,0.356,5.0,1767050335
0xcba0a5af9121f46edee1802b1b47655d78ae68df118a1bd11cb5866f41dc441d_1767050365,0x2c3dce8515854f167dc523745a6b9d98d22ec9266d9f4921f62fd3e4bf1cfa1b,0x0a53282124062874b45d6489a95a26f62c6d7a6f,SELL,86498068750018438192524977941980476748299785729870940867089250086714498791178,0.35307707194445553,501.22,1767050365
0x171e67c33dc6cb815ed4ac18ca00a5efbf1b788032abcc6cac1801352c7efbc4_1767050495,0x2c3dce8515854f167dc523745a6b9d98d22ec9266d9f4921f62fd3e4bf1cfa1b,0x8b0807b0432f8411b12010fbd3c8b620a43377f9,BUY,110290742709531333936637417418570910881285907663357514844586483587588568832794,0.6459999438260104,2.13622,1767050495
0x87243457b857e4fea7f50ac67b7db3cfb16dd52fca2501312ecfbadbd23da143_1767050531,0x2c3dce8515854f167dc523745a6b9d98d22ec9266d9f4921f62fd3e4bf1cfa1b,0x430d53eb8e9be5fde19fcc83fa84510b28e97d12,BUY,110290742709531333936637417418570910881285907663357514844586483587588568832794,0.6459999822201676,1.687305,1767050531
0x3b5d89fe3004e383817bdd0593cb155a35c9927d441ced99786414e10aedf221_1767050563,0x2c3dce8515854f167dc523745a6b9d98d22ec9266d9f4921f62fd3e4bf1cfa1b,0xeac8ab7dfea9304adbeecac02a02b71bd7bcef7a,BUY,110290742709531333936637417418570910881285907663357514844586483587588568832794,0.6459999438260104,2.13622,1767050563
0x77f12891b884da24cfa802d450a1b0e3af50cd36dcfbaec0f6378a1321069944_1767050595,0x2c3dce8515854f167dc523745a6b9d98d22ec9266d9f4921f62fd3e4bf1cfa1b,0x5534b19691fd58e81b02e726e3466a9991afdca2,BUY,110290742709531333936637417418570910881285907663357514844586483587588568832794,0.6459998984151281,2.027861,1767050595
0xf9934e5e534dfd217b7c46836f025873129292aa0d7b3e7fb3e13a945b64d04d_1767050627,0x2c3dce8515854f167dc523745a6b9d98d22ec9266d9f4921f62fd3e4bf1cfa1b,0x36fee46728c368ccd5d515d10b376d71fcad4bb9,BUY,110290742709531333936637417418570910881285907663357514844586483587588568832794,0.6459998307378977,1.996903,1767050627
0x18e3dff9451261b562fd1dd728663a749553b9cdb5e2305423e2f42c1d97c9e4_1767050655,0x2c3dce8515854f167dc523745a6b9d98d22ec9266d9f4921f62fd3e4bf1cfa1b,0xad2ee13d0450c58252f0210ba6c516f5124521c6,BUY,110290742709531333936637417418570910881285907663357514844586483587588568832794,0.6459998181626774,1.671824,1767050655
0x59d9027bd3adf3ecd648ce184491429f5b04533aa3c25de3945b7d8de6455a22_1767050677,0x2c3dce8515854f167dc523745a6b9d98d22ec9266d9f4921f62fd3e4bf1cfa1b,0xd22392a640b5bd9332ffebb71cb4451fc11e2b92,SELL,86498068750018438192524977941980476748299785729870940867089250086714498791178,0.354,11.48,1767050677
0x8fa59ea46f61a5290bb1a021f8efe96ec0878d4a79e5e2905d14eee677c265c5_1767050687,0x2c3dce8515854f167dc523745a6b9d98d22ec9266d9f4921f62fd3e4bf1cfa1b,0x4247cfa3468b852761a06af072273c682f68cb6a,BUY,110290742709531333936637417418570910881285907663357514844586483587588568832794,0.6459999497555196,1.950463,1767050687
0xd125ea594f1e480e46482f0a4a1d9b0475ae734a1783c4e665e586d086c2dc8e_1767050703,0x2c3dce8515854f167dc523745a6b9d98d22ec9266d9f4921f62fd3e4bf1cfa1b,0x9e94c3838ff2677b57ae227b7d38f266aad7b222,BUY,110290742709531333936637417418570910881285907663357514844586483587588568832794,0.645999991278998,6.191949,1767050703
0x6046256d3ba06f52f01785bea00b9cce7df86ced4a642dad3ee304a9edff3ced_1767050705,0x2c3dce8515854f167dc523745a6b9d98d22ec9266d9f4921f62fd3e4bf1cfa1b,0xd22392a640b5bd9332ffebb71cb4451fc11e2b92,SELL,86498068750018438192524977941980476748299785729870940867089250086714498791178,0.3520211719710422,219.63,1767050705
0x7785479d485494035f0e157ac8050f1d9035118e14c8f783287cdf6abd9edb56_1767050725,0x2c3dce8515854f167dc523745a6b9d98d22ec9266d9f4921f62fd3e4bf1cfa1b,0x8b03d9289c2b37a3991b6018dbb876849442feb5,BUY,110290742709531333936637417418570910881285907663357514844586483587588568832794,0.6489998076384491,1.710321,1767050725
0xec00b8e831234e57cfc11ea0d117a8a884cec1c96647d579c63d736e15eae825_1767050755,0x2c3dce8515854f167dc523745a6b9d98d22ec9266d9f4921f62fd3e4bf1cfa1b,0xd22392a640b5bd9332ffebb71cb4451fc11e2b92,BUY,86498068750018438192524977941980476748299785729870940867089250086714498791178,0.3984176240291459,87.847517,1767050755
0xfd886007753246c33d52f18fa1b9ca2af037e518483982c994b1d14ef4b0c081_1767050831,0x2c3dce8515854f167dc523745a6b9d98d22ec9266d9f4921f62fd3e4bf1cfa1b,0xd22392a640b5bd9332ffebb71cb4451fc11e2b92,BUY,86498068750018438192524977941980476748299785729870940867089250086714498791178,0.3979999811604995,16.030149,1767050831
0x5c424fdcb335cf99d99ac1f8ff87a8f28bca4629ac53315ade0c361ef45f01a4_1767050901,0x2c3dce8515854f167dc523745a6b9d98d22ec9266d9f4921f62fd3e4bf1cfa1b,0x3cd69ef4ce499733547d045e29c3d6228d63786d,BUY,110290742709531333936637417418570910881285907663357514844586483587588568832794,0.6489998383859978,1.571646,1767050901
0x6c774ac1b6f4ecd1b8bc604c7b2753b6fe4f5811fab61b45d60ad0dedad3670c_1767050933,0x2c3dce8515854f167dc523745a6b9d98d22ec9266d9f4921f62fd3e4bf1cfa1b,0x458a254727bda4205a91bb70cde6beae8f41852e,BUY,110290742709531333936637417418570910881285907663357514844586483587588568832794,0.6489998275511459,1.617871,1767050933
0x648114904d8331f2d9a2724c7d226b500996273f4d4be827db1f045bb00679c7_1767051053,0x2c3dce8515854f167dc523745a6b9d98d22ec9266d9f4921f62fd3e4bf1cfa1b,0xcf9ccbc0ca22da69a0cd36a6a2da99a986ca4fae,BUY,110290742709531333936637417418570910881285907663357514844586483587588568832794,0.6489998296374117,1.972264,1767051053
0x6f2fa79250bd714b3acd1efadd8a2c033b6676068a948a08ddd4c24fe1d5fe9d_1767051081,0x2c3dce8515854f167dc523745a6b9d98d22ec9266d9f4921f62fd3e4bf1cfa1b,0x7a17c6bf53fa2dee7c4392d351634bd233abd561,BUY,110290742709531333936637417418570910881285907663357514844586483587588568832794,0.6489998296374117,1.972264,1767051081
0x1c6b01e92fb7315c9b4bfe54fd4291775e772de5560201d804f2769b81151dcc_1767051153,0x2c3dce8515854f167dc523745a6b9d98d22ec9266d9f4921f62fd3e4bf1cfa1b,0xbc82f3687fb9289d73aebab8a1e61eb196c51775,BUY,110290742709531333936637417418570910881285907663357514844586483587588568832794,0.6489999045311042,2.126347,1767051153
0xe1e9831e09a899c02d882e7cac75a74ee1fcdb6b8ef576e86709e31c305c1627_1767051189,0x2c3dce8515854f167dc523745a6b9d98d22ec9266d9f4921f62fd3e4bf1cfa1b,0x6f61780a5578e0e6a1b7f0b333de965bb68e8c49,BUY,110290742709531333936637417418570910881285907663357514844586483587588568832794,0.6489999713358107,1.848997,1767051189
0xb83814897808c04ff15a996e308eb29ea457b7644b3d61806e085c492d33dfe6_1767051239,0x2c3dce8515854f167dc523745a6b9d98d22ec9266d9f4921f62fd3e4bf1cfa1b,0x2f5759dafbb1fd151a5ddc68ca8f8a284ffc0ef8,BUY,110290742709531333936637417418570910881285907663357514844586483587588568832794,0.6489999844683632,1.802772,1767051239
0xcb5b3731119d8b4594038195edc3cf76cb5fa952a8e912d34c83dd879522eef3_1767051293,0x2c3dce8515854f167dc523745a6b9d98d22ec9266d9f4921f62fd3e4bf1cfa1b,0x9111e121f184537d4d0c9f14c741b10820586ef0,BUY,110290742709531333936637417418570910881285907663357514844586483587588568832794,0.6489999588438716,1.895222,1767051293
0x2b79ac2821333bbe1fc7b9a09fbd91514680252fc12facc3234f78b4a2af7db5_1767051319,0x2c3dce8515854f167dc523745a6b9d98d22ec9266d9f4921f62fd3e4bf1cfa1b,0xaec59c6a312af5fffedd0ae79059df15c406f737,BUY,110290742709531333936637417418570910881285907663357514844586483587588568832794,0.6489998384501675,2.141754,1767051319
0x0219a8c9a06387ddf3fd4eb54be8af1027c14bd27566e7332c45549d9498ba83_1767051345,0x2c3dce8515854f167dc523745a6b9d98d22ec9266d9f4921f62fd3e4bf1cfa1b,0xd304860a00a0309fd26d55b8e4e23b0f84801116,BUY,110290742709531333936637417418570910881285907663357514844586483587588568832794,0.6499077334987273,1.954122,1767051345
0xa676fff96b2da35e7905f8e7088184f12d77191a587335a6304ce20854d8fa75_1767051399,0x2c3dce8515854f167dc523745a6b9d98d22ec9266d9f4921f62fd3e4bf1cfa1b,0x0ab186159690f6aa336235c07be6b0bfe6d8d2f8,BUY,110290742709531333936637417418570910881285907663357514844586483587588568832794,0.65,2.13846,1767051399
0x4601f61779ea6081e75570996dbabb5ce399986219fef81849aca0522049acab_1767051525,0x2c3dce8515854f167dc523745a6b9d98d22ec9266d9f4921f62fd3e4bf1cfa1b,0x668e31ea70299999a85b1ef9bf01c3b1fc61fd9e,BUY,110290742709531333936637417418570910881285907663357514844586483587588568832794,0.6499998720471686,1.953845,1767051525
0x03eba5f1b93c4f225f3de4f8b564178a9e7493b1ccf91e22f24c683d033b0bbf_1767051559,0x2c3dce8515854f167dc523745a6b9d98d22ec9266d9f4921f62fd3e4bf1cfa1b,0xaf461914fea3ce68a751e7f943ccfa2fcab8c4a6,BUY,110290742709531333936637417418570910881285907663357514844586483587588568832794,0.6499998984373572,1.969228,1767051559
0x1ad38437e9dc70ff62a5faa31f58d877d763b5f1fa5b57679f9df7802b414093_1767051561,0x2c3dce8515854f167dc523745a6b9d98d22ec9266d9f4921f62fd3e4bf1cfa1b,0x0a53282124062874b45d6489a95a26f62c6d7a6f,BUY,110290742709531333936637417418570910881285907663357514844586483587588568832794,0.65,272.27,1767051561
0x0ea69987d5ed0f8fd0aac3ce16418e6760708172b6b4455265366a3312fd8039_1767051585,0x2c3dce8515854f167dc523745a6b9d98d22ec9266d9f4921f62fd3e4bf1cfa1b,0x6e6c82acbb01f8a1821bf85c0e48720a5902b289,BUY,110290742709531333936637417418570910881285907663357514844586483587588568832794,0.6499999187498747,1.846151,1767051585
0xaa5c5ab26a3c171456073fe9b5ea26dc393ee3068dd084b2122f22be657c3ab8_1767051619,0x2c3dce8515854f167dc523745a6b9d98d22ec9266d9f4921f62fd3e4bf1cfa1b,0xef2711fa66d5ef8555b0819cd96bc81c385cb9bf,BUY,110290742709531333936637417418570910881285907663357514844586483587588568832794,0.649999851144845,2.015382,1767051619
0xda29190521f495b82fa5cdaf00cf2cf6a4c6f4f088f5fe1d6b0d40e2234e9499_1767051657,0x2c3dce8515854f167dc523745a6b9d98d22ec9266d9f4921f62fd3e4bf1cfa1b,0x1b52922dd56937e465abfeff2918edd9807e5a83,BUY,110290742709531333936637417418570910881285907663357514844586483587588568832794,0.6499998211008026,1.676922,1767051657
0x6e0d3bf69debe0e87c6be86a05128018857a23162a795fe1de0d34486463f27b_1767051685,0x2c3dce8515854f167dc523745a6b9d98d22ec9266d9f4921f62fd3e4bf1cfa1b,0xcfb0363323b95f3d568e25828e7591190a6d6975,BUY,110290742709531333936637417418570910881285907663357514844586483587588568832794,0.65,1.6,1767051685
0x445040ee7e0c1cd48d669c00a5d369f36749abc2e5e0a38032f2d60b89453d5b_1767051717,0x2c3dce8515854f167dc523745a6b9d98d22ec9266d9f4921f62fd3e4bf1cfa1b,0xfc57d740e40468639d74b8ceebcd206adb2fd168,BUY,110290742709531333936637417418570910881285907663357514844586483587588568832794,0.649999947999921,1.923074,1767051717
0x4049df7ad081a8a9ae7c97b6102ffc7a1aa153ed8960470c0ce5751e8e215942_1767051751,0x2c3dce8515854f167dc523745a6b9d98d22ec9266d9f4921f62fd3e4bf1cfa1b,0x7486fbb28e374b4ccb915b01148855a6c4c3c255,BUY,110290742709531333936637417418570910881285907663357514844586483587588568832794,0.6499998678859908,1.892305,1767051751
0xdb1eb13f20ec04d83c1368ce639a582a1b58acab83294a584e73cc23a8dfa538_1767051785,0x2c3dce8515854f167dc523745a6b9d98d22ec9266d9f4921f62fd3e4bf1cfa1b,0xfd0ec1fc1267742b563c16297762d59240e5b79b,BUY,110290742709531333936637417418570910881285907663357514844586483587588568832794,0.6499999439654738,1.784614,1767051785
0xb861475173951e635db7fe0d17e5d5b36166a442581280af0c3a00aa661013a1_1767051813,0x2c3dce8515854f167dc523745a6b9d98d22ec9266d9f4921f62fd3e4bf1cfa1b,0xab98acf0ff10b955f4b5d47cd93c7a7bc2cf13d9,BUY,110290742709531333936637417418570910881285907663357514844586483587588568832794,0.65,1.53846,1767051813
0x77f81ad06076e55ecaabf6b29c662c6da1ccdb78239cda6ec605443e15922daf_1767051849,0x2c3dce8515854f167dc523745a6b9d98d22ec9266d9f4921f62fd3e4bf1cfa1b,0x9a1913a446476a725d8732c1354c64b7016586db,BUY,110290742709531333936637417418570910881285907663357514844586483587588568832794,0.6499999528984859,2.123074,1767051849
0x97151ae28df64f85b9d577f5ca8bfe4cfbdaf9fd17f415f99dac9f8ce035c134_1767051871,0x2c3dce8515854f167dc523745a6b9d98d22ec9266d9f4921f62fd3e4bf1cfa1b,0xd1d1fd13280da7c6519e8c91ef9247e1c57314d2,BUY,110290742709531333936637417418570910881285907663357514844586483587588568832794,0.65,1.53846,1767051871
0xce90f3b1818fdecf96dddeb67a8bfc8f485d4cd00c1d8e1781836d6eaea5fcad_1767051955,0x2c3dce8515854f167dc523745a6b9d98d22ec9266d9f4921f62fd3e4bf1cfa1b,0x4f20c5b39d9ef59ad6c9e1f4f26a962999ee0b90,BUY,110290742709531333936637417418570910881285907663357514844586483587588568832794,0.6499998211008026,1.676922,1767051955
0xa832b66ed5a235a5d56ef46c82621f84636e55b5409c3eadba4fb93f057d2d12_1767052081,0x2c3dce8515854f167dc523745a6b9d98d22ec9266d9f4921f62fd3e4bf1cfa1b,0xf5bc889a1af0bcdfe7ff61ba6448f781431eacfc,BUY,110290742709531333936637417418570910881285907663357514844586483587588568832794,0.6499998678859908,1.892305,1767052081
0xedb11129821111c66d1409c43801e7f9a73a53cf65fa7814045c7376f2d0b1ac_1767052113,0x2c3dce8515854f167dc523745a6b9d98d22ec9266d9f4921f62fd3e4bf1cfa1b,0x4121df109e9ccd22a4b143e78450c3caa35c144a,BUY,110290742709531333936637417418570910881285907663357514844586483587588568832794,0.6499998347455246,1.815382,1767052113
0xb38351632619e9a1b27733064676666bb3ae73ee626f06a8cd53c09a2feb41cb_1767052161,0x2c3dce8515854f167dc523745a6b9d98d22ec9266d9f4921f62fd3e4bf1cfa1b,0x4ea973c3a568ccba6a4af6a1df69e8843d6b2e7d,BUY,110290742709531333936637417418570910881285907663357514844586483587588568832794,0.649999949612368,1.984614,1767052161
0x96b68728fc8a0dc5d0b451b6545b844eceda4eaa4fdb38c78ef85deb3f1d5e35_1767052321,0x2c3dce8515854f167dc523745a6b9d98d22ec9266d9f4921f62fd3e4bf1cfa1b,0x85bb419c55e8f4e2dc9089bb2fc110c6738c66cb,BUY,110290742709531333936637417418570910881285907663357514844586483587588568832794,0.649999877358398,1.630768,1767052321
0xaf535cbb48c06336b94cd5b7173c3edc236e61d5e079dcc055213cd446d26679_1767052355,0x2c3dce8515854f167dc523745a6b9d98d22ec9266d9f4921f62fd3e4bf1cfa1b,0x8adb29538bc985e670ff8f9b08096b93847041db,BUY,110290742709531333936637417418570910881285907663357514844586483587588568832794,0.6499998984373572,1.969228,1767052355
0x871d3ddcb19169c4579c1f44ce60869ca4cac00524d577a45d14f95e92a2e4cd_1767052451,0x2c3dce8515854f167dc523745a6b9d98d22ec9266d9f4921f62fd3e4bf1cfa1b,0xb263bdc9c3adb76f4fc334aaf12cec55ee67124c,BUY,110290742709531333936637417418570910881285907663357514844586483587588568832794,0.6499999419641873,1.723074,1767052451
0x4cb79293e8f0f9a800ea048e54576a9e59071c677ed241b53ea7d3e7b0ab342a_1767052481,0x2c3dce8515854f167dc523745a6b9d98d22ec9266d9f4921f62fd3e4bf1cfa1b,0xbcc766779b24e35009e5fa6cd4634799aa38f094,BUY,110290742709531333936637417418570910881285907663357514844586483587588568832794,0.6499998555554807,2.076922,1767052481
0xfedff4dbcd9ae35f6eac8477102285024421eb6aa9f17af202b853a4e99f4319_1767052509,0x2c3dce8515854f167dc523745a6b9d98d22ec9266d9f4921f62fd3e4bf1cfa1b,0x537128c0d712a27503a9998bb057ad15d008b605,BUY,110290742709531333936637417418570910881285907663357514844586483587588568832794,0.6499998574560466,1.753845,1767052509
0x485fb581808988d5d02a0a5604356809502daea35b46ede1d7222067c7b2b440_1767052511,0x2c3dce8515854f167dc523745a6b9d98d22ec9266d9f4921f62fd3e4bf1cfa1b,0xdfaacceff09ac2c037393eee387e81ea024679a7,SELL,86498068750018438192524977941980476748299785729870940867089250086714498791178,0.35,0.01,1767052511
0xd5f2068054598978033328ce67be4d24be7e8c51f1b82b960593eda2cca989b3_1767052537,0x2c3dce8515854f167dc523745a6b9d98d22ec9266d9f4921f62fd3e4bf1cfa1b,0xd1346c948f33fa08f7fd76566c8f0ad33274ba87,BUY,110290742709531333936637417418570910881285907663357514844586483587588568832794,0.6499998142854136,1.615382,1767052537
0x644b6011098cffa67fec043b3b117dce4f0740de26f11b648d436051cabdbd7e_1767052569,0x2c3dce8515854f167dc523745a6b9d98d22ec9266d9f4921f62fd3e4bf1cfa1b,0xa3cd50527b4f771e80fab45edf6ff4d14f9403af,SELL,110290742709531333936637417418570910881285907663357514844586483587588568832794,0.631,8.63,1767052569
0x3e38a45ce65ad86f0bceb829e9c60b7d291621ce5b666c58f81714997b51aca9_1767052673,0x2c3dce8515854f167dc523745a6b9d98d22ec9266d9f4921f62fd3e4bf1cfa1b,0x5d21c79637c2303ab8559d42ad70af652d81e314,BUY,110290742709531333936637417418570910881285907663357514844586483587588568832794,0.6489998679619821,1.787364,1767052673
0xe7514b0c4d5556ca1bfe4184de7904c685ea06b9e28425845655737c602794eb_1767052685,0x2c3dce8515854f167dc523745a6b9d98d22ec9266d9f4921f62fd3e4bf1cfa1b,0x4cea9e38d5f3a0c7d2b487a221c21dca5336c297,BUY,86498068750018438192524977941980476748299785729870940867089250086714498791178,0.3693038521977884,27.077971,1767052685
0x33364a214ea026d2235cb6c27b636009e6549378854380812f5026968ec1166d_1767052693,0x2c3dce8515854f167dc523745a6b9d98d22ec9266d9f4921f62fd3e4bf1cfa1b,0x4cea9e38d5f3a0c7d2b487a221c21dca5336c297,BUY,86498068750018438192524977941980476748299785729870940867089250086714498791178,0.36999996743999636,13.513512,1767052693
0x9865d80de258508995b930cf9bbc460067b0b3562563edf3baec88d41a15dcf9_1767052743,0x2c3dce8515854f167dc523745a6b9d98d22ec9266d9f4921f62fd3e4bf1cfa1b,0x825db3a01a2ea470b68ce75eef6eb4f68e57121c,SELL,110290742709531333936637417418570910881285907663357514844586483587588568832794,0.63,5.0,1767052743
0xd1498b6e8f6f3f8437000f71887cab19889630cd1dc7f1ade2b2fd9fa94adab7_1767052869,0x2c3dce8515854f167dc523745a6b9d98d22ec9266d9f4921f62fd3e4bf1cfa1b,0x901b6ca4410d5be5c48a4940a4c5f8788588ffc5,BUY,110290742709531333936637417418570910881285907663357514844586483587588568832794,0.6470004163864066,1.56105,1767052869
0x292acf8bb07cbaf6ffe2fc888b89184b3aa5f5e6b364128286cc7dd178275bcc_1767052881,0x2c3dce8515854f167dc523745a6b9d98d22ec9266d9f4921f62fd3e4bf1cfa1b,0x5edf4ca130dbeefbaff0bfec69eb015599173a0c,BUY,86498068750018438192524977941980476748299785729870940867089250086714498791178,0.36999991119997694,5.405404,1767052881
0x474f4ce719e570bfd958ed3e9b4fba7c3af1f74b81a8c5799e52e4e6452a7edf_1767052901,0x2c3dce8515854f167dc523745a6b9d98d22ec9266d9f4921f62fd3e4bf1cfa1b,0x6d127630b52c1d231a846e4fec6778e3f5a236cc,BUY,110290742709531333936637417418570910881285907663357514844586483587588568832794,0.6469999865936819,1.715609,1767052901
0x384edadd991cdd8751af64950e787a5a09356eaeb8377f4e028ea7bbce69c040_1767052933,0x2c3dce8515854f167dc523745a6b9d98d22ec9266d9f4921f62fd3e4bf1cfa1b,0x82dec28d1093c7a7e848a3cb88df73ddeab74aa1,BUY,110290742709531333936637417418570910881285907663357514844586483587588568832794,0.6469999150460243,1.777433,1767052933
0xa42b87d0a64383feece9423f1e7ea7538cef9a3378677726773ac8863ccb86b5_1767052951,0x2c3dce8515854f167dc523745a6b9d98d22ec9266d9f4921f62fd3e4bf1cfa1b,0x97473e76b53267ca8cb15b90042314b2fa157232,BUY,110290742709531333936637417418570910881285907663357514844586483587588568832794,0.6670789950260932,766.026217,1767052951
0xc9aecb06f30df86981b8f2fa600cae05920d99a79246a8fe058fecb14d7558af_1767052963,0x2c3dce8515854f167dc523745a6b9d98d22ec9266d9f4921f62fd3e4bf1cfa1b,0x6e3c9975bb3e9751248e2ffb934c5f8ce6681d36,BUY,110290742709531333936637417418570910881285907663357514844586483587588568832794,0.6679999044320607,2.050897,1767052963
0x29b20f6e2ff10bd312d736ec020005cabceae37f795a55c98c3dc59d268cf312_1767052991,0x2c3dce8515854f167dc523745a6b9d98d22ec9266d9f4921f62fd3e4bf1cfa1b,0x47775a263ea9423513b2af03cb78f38ed54f21ab,BUY,110290742709531333936637417418570910881285907663357514844586483587588568832794,0.6679998369626134,1.766466,1767052991
0x457884f6fe6eec2e314f5d505e4ecf93fdc8d40d8559152e2a0ff34bf1ae9280_1767053033,0x2c3dce8515854f167dc523745a6b9d98d22ec9266d9f4921f62fd3e4bf1cfa1b,0xad529df14c293d77984a0137990a1441b25211ac,SELL,86498068750018438192524977941980476748299785729870940867089250086714498791178,0.332,49.99,1767053033
0x5f49ef55b481f4cd828d0b922db7ed4c0472e976c89c5dcb9ae70d80765ac63c_1767053111,0x2c3dce8515854f167dc523745a6b9d98d22ec9266d9f4921f62fd3e4bf1cfa1b,0xbdd53e7c6dfaedb8cb8ce62c97fbc7b71012176d,BUY,110290742709531333936637417418570910881285907663357514844586483587588568832794,0.6679999072528288,1.811376,1767053111
0x5db9baa96bb08e6b5b217304ea8c3c59f15e8af3c1273f8d59cf40ec8e27ec63_1767053143,0x2c3dce8515854f167dc523745a6b9d98d22ec9266d9f4921f62fd3e4bf1cfa1b,0x4b707681918ec842bc330d721f71f54e9bc537db,BUY,110290742709531333936637417418570910881285907663357514844586483587588568832794,0.6679998851873403,1.916165,1767053143
0x325fc8f5c1e3f89452d31391411562fd605e45f490fc57a770486a8b050fb3b4_1767053377,0x2c3dce8515854f167dc523745a6b9d98d22ec9266d9f4921f62fd3e4bf1cfa1b,0x37538a274604c6fb0a9ad7f9b68594321d95ecca,BUY,110290742709531333936637417418570910881285907663357514844586483587588568832794,0.6649999971581172,1.759397,1767053377
0x0d9d1450d0bb1812b9fa6e1b577fdbe32b8cfcc6108c3cb35e192d4cdaf3cb05_1767053387,0x2c3dce8515854f167dc523745a6b9d98d22ec9266d9f4921f62fd3e4bf1cfa1b,0xd1bdbffba9543d82257dc9360f64335c7c6b6b87,BUY,110290742709531333936637417418570910881285907663357514844586483587588568832794,0.6649998965554951,2.030074,1767053387
0xfb5b054f2895564313962614c56c3421e0857061f04d77022a41c505643bf8ad_1767053417,0x2c3dce8515854f167dc523745a6b9d98d22ec9266d9f4921f62fd3e4bf1cfa1b,0x80430de0203d269b810c6d34c30a16484c24be68,BUY,110290742709531333936637417418570910881285907663357514844586483587588568832794,0.6639998032591354,1.626505,1767053417
0x74e60ca3b23fd2c1510861ff8b997f2a8799b71b80a87c8ce208ed49822506f9_1767053435,0x2c3dce8515854f167dc523745a6b9d98d22ec9266d9f4921f62fd3e4bf1cfa1b,0x6c90469a01ec3baabe7b09804c6ee393c398864e,BUY,110290742709531333936637417418570910881285907663357514844586483587588568832794,0.6679999741419156,1.856286,1767053435
0xb03c1a140c68b5a6c750a07673710005f610305221e02259dddd7fb5ef0dd481_1767053441,0x2c3dce8515854f167dc523745a6b9d98d22ec9266d9f4921f62fd3e4bf1cfa1b,0x82a74cd1d8c0b07d4598deb31ee82f9502409ea8,BUY,86498068750018438192524977941980476748299785729870940867089250086714498791178,0.3742128849069595,26.321913,1767053441
0x0469b14e8f4ae1815c2c8bd80f59ab1f244160ec8b56466f48fc6219001842b7_1767053471,0x2c3dce8515854f167dc523745a6b9d98d22ec9266d9f4921f62fd3e4bf1cfa1b,0xe1981b71ac1a4e627de2780c92134ee208929539,BUY,110290742709531333936637417418570910881285907663357514844586483587588568832794,0.6669999785203214,1.769114,1767053471
0xea2e21ac8ad639858b6fd4525bb29009e785342e5a16523294e4a05c5f0105c9_1767053521,0x2c3dce8515854f167dc523745a6b9d98d22ec9266d9f4921f62fd3e4bf1cfa1b,0xfb4ebee308cebda1cb8d140f7a64fd89f3716f1e,BUY,110290742709531333936637417418570910881285907663357514844586483587588568832794,0.6659999979969895,1.996994,1767053521
0xc94b096221b4b806eae4e7b07d88648e8a95313e1d3f71a51def9b9ee87015b3_1767053551,0x2c3dce8515854f167dc523745a6b9d98d22ec9266d9f4921f62fd3e4bf1cfa1b,0xba75d35a11248cdcaacbbfdce500c74b04662945,BUY,110290742709531333936637417418570910881285907663357514844586483587588568832794,0.638999970179973,1.643191,1767053551
0x9db86e55646478ea4c2da648c38854610fcd2128ed7ddda1e66bd214e827c2e0_1767053585,0x2c3dce8515854f167dc523745a6b9d98d22ec9266d9f4921f62fd3e4bf1cfa1b,0x51ed3ebb0e2e855ef2743a56ad6b8f6d23e52594,BUY,110290742709531333936637417418570910881285907663357514844586483587588568832794,0.638999931767746,1.846634,1767053585
0xbc5ac5527401ceb25e5b0a215ce78969c48dd8d4b5efb838b888f2f5d631faa2_1767053597,0x2c3dce8515854f167dc523745a6b9d98d22ec9266d9f4921f62fd3e4bf1cfa1b,0x0fd42689071977a4be7c189810d5fea66cb1bb85,BUY,110290742709531333936637417418570910881285907663357514844586483587588568832794,0.6389999592448524,1.987479,1767053597
0xc419afa36d48184e2fff2ac07e2d299a2a64800fa7679d324df6ef82bcf9eb0b_1767053613,0x2c3dce8515854f167dc523745a6b9d98d22ec9266d9f4921f62fd3e4bf1cfa1b,0x693eef2d93b8272d3c5c5bb33e4e2d0235419ec2,BUY,110290742709531333936637417418570910881285907663357514844586483587588568832794,0.6389998264675241,1.596243,1767053613
0xa3fe29c770f677571d28cb8d6b7d8d9023471796cbeb51b2d894acea610aebcf_1767053655,0x2c3dce8515854f167dc523745a6b9d98d22ec9266d9f4921f62fd3e4bf1cfa1b,0x8ae0168308f9e9d9a392d9f29a0df0e1a6788220,BUY,86498068750018438192524977941980476748299785729870940867089250086714498791178,0.37599994886398136,5.319147,1767053655
0xdb2d6c2344c0a2e25fd2f817dabe00bcdf629d2d162acb1a05b0e2045ab193df_1767053695,0x2c3dce8515854f167dc523745a6b9d98d22ec9266d9f4921f62fd3e4bf1cfa1b,0x4f48cf649351e6642e371a5c2d9a8f90662c640c,BUY,110290742709531333936637417418570910881285907663357514844586483587588568832794,0.6379998833058048,1.833853,1767053695
0x46dae2bd0f6f646d060883058d39967f962a1d17f891868077d0885bbc495eb0_1767053711,0x2c3dce8515854f167dc523745a6b9d98d22ec9266d9f4921f62fd3e4bf1cfa1b,0xc76f03116457cb95368d2125affecbbf07667250,BUY,110290742709531333936637417418570910881285907663357514844586483587588568832794,0.6379999183818453,1.739809,1767053711
0xece52b2a941fc4a09436271d7aee22b0004b08517c58ee1aeab826d348cc716a_1767053725,0x2c3dce8515854f167dc523745a6b9d98d22ec9266d9f4921f62fd3e4bf1cfa1b,0x11bb65ce3d3393ba60b7d9a62d01daa5e5af175b,BUY,110290742709531333936637417418570910881285907663357514844586483587588568832794,0.6379998833058048,1.833853,1767053725
0xe0309b729516e5819e90756c5fb24095ab043087c929ece26ae193355c2517f9_1767053743,0x2c3dce8515854f167dc523745a6b9d98d22ec9266d9f4921f62fd3e4bf1cfa1b,0xba84c4109e7edacf07e4ef62ffb1d768c450d1f8,BUY,110290742709531333936637417418570910881285907663357514844586483587588568832794,0.6387081589247968,1.988387,1767053743
0x17238638714c6e2c42db463bd076340824ee7371b02a7455db074a15458c32aa_1767053799,0x2c3dce8515854f167dc523745a6b9d98d22ec9266d9f4921f62fd3e4bf1cfa1b,0xa34296891a73c30415f33d8d4ff0ceb2ce049ca1,BUY,110290742709531333936637417418570910881285907663357514844586483587588568832794,0.638999931767746,1.846634,1767053799
0x617b51e68fbff47dbd45af76164e88ba43c14e6768b9f5bde4c8327db876924e_1767053825,0x2c3dce8515854f167dc523745a6b9d98d22ec9266d9f4921f62fd3e4bf1cfa1b,0xfdfe80903d12e8cd59ccc7300bfb12e6ea33e6ed,BUY,110290742709531333936637417418570910881285907663357514844586483587588568832794,0.6389998337558705,1.92488,1767053825
0x2abc848ccef79466a2b0a585ad3e69dfd474c781b4e106d6a07ad746c3bb3f09_1767053827,0x2c3dce8515854f167dc523745a6b9d98d22ec9266d9f4921f62fd3e4bf1cfa1b,0x9dbfe3cc9a4d2e05c8addd7db9da7200e9d2f3f6,BUY,110290742709531333936637417418570910881285907663357514844586483587588568832794,0.6389998397729354,2.097024,1767053827
0x5a38ab22fef4c85980fc410ea58bd932351f1e5ae4512a325eaa65883b575e5e_1767053857,0x2c3dce8515854f167dc523745a6b9d98d22ec9266d9f4921f62fd3e4bf1cfa1b,0xb7fe9ac2d21d0718883a136a799808136ee6974d,BUY,110290742709531333936637417418570910881285907663357514844586483587588568832794,0.638999970179973,1.643191,1767053857
0x493188873dafcceb21831fd09ef0bcbd56a1c5941814a90b1c50ff316ff4c885_1767053929,0x2c3dce8515854f167dc523745a6b9d98d22ec9266d9f4921f62fd3e4bf1cfa1b,0x8e473b4cccdf32c26c2c3e8e8d04b03193bf4bf3,BUY,110290742709531333936637417418570910881285907663357514844586483587588568832794,0.634999887169255,1.905509,1767053929
0x8fb0a4a89c99d826abce4f678c0252f999556ad13bbc0b977a4d848b555558f2_1767053929,0x2c3dce8515854f167dc523745a6b9d98d22ec9266d9f4921f62fd3e4bf1cfa1b,0xa5ca742631d2bb31ded0e0ed4a1af8d17e59af6f,BUY,110290742709531333936637417418570910881285907663357514844586483587588568832794,0.6349998756456504,1.889761,1767053929
0x8a072bd21ee4afec19836006edb9884e49411d3a93f9e46de480a0e79db9cacd_1767053961,0x2c3dce8515854f167dc523745a6b9d98d22ec9266d9f4921f62fd3e4bf1cfa1b,0xe225291b7e6c083f03f835cd61e8164ae59f85e7,BUY,110290742709531333936637417418570910881285907663357514844586483587588568832794,0.6349998285498748,1.574802,1767053961
0x6dc67209ae422a2b6b50bce4e4afdf6cf7815f0a978436cc70691823c4930df6_1767053995,0x2c3dce8515854f167dc523745a6b9d98d22ec9266d9f4921f62fd3e4bf1cfa1b,0x13f6809101faef5766be4697e24b4510a76960a1,BUY,110290742709531333936637417418570910881285907663357514844586483587588568832794,0.634999959590875,1.732282,1767053995
0x67069fd41a97a1fcdd2794a0d4cf0c5ee56edcbdef41a84269b6164accf3484b_1767054013,0x2c3dce8515854f167dc523745a6b9d98d22ec9266d9f4921f62fd3e4bf1cfa1b,0x3ac4b02b52a2a1ed73be944bca976e9630a12d15,BUY,110290742709531333936637417418570910881285907663357514844586483587588568832794,0.6349998985039482,1.921257,1767054013
0xd468b10c0a02e443bd926203cd682439480223c9d967f6703cbc1d5736aa705e_1767054021,0x2c3dce8515854f167dc523745a6b9d98d22ec9266d9f4921f62fd3e4bf1cfa1b,0x84ee8a95a0447311171025f420c5fb629c8373bb,BUY,110290742709531333936637417418570910881285907663357514844586483587588568832794,0.6349998705338813,1.622046,1767054021
0xc1cefc31a6e42c3f5a5cd7b53362912909f40cc5e383ebe9fceda21ddb651111_1767054031,0x2c3dce8515854f167dc523745a6b9d98d22ec9266d9f4921f62fd3e4bf1cfa1b,0xcc7cc758832741d13ad773e7074215922e354ce2,BUY,110290742709531333936637417418570910881285907663357514844586483587588568832794,0.6349999968249997,31.49606,1767054031
0x4eadec2e79e0ae4e4c5a7a900b12f0c964d284456172832b0acbf16e9e00a6c2_1767054073,0x2c3dce8515854f167dc523745a6b9d98d22ec9266d9f4921f62fd3e4bf1cfa1b,0xbd33e9f8525d55a4c04411369bc3fb94c151663f,BUY,110290742709531333936637417418570910881285907663357514844586483587588568832794,0.6349999829910566,1.763778,1767054073
0x5358cfe1c471f69f3d576a37effe5a19d1e73be01f8f885de664031605f0d9b2_1767054155,0x2c3dce8515854f167dc523745a6b9d98d22ec9266d9f4921f62fd3e4bf1cfa1b,0x36bb5e50f99cfc2ef21461bb982f339135e614d2,BUY,110290742709531333936637417418570910881285907663357514844586483587588568832794,0.6349999096543375,1.937005,1767054155
0xfffce2c75bffca2b3b0e3e199116c03b8cea45e35d7b0a24dfed90ae09cb2aca_1767054189,0x2c3dce8515854f167dc523745a6b9d98d22ec9266d9f4921f62fd3e4bf1cfa1b,0x85c15f9feb81b99059f8cde983f08f0656423c1c,BUY,110290742709531333936637417418570910881285907663357514844586483587588568832794,0.634999893376804,2.110235,1767054189
0x8f0a63dac495a4680c7740e84645d45e2bf65d2569aab97886ad0ce68cbb2d99_1767054219,0x2c3dce8515854f167dc523745a6b9d98d22ec9266d9f4921f62fd3e4bf1cfa1b,0x8046d7904ff6fb6d08c8f43050db871f8a2dec1d,BUY,86498068750018438192524977941980476748299785729870940867089250086714498791178,0.39269191434234735,195.21665,1767054219
0x3b7c781ab9ae852342ccab23d943f95d407463e2bfd1ec7f4604ca009ff39dc7_1767054225,0x2c3dce8515854f167dc523745a6b9d98d22ec9266d9f4921f62fd3e4bf1cfa1b,0xd7edd27cc1e9a3e6ce617b65c23bfb84cc6eb87c,BUY,110290742709531333936637417418570910881285907663357514844586483587588568832794,0.6339998149402611,1.750786,1767054225
0xd251ccc188e20458997a264e8c6d4565e98acdb634c6d6f7a876cdf3c72ea744_1767054239,0x2c3dce8515854f167dc523745a6b9d98d22ec9266d9f4921f62fd3e4bf1cfa1b,0x561ef61302d9485890aba78c8546e80068753094,BUY,110290742709531333936637417418570910881285907663357514844586483587588568832794,0.6329998547532966,2.037912,1767054239
0xe1fda79bfcac3a35faa6ef3085f7e24840f4423febf9be254620b1b1df21424b_1767054255,0x2c3dce8515854f167dc523745a6b9d98d22ec9266d9f4921f62fd3e4bf1cfa1b,0x9fd24c57e9ec7c962db1d97c8b1d6702ad0e9740,BUY,110290742709531333936637417418570910881285907663357514844586483587588568832794,0.6329999140512301,1.721956,1767054255
0xd4eef31d3ce14d207c77f7e4407947eed2276bd756fb9c2d1a2bd461968ad66c_1767054267,0x2c3dce8515854f167dc523745a6b9d98d22ec9266d9f4921f62fd3e4bf1cfa1b,0x0464dd81396067a1356660a5a0af1e57fedf0790,BUY,110290742709531333936637417418570910881285907663357514844586483587588568832794,0.6329999356536724,1.911531,1767054267
0x7e29c991c359a69ac0421e2fe1efac10284a4e5257838d325c408eb9a3f34319_1767054317,0x2c3dce8515854f167dc523745a6b9d98d22ec9266d9f4921f62fd3e4bf1cfa1b,0x982db93c9a09696a745d0d8fbbe271ced54f4dbc,BUY,110290742709531333936637417418570910881285907663357514844586483587588568832794,0.6339999245487069,1.908516,1767054317
0x9c9afe7c83251da36347794da9bd8f6c738c6c690a42ded8a218175d48e3702d_1767054337,0x2c3dce8515854f167dc523745a6b9d98d22ec9266d9f4921f62fd3e4bf1cfa1b,0x13e9aeccbc6a65be6150e2fcf274191fad5bef7f,BUY,110290742709531333936637417418570910881285907663357514844586483587588568832794,0.6339999890269127,1.640377,1767054337
0xb6a413b476bf955535dd9fa3c4aaf50ea93471d8c366bdf7c6250d59281b5b99_1767054361,0x2c3dce8515854f167dc523745a6b9d98d22ec9266d9f4921f62fd3e4bf1cfa1b,0x2d87a33c69c5d9187fa424acc6ef5a42afde190c,BUY,110290742709531333936637417418570910881285907663357514844586483587588568832794,0.634,8.0,1767054361
0x5fc0c05a0704105eb4cd6b00f98a67bddfb682ae6f24544bc7fed712f159aec7_1767054369,0x2c3dce8515854f167dc523745a6b9d98d22ec9266d9f4921f62fd3e4bf1cfa1b,0x57ed343f12dcaf94b6185e548c78ea308a4f2cf9,BUY,110290742709531333936637417418570910881285907663357514844586483587588568832794,0.6339998865472892,1.798106,1767054369
0xb1e03845622a6148900069c439aafd0727e4a763d90fe882cf22dd4338cfcf77_1767054399,0x2c3dce8515854f167dc523745a6b9d98d22ec9266d9f4921f62fd3e4bf1cfa1b,0xb5baebd04ccb5ddbec3af8b1d8755459fb239dbd,BUY,110290742709531333936637417418570910881285907663357514844586483587588568832794,0.6339998605197771,1.735013,1767054399
0xb425ca76d07f840051a066f190a34ccfd69e3fe43655bba838ba3caee4f22a61_1767054443,0x2c3dce8515854f167dc523745a6b9d98d22ec9266d9f4921f62fd3e4bf1cfa1b,0xb9ee3fd5479b89995c77a6eb182a3bf64940252a,BUY,110290742709531333936637417418570910881285907663357514844586483587588568832794,0.633999945344738,1.82965,1767054443
0xdeb3c14d398eaed35d1132e7c265015d305f81c503740ac5a7b1ef0136c1472c_1767054529,0x2c3dce8515854f167dc523745a6b9d98d22ec9266d9f4921f62fd3e4bf1cfa1b,0xcecaeade076dafc88fdb955864da9d9c15693f67,SELL,110290742709531333936637417418570910881285907663357514844586483587588568832794,0.5670690753214942,81.65,1767054529
0xc761806c1d9ef6581c1a98ef7373ec9d4a3e55380b47ce5f36f78f083ba69184_1767054559,0x2c3dce8515854f167dc523745a6b9d98d22ec9266d9f4921f62fd3e4bf1cfa1b,0xa533ca19f8a9e0d56ffe274d30129ba064b34958,BUY,110290742709531333936637417418570910881285907663357514844586483587588568832794,0.6169999860826966,2.15559,1767054559
0x4758ccfffdce4710fe07daa2d8115f0c318e6d942699a2fe30f0df34e06107de_1767054567,0x2c3dce8515854f167dc523745a6b9d98d22ec9266d9f4921f62fd3e4bf1cfa1b,0xcecaeade076dafc88fdb955864da9d9c15693f67,BUY,86498068750018438192524977941980476748299785729870940867089250086714498791178,0.4363712948457108,106.171051,1767054567
0x81ffecfe516b27425287ca7cfe1c488d88f87f9f45f2d862e18e0feb90756339_1767054617,0x2c3dce8515854f167dc523745a6b9d98d22ec9266d9f4921f62fd3e4bf1cfa1b,0x57af1c106bbc2fb97f2f78776ae999a153c4ad69,BUY,110290742709531333936637417418570910881285907663357514844586483587588568832794,0.5989999128283972,2.053421,1767054617
0xa4c1988c661a04bc0d58f6944ceb605d592456614f74158fd5225bbc1c64ae30_1767054701,0x2c3dce8515854f167dc523745a6b9d98d22ec9266d9f4921f62fd3e4bf1cfa1b,0xc51d6b98c727dc1e99f597db1dc72afc5d1df1bc,BUY,110290742709531333936637417418570910881285907663357514844586483587588568832794,0.5969999059127395,2.093801,1767054701
0x8d93d69067532eb5576b25eaabec0a76d94325bea08dba878e8643b28b438fe6_1767054743,0x2c3dce8515854f167dc523745a6b9d98d22ec9266d9f4921f62fd3e4bf1cfa1b,0x464282ab6046aaf718a4c603e81096bded68f0cb,BUY,110290742709531333936637417418570910881285907663357514844586483587588568832794,0.5979998689598008,1.923074,1767054743
0x2de42fc7ac435ab87faf2e77ac3e94cdd9e5c538d3887844e4602815668f1f30_1767054773,0x2c3dce8515854f167dc523745a6b9d98d22ec9266d9f4921f62fd3e4bf1cfa1b,0xce0e6677f036ed20adb7d11205c0b8e87854fb2e,BUY,86498068750018438192524977941980476748299785729870940867089250086714498791178,0.43674521422233425,24.728374,1767054773
0x4b711ea7a0cab3d53e1895cfd73ab4efe1a8837e2222e49d367c44b57c490ae3_1767054773,0x2c3dce8515854f167dc523745a6b9d98d22ec9266d9f4921f62fd3e4bf1cfa1b,0x0e7410845af5afd0cde93901a210c95bcdfe6e7f,BUY,110290742709531333936637417418570910881285907663357514844586483587588568832794,0.5979998382386599,2.324412,1767054773
0x17721576bae2b7897076ccf4c8757e6cc86fbd7557125ef38d510b11ba9debbc_1767054783,0x2c3dce8515854f167dc523745a6b9d98d22ec9266d9f4921f62fd3e4bf1cfa1b,0x53dc41b972f78a7204e25e3a49ee4e105b3c1f31,BUY,110290742709531333936637417418570910881285907663357514844586483587588568832794,0.5979998521478352,2.123743,1767054783
0x4aa65c8d2a32ae42a9a4a317f7cfe22c631481a325835c0d12409807c30ad4a3_1767054807,0x2c3dce8515854f167dc523745a6b9d98d22ec9266d9f4921f62fd3e4bf1cfa1b,0x1c0d5c93e5979bb200086b37f40322034c8b36e4,BUY,110290742709531333936637417418570910881285907663357514844586483587588568832794,0.5979998757280537,2.140467,1767054807
0x305901a9db85d83b06667340fa5c97db3443e25dcdfdaa1ecf594382da8889ef_1767054893,0x2c3dce8515854f167dc523745a6b9d98d22ec9266d9f4921f62fd3e4bf1cfa1b,0xa5623a1ba29aa6405f316c7dfb58f8eb64ced636,BUY,110290742709531333936637417418570910881285907663357514844586483587588568832794,0.5979998211290988,1.889631,1767054893
0x04ee2c173d4bd0a461cf6d807acfc2907faeec1a000ebb0cf508c03f1ec7aca3_1767054923,0x2c3dce8515854f167dc523745a6b9d98d22ec9266d9f4921f62fd3e4bf1cfa1b,0x7d858550e3f39cb2f605b36e5b068a15bcb63a04,BUY,86498068750018438192524977941980476748299785729870940867089250086714498791178,0.4372744511163645,193.631251,1767054923
0x5b8f2595cd894e5e2ee07dac23a4a1e08aaa23b89b574a5e3348a1841c3ef0e0_1767054933,0x2c3dce8515854f167dc523745a6b9d98d22ec9266d9f4921f62fd3e4bf1cfa1b,0x99d3255b31f9dffdfba1d8b5b90b73b5ec649a7d,BUY,110290742709531333936637417418570910881285907663357514844586483587588568832794,0.5984534907562273,1.921618,1767054933
0x542cf9e9224ef11b16482c7e3d7a95394f0c487b9b01c26a7ade321786b2c400_1767054939,0x2c3dce8515854f167dc523745a6b9d98d22ec9266d9f4921f62fd3e4bf1cfa1b,0x945a49252f772a10c6ddd1d1e1e24ee20438a48c,SELL,86498068750018438192524977941980476748299785729870940867089250086714498791178,0.401,4.03,1767054939
0xa5fda52816d1c29ec55beb6dfc7f9a85aee79bb339a0d5c64b5913499016622b_1767054955,0x2c3dce8515854f167dc523745a6b9d98d22ec9266d9f4921f62fd3e4bf1cfa1b,0x945a49252f772a10c6ddd1d1e1e24ee20438a48c,SELL,86498068750018438192524977941980476748299785729870940867089250086714498791178,0.335,1.05,1767054955
0x818c0bd7545888854388594114e20c680f3c0b81487252006f71ace67c3499f9_1767054981,0x2c3dce8515854f167dc523745a6b9d98d22ec9266d9f4921f62fd3e4bf1cfa1b,0x6c32ecb7bd8c9ff7f5736a8848ea5a0c21c875ea,BUY,110290742709531333936637417418570910881285907663357514844586483587588568832794,0.6649999008892472,1.563907,1767054981
0x2c915dca604109f2d5c28867c060a7aa4c022d137767e6aca435c15838271ddd_1767055011,0x2c3dce8515854f167dc523745a6b9d98d22ec9266d9f4921f62fd3e4bf1cfa1b,0x786305d1d20b38c240f3e90aba0975d2f72c3d4e,BUY,110290742709531333936637417418570910881285907663357514844586483587588568832794,0.6649998450210912,1.774435,1767055011
0x8af8225f87a32e04a752c53845ada07d87be7df20e1e990bd41b45374ed28b2b_1767055027,0x2c3dce8515854f167dc523745a6b9d98d22ec9266d9f4921f62fd3e4bf1cfa1b,0xba2781a7b7fad92897aa876caf44622928d5001e,BUY,110290742709531333936637417418570910881285907663357514844586483587588568832794,0.6639999387076508,1.95783,1767055027
0x319a4f431cd157aa962d6414f8f595bceec8dbc1b31dc136c51ad1004436afb3_1767055083,0x2c3dce8515854f167dc523745a6b9d98d22ec9266d9f4921f62fd3e4bf1cfa1b,0x7d51f58c68b427d113d5c84b508161d4e0286f1f,BUY,110290742709531333936637417418570910881285907663357514844586483587588568832794,0.663,19.0,1767055083
0x44d934a0d701c71de13e0f5b8337e08e4784fd2c3aa69ed0f95d12e98a857260_1767055097,0x2c3dce8515854f167dc523745a6b9d98d22ec9266d9f4921f62fd3e4bf1cfa1b,0xf0f7cca749104ddbca54a9fb1d51e33c2f48e6ef,BUY,110290742709531333936637417418570910881285907663357514844586483587588568832794,0.663999597449615,1.927709,1767055097
0x193e8a9a2d592204b8809936f332644ca25f1c98435019e00fb855ec4ef72332_1767055125,0x2c3dce8515854f167dc523745a6b9d98d22ec9266d9f4921f62fd3e4bf1cfa1b,0xbb7f280b061a2caf20e1c8c8cfafa52eb09072ab,BUY,110290742709531333936637417418570910881285907663357514844586483587588568832794,0.6639998032591354,1.626505,1767055125
0x7700ed2b63bde04d42c062a45fc75ced024a8990781a22b92746bfcb5aa4b57b_1767055249,0x2c3dce8515854f167dc523745a6b9d98d22ec9266d9f4921f62fd3e4bf1cfa1b,0xc84bfde89d8e7e65d326130de2b12e0b8fc33040,BUY,110290742709531333936637417418570910881285907663357514844586483587588568832794,0.6639995106263616,1.912649,1767055249
0x1387f3220f089978cdd03b1a5c1c02d666f4011d45fd1273103564f92bfcb64e_1767055251,0x2c3dce8515854f167dc523745a6b9d98d22ec9266d9f4921f62fd3e4bf1cfa1b,0xf1645f80d7d9954cdaec50c2c75254b60ea2252d,BUY,110290742709531333936637417418570910881285907663357514844586483587588568832794,0.6639998558758885,1.94277,1767055251
0x79a14f686a064fd4fcce4c86f909d933288f39f3e4bc8f0fbaef0fc3f5f8a1b5_1767055275,0x2c3dce8515854f167dc523745a6b9d98d22ec9266d9f4921f62fd3e4bf1cfa1b,0x7d51f58c68b427d113d5c84b508161d4e0286f1f,BUY,110290742709531333936637417418570910881285907663357514844586483587588568832794,0.664,14.98,1767055275
0xd49f10e3d30180e6c543bd9e2aee76147f3430cc9511f18c67f9e60fcfd7e528_1767055309,0x2c3dce8515854f167dc523745a6b9d98d22ec9266d9f4921f62fd3e4bf1cfa1b,0x174a8304771c1b68c7949e0407f2714b8d25c66a,BUY,110290742709531333936637417418570910881285907663357514844586483587588568832794,0.6649998932337662,1.639095,1767055309
0x762dc7b847e4c13bbe15e8b4987e2be28cbcaab403c48e27056133d66c2d7bfc_1767055357,0x2c3dce8515854f167dc523745a6b9d98d22ec9266d9f4921f62fd3e4bf1cfa1b,0xef3e27a7b7a844c7b8422c44205e5fd20e3deff5,BUY,110290742709531333936637417418570910881285907663357514844586483587588568832794,0.665,24.36,1767055357
0xc12ef2b536957aba8ad8da26f8d791f9b27e7a639ee5691b11fbde105b34c4ac_1767055459,0x2c3dce8515854f167dc523745a6b9d98d22ec9266d9f4921f62fd3e4bf1cfa1b,0x82a74cd1d8c0b07d4598deb31ee82f9502409ea8,BUY,86498068750018438192524977941980476748299785729870940867089250086714498791178,0.4,3.425,1767055459
0x3598441e8342ce040b0029e9d95f350a6c5fdb2c20ad9579ca19bfc31caa6a9f_1767055473,0x2c3dce8515854f167dc523745a6b9d98d22ec9266d9f4921f62fd3e4bf1cfa1b,0xb955be2f7d4cdb3f78b3cab4c3efb0c56efa0b47,BUY,110290742709531333936637417418570910881285907663357514844586483587588568832794,0.6649999334999462,1.654134,1767055473
0xa8f4115ea9d5d3470b0bae0679087659187c10b6c7efc6f0e6f1b39aa1a97096_1767055515,0x2c3dce8515854f167dc523745a6b9d98d22ec9266d9f4921f62fd3e4bf1cfa1b,0xfa2689cae787abab238e98bd31c2cf6097012473,BUY,110290742709531333936637417418570910881285907663357514844586483587588568832794,0.6649998363475687,1.924811,1767055515
0x95a19faf1d1e2cd561da11a219bb4a1965d265d7d454b402eefa10140b96127c_1767055529,0x2c3dce8515854f167dc523745a6b9d98d22ec9266d9f4921f62fd3e4bf1cfa1b,0x82a74cd1d8c0b07d4598deb31ee82f9502409ea8,BUY,86498068750018438192524977941980476748299785729870940867089250086714498791178,0.3990902847178526,30.394125,1767055529
0x41b1ed6774359810061a3dd8f8518fc2ac1520954287333f4dfb1ec99601aa0b_1767055531,0x2c3dce8515854f167dc523745a6b9d98d22ec9266d9f4921f62fd3e4bf1cfa1b,0xff269d596d398ccb2fbb5004cf8c468fa3d75bff,BUY,110290742709531333936637417418570910881285907663357514844586483587588568832794,0.6649999534499567,3.007516,1767055531
0x4a80806d55d9735039c24410a7f4344facfb973c091459967b86c29f94bcb1f5_1767055535,0x2c3dce8515854f167dc523745a6b9d98d22ec9266d9f4921f62fd3e4bf1cfa1b,0x7d51f58c68b427d113d5c84b508161d4e0286f1f,BUY,110290742709531333936637417418570910881285907663357514844586483587588568832794,0.665,19.4,1767055535
0x5b4f93f218d65c26986b4fae1b877e93af22799a8a7ea85f1f497aeded4e0ce9_1767055599,0x2c3dce8515854f167dc523745a6b9d98d22ec9266d9f4921f62fd3e4bf1cfa1b,0x4570e99814003520f79869dc2417b660daa983ef,BUY,110290742709531333936637417418570910881285907663357514844586483587588568832794,0.6659999317486545,1.816814,1767055599
0x96053ba4d8513ad34e02e56224353517fb632718011c5d786a2270f6421cd989_1767055645,0x2c3dce8515854f167dc523745a6b9d98d22ec9266d9f4921f62fd3e4bf1cfa1b,0x6a1b5fabb5a979cd6136c2fe63bf5b414b7e4e38,BUY,110290742709531333936637417418570910881285907663357514844586483587588568832794,0.6659999256298843,1.801799,1767055645
0x5f00f720acac72d6d5aaeb2ba2b67c5079edf9f442640f0b283fb4eac5c9ef05_1767055727,0x2c3dce8515854f167dc523745a6b9d98d22ec9266d9f4921f62fd3e4bf1cfa1b,0x607bd7c7952b3d06f5880dd298940dc124a34012,BUY,86498068750018438192524977941980476748299785729870940867089250086714498791178,0.3796977978888233,790.102025,1767055727
0x6312d053c771fe651ab6888bdd0afcbe0729bebc64d47e3d15b84eb7b920b3d7_1767055789,0x2c3dce8515854f167dc523745a6b9d98d22ec9266d9f4921f62fd3e4bf1cfa1b,0x7d51f58c68b427d113d5c84b508161d4e0286f1f,BUY,110290742709531333936637417418570910881285907663357514844586483587588568832794,0.665,30.0,1767055789
0x5dba70e56d234d39827649071313ade4b30bda40fc63f1d64ea9e620e41565fa_1767055929,0x2c3dce8515854f167dc523745a6b9d98d22ec9266d9f4921f62fd3e4bf1cfa1b,0x9e44782322a0e1fba00532408d51dd324ee870bc,BUY,110290742709531333936637417418570910881285907663357514844586483587588568832794,0.6649998932337662,1.639095,1767055929
0xd48836fe633577a517a4f0d09f483b1ae482acb10846d976c69116c0384999a6_1767055941,0x2c3dce8515854f167dc523745a6b9d98d22ec9266d9f4921f62fd3e4bf1cfa1b,0x65d4d461be1a7502230b80d42d99d2286d99ebba,BUY,110290742709531333936637417418570910881285907663357514844586483587588568832794,0.6649999999203307,125.518794,1767055941
0x52b16efbbac55a1618d75944df67070192e18d0ac75c5f23e95ef8d3d4895b79_1767056117,0x2c3dce8515854f167dc523745a6b9d98d22ec9266d9f4921f62fd3e4bf1cfa1b,0xdf3f1758e5b2b4b4044ed2a98776f37c486ac76c,BUY,110290742709531333936637417418570910881285907663357514844586483587588568832794,0.6659999000998428,1.741739,1767056117
0x5e364115f865b8df39df821b9086260ca9dfef2b2ee83d84898283c61557bee0_1767056157,0x2c3dce8515854f167dc523745a6b9d98d22ec9266d9f4921f62fd3e4bf1cfa1b,0xd52ba67ebc5fa3457629d567411af5da3c69783c,SELL,86498068750018438192524977941980476748299785729870940867089250086714498791178,0.334,20.0,1767056157
0xd11c7c6492e790de6e7ba3c17b87ebc774cad88cd52adafae77c85dbbc27a93e_1767056325,0x2c3dce8515854f167dc523745a6b9d98d22ec9266d9f4921f62fd3e4bf1cfa1b,0x3acd8fce9a154f4bf6bd6a40059be72fb21e6767,BUY,110290742709531333936637417418570910881285907663357514844586483587588568832794,0.6679998369626134,1.766466,1767056325
0x4000201e6825e8d8f04460025c66cb552ee15d5efd046ff2ca4cd5e2e1649ac9_1767056483,0x2c3dce8515854f167dc523745a6b9d98d22ec9266d9f4921f62fd3e4bf1cfa1b,0xc150daaf20bd0e0c7a464bbc841cf943328fc46b,BUY,110290742709531333936637417418570910881285907663357514844586483587588568832794,0.6659998561050355,2.057056,1767056483
0x1f405e6be76d92cbb2df208f959365b252bc93d83de3b3dce73be5ffa3e2eb65_1767056591,0x2c3dce8515854f167dc523745a6b9d98d22ec9266d9f4921f62fd3e4bf1cfa1b,0x14037b56b5b8ad24c368ca1d4096c28eda32c514,BUY,110290742709531333936637417418570910881285907663357514844586483587588568832794,0.6659999608856545,1.891889,1767056591
0xecbb69afdc3c8439a231c078380206abac5fbb7b7722d8acb80b4a7ca203240e_1767056667,0x2c3dce8515854f167dc523745a6b9d98d22ec9266d9f4921f62fd3e4bf1cfa1b,0xf12e03c202fc9b65da05d4d1b8a74cffcc01cef3,BUY,110290742709531333936637417418570910881285907663357514844586483587588568832794,0.6659999719030822,1.921919,1767056667
0x10d6afe7622c7869596e47db249b6f2faa28ab187a521bd460cb8b2aceb4597b_1767056803,0x2c3dce8515854f167dc523745a6b9d98d22ec9266d9f4921f62fd3e4bf1cfa1b,0xfc7a9e26dbc8626ab39ef6283714829f0edde98f,BUY,110290742709531333936637417418570910881285907663357514844586483587588568832794,0.666,18.0,1767056803
0x54217b3a226895c4f5a5434ef81214d25edc70e0d8087d802deaeb872f71501a_1767056913,0x2c3dce8515854f167dc523745a6b9d98d22ec9266d9f4921f62fd3e4bf1cfa1b,0xb09f1697ba5872eaae79b1e834b297081cb2545c,BUY,110290742709531333936637417418570910881285907663357514844586483587588568832794,0.6679999979717138,37.470057,1767056913
0x8dba3166a04e2642d9bd56c8aaa363aa2f13ef247dc2e8e458ca0da2b6dcaac2_1767056933,0x2c3dce8515854f167dc523745a6b9d98d22ec9266d9f4921f62fd3e4bf1cfa1b,0x50a3b6cb6fe6b987cdd541c8270fe855ed140a78,BUY,110290742709531333936637417418570910881285907663357514844586483587588568832794,0.667331328936152,7.492527,1767056933
0x489bb57e0dcace99d44195f5c54ea62d99cf9db925ab7b0e3cd3ec3b4ba1aeff_1767056979,0x2c3dce8515854f167dc523745a6b9d98d22ec9266d9f4921f62fd3e4bf1cfa1b,0xfc7a9e26dbc8626ab39ef6283714829f0edde98f,BUY,110290742709531333936637417418570910881285907663357514844586483587588568832794,0.6689261476605832,37.373332,1767056979
0xe85e06cc5bf36ea2be999c317f3fcfd252c71df69d6cb0e5c622589bea4d54cf_1767057057,0x2c3dce8515854f167dc523745a6b9d98d22ec9266d9f4921f62fd3e4bf1cfa1b,0x2bc8f529f2e2a6dca84e4e1fc15662abf90ae812,BUY,110290742709531333936637417418570910881285907663357514844586483587588568832794,0.6689999827397988,14.947682,1767057057
0x0c0f9c04ce90b29a1f7014623e7fb80e3abdfc5aef0ade90e2b9cf8bfc41fc87_1767057077,0x2c3dce8515854f167dc523745a6b9d98d22ec9266d9f4921f62fd3e4bf1cfa1b,0x951deb42f26e7e3580ebd98e93a96c60306cf79f,SELL,86498068750018438192524977941980476748299785729870940867089250086714498791178,0.331,12.56,1767057077
0x02cca1b66fc9fbe0fc8f75bd2fcd5a05943e741eeea91fa40db34693df51593c_1767057125,0x2c3dce8515854f167dc523745a6b9d98d22ec9266d9f4921f62fd3e4bf1cfa1b,0xbafcd1bd9d5454ffd99056f7d81da6335ad626c1,BUY,110290742709531333936637417418570910881285907663357514844586483587588568832794,0.6689998878626623,1.569504,1767057125
0x821c1c596d45e0130aa8733d2b74852331554a90748b8ebd01fe1fe9afa045c3_1767057177,0x2c3dce8515854f167dc523745a6b9d98d22ec9266d9f4921f62fd3e4bf1cfa1b,0xf9f207b77137caa79c6c4516abdef3133db45cba,BUY,110290742709531333936637417418570910881285907663357514844586483587588568832794,0.6691574666666666,600.0,1767057177
0x11ce8f9f86a8ef9730938b4264ef590eb6036c50d30f49fd9049c662efa30a40_1767057217,0x2c3dce8515854f167dc523745a6b9d98d22ec9266d9f4921f62fd3e4bf1cfa1b,0xe9a80665c18e8d750deaee4bf28ea32aa5ae416c,BUY,110290742709531333936637417418570910881285907663357514844586483587588568832794,0.6927927360441215,433.029943,1767057217
0x7ca727e9e8afc4231777ca71e11537d3c57c2cc4c7a53319ed857b10ff2887f4_1767057225,0x2c3dce8515854f167dc523745a6b9d98d22ec9266d9f4921f62fd3e4bf1cfa1b,0x50a3b6cb6fe6b987cdd541c8270fe855ed140a78,SELL,110290742709531333936637417418570910881285907663357514844586483587588568832794,0.65,8.24,1767057225
0x1d0b002ed54a4122000161292bae6ad85aafdc8f268041f2e28242190b28cada_1767057255,0x2c3dce8515854f167dc523745a6b9d98d22ec9266d9f4921f62fd3e4bf1cfa1b,0x50a3b6cb6fe6b987cdd541c8270fe855ed140a78,BUY,86498068750018438192524977941980476748299785729870940867089250086714498791178,0.349999929999979,5.714284,1767057255
0xb13ecb9c62eacebcab637c77b048ae37bae973317d7a525454adb091b6048a17_1767057275,0x2c3dce8515854f167dc523745a6b9d98d22ec9266d9f4921f62fd3e4bf1cfa1b,0x3a56a469d6457f779f18869f92f23878cc39387c,BUY,86498068750018438192524977941980476748299785729870940867089250086714498791178,0.331,15.0,1767057275
0x3fbebd919dfe637486e36c06c7445100c9de400f73737a755b4ade440c11b754_1767057275,0x2c3dce8515854f167dc523745a6b9d98d22ec9266d9f4921f62fd3e4bf1cfa1b,0x3a56a469d6457f779f18869f92f23878cc39387c,BUY,86498068750018438192524977941980476748299785729870940867089250086714498791178,0.331,15.0,1767057275
0x76f692ab58582b081b75abd85c1021e7c935d4cf8b41ee3fd7b31e0d88c6627a_1767057275,0x2c3dce8515854f167dc523745a6b9d98d22ec9266d9f4921f62fd3e4bf1cfa1b,0x3a56a469d6457f779f18869f92f23878cc39387c,BUY,86498068750018438192524977941980476748299785729870940867089250086714498791178,0.331,15.0,1767057275
0x1fee709d537d810c2452d82c2baf9203082c1a788a482c6a6ee315357dc898e5_1767057275,0x2c3dce8515854f167dc523745a6b9d98d22ec9266d9f4921f62fd3e4bf1cfa1b,0xf9f207b77137caa79c6c4516abdef3133db45cba,BUY,110290742709531333936637417418570910881285907663357514844586483587588568832794,0.669,15.0,1767057275
0xb0d8611b3f1b40200a51a431b01717b6a4c6efc2beae9807b362d7ac5e0d6e3a_1767057341,0x2c3dce8515854f167dc523745a6b9d98d22ec9266d9f4921f62fd3e4bf1cfa1b,0xdd45e705ee2c41bd1d81da5bcb8ed0e8b30259b2,BUY,86498068750018438192524977941980476748299785729870940867089250086714498791178,0.33037733499377336,8.03,1767057341
0x85603fed768a06c852612613d03a12084fed06d0e223fa87273e525243df72e8_1767057341,0x2c3dce8515854f167dc523745a6b9d98d22ec9266d9f4921f62fd3e4bf1cfa1b,0xdd45e705ee2c41bd1d81da5bcb8ed0e8b30259b2,BUY,86498068750018438192524977941980476748299785729870940867089250086714498791178,0.331,23.65,1767057341
0xf46c63879ad091c3c7cac2d1d9917e5e83f18fe2f909e9f8419494018386e561_1767057515,0x2c3dce8515854f167dc523745a6b9d98d22ec9266d9f4921f62fd3e4bf1cfa1b,0x30889c6119c04918a94b67a5b66a1dfb66d662b7,BUY,110290742709531333936637417418570910881285907663357514844586483587588568832794,0.7139998905546016,1.918765,1767057515
0x9e518e01adbb16214d20f3ac543091c7630cacf08993352bdf6d709f76954dbd_1767057595,0x2c3dce8515854f167dc523745a6b9d98d22ec9266d9f4921f62fd3e4bf1cfa1b,0xba88bcd6e865c9de1b9850f74f5ad6af90053138,BUY,110290742709531333936637417418570910881285907663357514844586483587588568832794,0.7158865409161821,141.02,1767057595
0xd91223afd45139e9f1103ade568ddbebde3b4f99aefa884713cc1d4168c4a559_1767057751,0x2c3dce8515854f167dc523745a6b9d98d22ec9266d9f4921f62fd3e4bf1cfa1b,0x6c90469a01ec3baabe7b09804c6ee393c398864e,BUY,110290742709531333936637417418570910881285907663357514844586483587588568832794,0.7329998392541393,1.55525,1767057751
0x0226859e9a1a9465fb504085256a0cb14a565d213ae5075f0147aca3403df4a5_1767057807,0x2c3dce8515854f167dc523745a6b9d98d22ec9266d9f4921f62fd3e4bf1cfa1b,0x561ef61302d9485890aba78c8546e80068753094,BUY,110290742709531333936637417418570910881285907663357514844586483587588568832794,0.7329999489517437,1.527966,1767057807
0x5cd0864d730fb24e6531507a13c25585a6d0b34d5a0ceffa1dd499ebc681e169_1767058215,0x2c3dce8515854f167dc523745a6b9d98d22ec9266d9f4921f62fd3e4bf1cfa1b,0xba88bcd6e865c9de1b9850f74f5ad6af90053138,BUY,110290742709531333936637417418570910881285907663357514844586483587588568832794,0.731,24.39,1767058215
0xaeb3caf58e0cd9a576c01cc361dfffab81136d9dbc7834b55d67a75a2b67e01f_1767058259,0x2c3dce8515854f167dc523745a6b9d98d22ec9266d9f4921f62fd3e4bf1cfa1b,0xba88bcd6e865c9de1b9850f74f5ad6af90053138,BUY,110290742709531333936637417418570910881285907663357514844586483587588568832794,0.7324,50.0,1767058259
0xf53b4f6f03f7a4cf471364544e454a2677c2a0c84d063069bef1b736f3082467_1767058263,0x2c3dce8515854f167dc523745a6b9d98d22ec9266d9f4921f62fd3e4bf1cfa1b,0xf12e03c202fc9b65da05d4d1b8a74cffcc01cef3,BUY,110290742709531333936637417418570910881285907663357514844586483587588568832794,0.7339999903737627,1.662124,1767058263
0x94893d8b7da90d62d3a67978a1eea48e86efb2c624110363ca9047a540546fba_1767058325,0x2c3dce8515854f167dc523745a6b9d98d22ec9266d9f4921f62fd3e4bf1cfa1b,0x4570e99814003520f79869dc2417b660daa983ef,BUY,110290742709531333936637417418570910881285907663357514844586483587588568832794,0.734,1.6485,1767058325
0xb3d41e33f8d86fa757efc931a438f1279ddb125802277ab442d2a7aa64dbc4af_1767058357,0x2c3dce8515854f167dc523745a6b9d98d22ec9266d9f4921f62fd3e4bf1cfa1b,0x14037b56b5b8ad24c368ca1d4096c28eda32c514,BUY,110290742709531333936637417418570910881285907663357514844586483587588568832794,0.733999944516496,1.730244,1767058357
0x84a713bc4f8376310ed7f0cd11ef1994a6174ffff00418f0a448279203b0e239_1767058401,0x2c3dce8515854f167dc523745a6b9d98d22ec9266d9f4921f62fd3e4bf1cfa1b,0xfdfe80903d12e8cd59ccc7300bfb12e6ea33e6ed,BUY,110290742709531333936637417418570910881285907663357514844586483587588568832794,0.7339998914954795,1.566755,1767058401
0x74859b545fe3315626a5cdadff65693371984936fd4ee974fbb337687ae030f8_1767058405,0x2c3dce8515854f167dc523745a6b9d98d22ec9266d9f4921f62fd3e4bf1cfa1b,0xba88bcd6e865c9de1b9850f74f5ad6af90053138,BUY,110290742709531333936637417418570910881285907663357514844586483587588568832794,0.7348950823585582,251.34,1767058405
0xda4d298d3cdd68e2188dacd6c40d79e0dd159b8a5a73d38461085c50db92f030_1767058481,0x2c3dce8515854f167dc523745a6b9d98d22ec9266d9f4921f62fd3e4bf1cfa1b,0x7a0da16a1205ee51a56fa862e8baa61e350eff14,BUY,110290742709531333936637417418570910881285907663357514844586483587588568832794,0.7382675737565236,1126.68,1767058481
0x57d1f7f88995390aed5d8c43048d6a8b96b3bf20345bc0d64696663bd41f4c31_1767058485,0x2c3dce8515854f167dc523745a6b9d98d22ec9266d9f4921f62fd3e4bf1cfa1b,0xadd8da1797263d6b2dcc88c66617fe537ee3474e,SELL,110290742709531333936637417418570910881285907663357514844586483587588568832794,0.718,4.05,1767058485
0x27a6f77d4ca64d22bd414647248f863090e2daa1e0a782bff409600bd710be31_1767058485,0x2c3dce8515854f167dc523745a6b9d98d22ec9266d9f4921f62fd3e4bf1cfa1b,0x9d8d3376c2353fa73370c55b879fbb145f294dc6,SELL,110290742709531333936637417418570910881285907663357514844586483587588568832794,0.718,0.7,1767058485
0xeef123b7495a5b1aaa35ccf1fc786fd34440ceac71d72cd19d51a4c8570d2829_1767058493,0x2c3dce8515854f167dc523745a6b9d98d22ec9266d9f4921f62fd3e4bf1cfa1b,0x8cefe40229817a955ecfa4c14f6a07fcc9a64017,SELL,110290742709531333936637417418570910881285907663357514844586483587588568832794,0.719,15.13,1767058493
0x18efd775882ae78ccc38f8e8648fa6c187da587d7bdec848a5de2fe8a800f5d5_1767058493,0x2c3dce8515854f167dc523745a6b9d98d22ec9266d9f4921f62fd3e4bf1cfa1b,0x8cefe40229817a955ecfa4c14f6a07fcc9a64017,SELL,110290742709531333936637417418570910881285907663357514844586483587588568832794,0.72,52.73,1767058493
0x18cc9e6e43cd2c94a7f18b8c0891bee7ec2d6cfc8e692326a3c6c749a22b8a58_1767058495,0x2c3dce8515854f167dc523745a6b9d98d22ec9266d9f4921f62fd3e4bf1cfa1b,0x9a5867362c20a2b83245ca00801aa4fb986b149d,SELL,110290742709531333936637417418570910881285907663357514844586483587588568832794,0.72,40.61,1767058495
0xb3801d82d45c976e3c83aebe8fc7850007ccf7fe1308edddd357f2765c03e38a_1767058497,0x2c3dce8515854f167dc523745a6b9d98d22ec9266d9f4921f62fd3e4bf1cfa1b,0x4f1bad13ef34a4dfbbf167a29c7ce2723677bc10,SELL,110290742709531333936637417418570910881285907663357514844586483587588568832794,0.72,5.0,1767058497
0x837eb198805374bf9f470733081f71b0cf455019aef5c0e5fdaa720bec8afe1b_1767058509,0x2c3dce8515854f167dc523745a6b9d98d22ec9266d9f4921f62fd3e4bf1cfa1b,0x03d0d65c51235e63805335b85ead75794830d647,BUY,110290742709531333936637417418570910881285907663357514844586483587588568832794,0.716,9.0,1767058509
0x42cf8aa4f782aef319095b56721114e54e0f379ab63c91dfc99485b3a4de5d45_1767058575,0x2c3dce8515854f167dc523745a6b9d98d22ec9266d9f4921f62fd3e4bf1cfa1b,0xd917b04bfc25952fafd86f9210ce4affb98bb0c6,BUY,110290742709531333936637417418570910881285907663357514844586483587588568832794,0.777,7.0,1767058575
0x4851bd4ac247376147a56152aad9520bffc9ea398545d4f58c23e26da105ae81_1767058623,0x2c3dce8515854f167dc523745a6b9d98d22ec9266d9f4921f62fd3e4bf1cfa1b,0x74c3f65f6ffc0bfcca6628502a5c4d04578cbbe6,BUY,86498068750018438192524977941980476748299785729870940867089250086714498791178,0.2724557387588521,183.736262,1767058623
0x10db6b4367de1d13c820abbfce925667f899b1565ba7402d595da2ffa7b7c47c_1767058657,0x2c3dce8515854f167dc523745a6b9d98d22ec9266d9f4921f62fd3e4bf1cfa1b,0x7c3db723f1d4d8cb9c550095203b686cb11e5c6b,BUY,86498068750018438192524977941980476748299785729870940867089250086714498791178,0.31090966692057337,577.64,1767058657
0x2583a1b4ba65606c4bde7aac4d1ee5c6eac19c9f1f0ed3c9d3fd036c5733eeb7_1767058661,0x2c3dce8515854f167dc523745a6b9d98d22ec9266d9f4921f62fd3e4bf1cfa1b,0x7c3db723f1d4d8cb9c550095203b686cb11e5c6b,BUY,86498068750018438192524977941980476748299785729870940867089250086714498791178,0.4339467174714223,160.09,1767058661
0xf5a45fed8cf9521ffc27151f7343ee31d7baaba1e467ad665cd28f5f10d2db30_1767058665,0x2c3dce8515854f167dc523745a6b9d98d22ec9266d9f4921f62fd3e4bf1cfa1b,0x2b366034b69b64a444406b2db7ec1ff7869c473b,BUY,86498068750018438192524977941980476748299785729870940867089250086714498791178,0.477999981226182,15.020919,1767058665
0x2f304e96a3d71edf996e7a3aad351af384a2c46b00b3a99861384bcd0452114c_1767058671,0x2c3dce8515854f167dc523745a6b9d98d22ec9266d9f4921f62fd3e4bf1cfa1b,0x2b366034b69b64a444406b2db7ec1ff7869c473b,BUY,86498068750018438192524977941980476748299785729870940867089250086714498791178,0.4787780595322591,14.996508,1767058671
0x6e6c1b4b8bb2d953ed7bd70a4a8fdd5817aeb49228d5566ce0acf48f3fd10022_1767058673,0x2c3dce8515854f167dc523745a6b9d98d22ec9266d9f4921f62fd3e4bf1cfa1b,0x2b366034b69b64a444406b2db7ec1ff7869c473b,BUY,86498068750018438192524977941980476748299785729870940867089250086714498791178,0.48700008649965437,5.687884,1767058673
0x1a96ae6034e7a2cfcd128cfdb77bacd097c4910b30f2ded318759820bd43cd89_1767058695,0x2c3dce8515854f167dc523745a6b9d98d22ec9266d9f4921f62fd3e4bf1cfa1b,0x7c3db723f1d4d8cb9c550095203b686cb11e5c6b,BUY,86498068750018438192524977941980476748299785729870940867089250086714498791178,0.5183918620013954,1347.26,1767058695
0x3b51aea992cd167456974f57f046c4f9df62b3ed2d3558cf71318c8118890c72_1767058699,0x2c3dce8515854f167dc523745a6b9d98d22ec9266d9f4921f62fd3e4bf1cfa1b,0x3e426d5b3a5aa4bef22826b5b98de6497c798f95,BUY,86498068750018438192524977941980476748299785729870940867089250086714498791178,0.5189999948618995,19.267821,1767058699
0x295cae4c1e202483c8cb5e902d253ae062993fac6907347dc2ebb9eaaaec2bdb_1767058705,0x2c3dce8515854f167dc523745a6b9d98d22ec9266d9f4921f62fd3e4bf1cfa1b,0x2b366034b69b64a444406b2db7ec1ff7869c473b,BUY,86498068750018438192524977941980476748299785729870940867089250086714498791178,0.519967787687222,53.714864,1767058705
0xeda308ee1706f9a8023f1572fa1409d848f8ee05f6f9aafa482c48a116dc5c49_1767058711,0x2c3dce8515854f167dc523745a6b9d98d22ec9266d9f4921f62fd3e4bf1cfa1b,0x2ff1797eebc8aa658ca38c0ae55246c1cea072eb,BUY,86498068750018438192524977941980476748299785729870940867089250086714498791178,0.5450605098113427,183.465867,1767058711
0x56072d91190c0832aac6d28034db2fdde97d875ace6aa3da8d17e31019deb4dc_1767058715,0x2c3dce8515854f167dc523745a6b9d98d22ec9266d9f4921f62fd3e4bf1cfa1b,0xeca0c0888e34df59589c67fbe53dc7f298b5e8f8,BUY,86498068750018438192524977941980476748299785729870940867089250086714498791178,0.54699999898805,182.815355,1767058715
0x0a1c5afad9446ca833a172264e0e9e74b4d325e277c1fde813b72d02d6975552_1767058719,0x2c3dce8515854f167dc523745a6b9d98d22ec9266d9f4921f62fd3e4bf1cfa1b,0x521a5937948a3c1e4c62596651be096760794b39,BUY,86498068750018438192524977941980476748299785729870940867089250086714498791178,0.5469999997812,9.140766,1767058719
0x858afab782c1517e5627167047c6a666d81950290030982d6a01d1e206db00c6_1767058721,0x2c3dce8515854f167dc523745a6b9d98d22ec9266d9f4921f62fd3e4bf1cfa1b,0x259205c777eb96d075556a4d12f0ed37465c839a,BUY,110290742709531333936637417418570910881285907663357514844586483587588568832794,0.482,32.58,1767058721
0xb757772e3417c469f17c296df3c4ce6974428794f262e933affdd6efe9744bc2_1767058721,0x2c3dce8515854f167dc523745a6b9d98d22ec9266d9f4921f62fd3e4bf1cfa1b,0x521a5937948a3c1e4c62596651be096760794b39,BUY,86498068750018438192524977941980476748299785729870940867089250086714498791178,0.5099999795999968,9.80392,1767058721
0xfc12e2cf010ab386dd9fac7ecde76d06bd410525d6d11e32850a580d8989852d_1767058721,0x2c3dce8515854f167dc523745a6b9d98d22ec9266d9f4921f62fd3e4bf1cfa1b,0x3078db4a9737866b4d6529f655025b3a20f80389,BUY,86498068750018438192524977941980476748299785729870940867089250086714498791178,0.51,7.83,1767058721
0x478f0eb6b6d577d894089f10c1049b493c5aaf97dd02a4d1cb17571706512a6b_1767058721,0x2c3dce8515854f167dc523745a6b9d98d22ec9266d9f4921f62fd3e4bf1cfa1b,0x3078db4a9737866b4d6529f655025b3a20f80389,BUY,86498068750018438192524977941980476748299785729870940867089250086714498791178,0.51,7.83,1767058721
0x1dd569539989f6a01bda887f73c2e28f8145685a74defc2192f62d615062c033_1767058721,0x2c3dce8515854f167dc523745a6b9d98d22ec9266d9f4921f62fd3e4bf1cfa1b,0x3078db4a9737866b4d6529f655025b3a20f80389,BUY,86498068750018438192524977941980476748299785729870940867089250086714498791178,0.51,7.83,1767058721
0x367f54d2d2339d5fc112f80178992dd8325f8a2bb10bbaf4db2f9f125665e391_1767058725,0x2c3dce8515854f167dc523745a6b9d98d22ec9266d9f4921f62fd3e4bf1cfa1b,0x521a5937948a3c1e4c62596651be096760794b39,BUY,86498068750018438192524977941980476748299785729870940867089250086714498791178,0.5034550617432376,9.931371,1767058725
0x676b361dc001b7b08ff9fb646d69eab4793d2f4d89eb4a91c3e64cdfe3239780_1767058727,0x2c3dce8515854f167dc523745a6b9d98d22ec9266d9f4921f62fd3e4bf1cfa1b,0x1771b14c7d236d14a19bc94190a534d739bba759,BUY,86498068750018438192524977941980476748299785729870940867089250086714498791178,0.5099998316998873,1.960783,1767058727
0xd7e96a6e087f5e325580cb68a8139f3d6e0eaecbf568c5f379f3d41d7538fd67_1767058729,0x2c3dce8515854f167dc523745a6b9d98d22ec9266d9f4921f62fd3e4bf1cfa1b,0xeca0c0888e34df59589c67fbe53dc7f298b5e8f8,BUY,86498068750018438192524977941980476748299785729870940867089250086714498791178,0.5294590207926395,188.872028,1767058729
0x29c37acff87ae14f35bf2743111c7c9b9bca3e346cedec2962aaf1c647ee7fb8_1767058737,0x2c3dce8515854f167dc523745a6b9d98d22ec9266d9f4921f62fd3e4bf1cfa1b,0x8bbc617c7cd9013872b6d37efc3354bda6c72495,BUY,110290742709531333936637417418570910881285907663357514844586483587588568832794,0.6669998514623391,2.113942,1767058737
0xb48846069716d5c2209f77104b915387b697991992486bbc7631ce6ef28c5efc_1767058745,0x2c3dce8515854f167dc523745a6b9d98d22ec9266d9f4921f62fd3e4bf1cfa1b,0x1771b14c7d236d14a19bc94190a534d739bba759,SELL,86498068750018438192524977941980476748299785729870940867089250086714498791178,0.334,1.95,1767058745
0xc68fd46adb746a5e0c6ea985a2b845960b0ef7d9625e15597fed895e28a2cc17_1767058747,0x2c3dce8515854f167dc523745a6b9d98d22ec9266d9f4921f62fd3e4bf1cfa1b,0x84fa50883a0251e06bce7251659cc70a00bc1327,BUY,86498068750018438192524977941980476748299785729870940867089250086714498791178,0.5251140591720527,380.869633,1767058747
0x63b6f8ca1a4768b75541f825610bcd73e96e10316e221d7449d9fb5e6b7be7cb_1767058755,0x2c3dce8515854f167dc523745a6b9d98d22ec9266d9f4921f62fd3e4bf1cfa1b,0x9a5867362c20a2b83245ca00801aa4fb986b149d,BUY,110290742709531333936637417418570910881285907663357514844586483587588568832794,0.48,5.0,1767058755
0x61fb78d35cc0ff825d3e950d9a1a3f321b2fd92b09daaf037ded5389b6cc4aa0_1767058767,0x2c3dce8515854f167dc523745a6b9d98d22ec9266d9f4921f62fd3e4bf1cfa1b,0x8bbc617c7cd9013872b6d37efc3354bda6c72495,BUY,110290742709531333936637417418570910881285907663357514844586483587588568832794,0.506,1.02,1767058767
0x70cebba665f978daee39420aa7a3fd8f6b28eec2f3bd57f8b107e4dc36c14231_1767058769,0x2c3dce8515854f167dc523745a6b9d98d22ec9266d9f4921f62fd3e4bf1cfa1b,0x4ea67bdde5af4942a2c8f117730064cbe04ab249,BUY,86498068750018438192524977941980476748299785729870940867089250086714498791178,0.5170624672230862,77.36009,1767058769
0x4fa2d5defa27b33e9163c561c0e57d1444461db557b782e9df6725d739963dfb_1767058789,0x2c3dce8515854f167dc523745a6b9d98d22ec9266d9f4921f62fd3e4bf1cfa1b,0xd917b04bfc25952fafd86f9210ce4affb98bb0c6,BUY,86498068750018438192524977941980476748299785729870940867089250086714498791178,0.545,10.0,1767058789
0x8c3926fc5bdd00c1f3e2df5a62bdb10e2bfe2210df352670ca4da9475044904a_1767058809,0x2c3dce8515854f167dc523745a6b9d98d22ec9266d9f4921f62fd3e4bf1cfa1b,0xc77a8ae3de307d7b4aa910c997015d1c45b4daf8,BUY,86498068750018438192524977941980476748299785729870940867089250086714498791178,0.51,286.43,1767058809
0x827229d8cd9bbdd114f02be3240888991e33d937097edb01bab041048b7267ef_1767058821,0x2c3dce8515854f167dc523745a6b9d98d22ec9266d9f4921f62fd3e4bf1cfa1b,0x9cdda449d7cedf1072d74982a5dc2349df3d3e97,BUY,86498068750018438192524977941980476748299785729870940867089250086714498791178,0.545,31.41,1767058821
0xee85bc93ab27b569dcd4c24588ba6d74c73620fd4b5a7b771d5a7dffa5d70cd7_1767058827,0x2c3dce8515854f167dc523745a6b9d98d22ec9266d9f4921f62fd3e4bf1cfa1b,0x74c3f65f6ffc0bfcca6628502a5c4d04578cbbe6,BUY,86498068750018438192524977941980476748299785729870940867089250086714498791178,0.5459999982545901,44.688643,1767058827
0x6bef52cd37b4f763fae699030964c03b5f1c0c5bf54fe87f3b9015227a5d3070_1767058837,0x2c3dce8515854f167dc523745a6b9d98d22ec9266d9f4921f62fd3e4bf1cfa1b,0xc77a8ae3de307d7b4aa910c997015d1c45b4daf8,BUY,86498068750018438192524977941980476748299785729870940867089250086714498791178,0.5469394223080374,512.73,1767058837
0xeee90da9648644ba016e6a8c3c68008fbd32aa2df4c52a562d7b517e57077b25_1767058839,0x2c3dce8515854f167dc523745a6b9d98d22ec9266d9f4921f62fd3e4bf1cfa1b,0x4ea67bdde5af4942a2c8f117730064cbe04ab249,BUY,86498068750018438192524977941980476748299785729870940867089250086714498791178,0.5599999971999999,71.42857,1767058839
0xc5508f8a607a1fd62db50d629f05cb66b0f449f21418badbcbea830effe5da45_1767058845,0x2c3dce8515854f167dc523745a6b9d98d22ec9266d9f4921f62fd3e4bf1cfa1b,0x259205c777eb96d075556a4d12f0ed37465c839a,BUY,110290742709531333936637417418570910881285907663357514844586483587588568832794,0.4735409161663331,179.88,1767058845
0x9043a2ebaa7e535ccabd353b16fb3a26e44f16985203d3237b5c5394e5123d6b_1767058851,0x2c3dce8515854f167dc523745a6b9d98d22ec9266d9f4921f62fd3e4bf1cfa1b,0x9cdda449d7cedf1072d74982a5dc2349df3d3e97,BUY,86498068750018438192524977941980476748299785729870940867089250086714498791178,0.51,26.56,1767058851
0xf70565b90855c0dd954ac660770ac42ea6e59ac60c3b4efa7eccfee287dd749a_1767058857,0x2c3dce8515854f167dc523745a6b9d98d22ec9266d9f4921f62fd3e4bf1cfa1b,0x8bbc617c7cd9013872b6d37efc3354bda6c72495,BUY,110290742709531333936637417418570910881285907663357514844586483587588568832794,0.5049998407046413,2.950494,1767058857
0x2bdcd365c05dbba82d3a04be105ca2d57937221a50329978ae356c2b91c1fd25_1767058895,0x2c3dce8515854f167dc523745a6b9d98d22ec9266d9f4921f62fd3e4bf1cfa1b,0xeac66f22c1721084ea6b22190fbd6c95ac20f9f7,BUY,86498068750018438192524977941980476748299785729870940867089250086714498791178,0.508999985951599,19.646364,1767058895
0xeca6806b26a07f0281b04751d05c56a48f5f06ea21ee5504051def94c3bec844_1767058895,0x2c3dce8515854f167dc523745a6b9d98d22ec9266d9f4921f62fd3e4bf1cfa1b,0xc77a8ae3de307d7b4aa910c997015d1c45b4daf8,BUY,86498068750018438192524977941980476748299785729870940867089250086714498791178,0.509,46.78,1767058895
0x83173c817331593c4dd325a5609d9b04ec9eaa87e5d62803c1c0d4e0f6148abf_1767058901,0x2c3dce8515854f167dc523745a6b9d98d22ec9266d9f4921f62fd3e4bf1cfa1b,0xbacd00c9080a82ded56f504ee8810af732b0ab35,BUY,86498068750018438192524977941980476748299785729870940867089250086714498791178,0.5696481984536852,1339.96,1767058901
0x5c539cc7120fbf789cb4876cf7802268fa3359141d01f813a89422bcc552f63b_1767058911,0x2c3dce8515854f167dc523745a6b9d98d22ec9266d9f4921f62fd3e4bf1cfa1b,0xbacd00c9080a82ded56f504ee8810af732b0ab35,BUY,86498068750018438192524977941980476748299785729870940867089250086714498791178,0.8387059137479151,4197.0,1767058911
0xa855c482ddb93b11e3da3ba8cec005e599332f162a22f10e16f6824a9c132e90_1767058915,0x2c3dce8515854f167dc523745a6b9d98d22ec9266d9f4921f62fd3e4bf1cfa1b,0x3e426d5b3a5aa4bef22826b5b98de6497c798f95,SELL,86498068750018438192524977941980476748299785729870940867089250086714498791178,0.48397092419522325,19.26,1767058915
0x96a15d0204959e5e741ae11819c3095b31b5b1d49d4650f342959e137a44372e_1767058919,0x2c3dce8515854f167dc523745a6b9d98d22ec9266d9f4921f62fd3e4bf1cfa1b,0xb20bdfccff289b23cb0e6df825b1cfa724228da0,SELL,86498068750018438192524977941980476748299785729870940867089250086714498791178,0.441,0.11,1767058919
0x95f3d76a6f6427895f0cdfa5fcf6f47710db1f0d30697bd9c40bcd35ab4db255_1767058923,0x2c3dce8515854f167dc523745a6b9d98d22ec9266d9f4921f62fd3e4bf1cfa1b,0x2b366034b69b64a444406b2db7ec1ff7869c473b,SELL,86498068750018438192524977941980476748299785729870940867089250086714498791178,0.55,3.57,1767058923
0x6562f13b9fa4da183a038baa0459e09614fa609706551df6f4aa8e1c34af65da_1767058925,0x2c3dce8515854f167dc523745a6b9d98d22ec9266d9f4921f62fd3e4bf1cfa1b,0x259205c777eb96d075556a4d12f0ed37465c839a,BUY,110290742709531333936637417418570910881285907663357514844586483587588568832794,0.45,206.44,1767058925
0x3db65af6ea4e519d891b84067ddc1ec0c59c195ed2d6ef1244c2a5a2b545ea8c_1767058949,0x2c3dce8515854f167dc523745a6b9d98d22ec9266d9f4921f62fd3e4bf1cfa1b,0xba88bcd6e865c9de1b9850f74f5ad6af90053138,SELL,110290742709531333936637417418570910881285907663357514844586483587588568832794,0.174511637889917,419.32,1767058949
0x20dce3ecd55139d3e3a24d982f155a477fbb7c0b7d6eb82b8dd98cc35fe78858_1767058977,0x2c3dce8515854f167dc523745a6b9d98d22ec9266d9f4921f62fd3e4bf1cfa1b,0xba88bcd6e865c9de1b9850f74f5ad6af90053138,SELL,110290742709531333936637417418570910881285907663357514844586483587588568832794,0.15829770060367632,147.43,1767058977
0x3f2234894fee86d01b109c3a68a3c5dffb753d62b709ee4c4489312b2ddd72b1_1767059003,0x2c3dce8515854f167dc523745a6b9d98d22ec9266d9f4921f62fd3e4bf1cfa1b,0xd22392a640b5bd9332ffebb71cb4451fc11e2b92,SELL,86498068750018438192524977941980476748299785729870940867089250086714498791178,0.6510795224800231,103.87,1767059003
0x51e83c22ceb8f96f5d1e7d4e604147926f5b1e7447acf688abb363eb0d7091b2_1767059009,0x2c3dce8515854f167dc523745a6b9d98d22ec9266d9f4921f62fd3e4bf1cfa1b,0xfc3381cc84fecd26e87c9ef05020b7ba712e9636,BUY,86498068750018438192524977941980476748299785729870940867089250086714498791178,0.8181598587685737,30.556372,1767059009
0x072b3b6d792ddc4f5b3d6cadcc6a025155c4f4b7a4baa4469b148b05e897cedd_1767059009,0x2c3dce8515854f167dc523745a6b9d98d22ec9266d9f4921f62fd3e4bf1cfa1b,0xfc3381cc84fecd26e87c9ef05020b7ba712e9636,BUY,86498068750018438192524977941980476748299785729870940867089250086714498791178,0.8,31.25,1767059009
0x4e3597912854f852c370c1ee6a2c89cf81fb658dd79336ab18ef2267196143b1_1767059027,0x2c3dce8515854f167dc523745a6b9d98d22ec9266d9f4921f62fd3e4bf1cfa1b,0xbacd00c9080a82ded56f504ee8810af732b0ab35,BUY,86498068750018438192524977941980476748299785729870940867089250086714498791178,0.7999920825105918,1043.26,1767059027
0x2077f3e7338123eac1792e0f00aecd17756745fb084a4ef832aea27078fd10f7_1767059039,0x2c3dce8515854f167dc523745a6b9d98d22ec9266d9f4921f62fd3e4bf1cfa1b,0xa9aca75fb5d8f04c2ec9eeb0eb0c30d2e526c5d1,BUY,86498068750018438192524977941980476748299785729870940867089250086714498791178,0.8469114165192543,220.47,1767059039
0x8609ddb19015148784aa1f14f8127b5afd874f7deef81c75744509cedb94988e_1767059039,0x2c3dce8515854f167dc523745a6b9d98d22ec9266d9f4921f62fd3e4bf1cfa1b,0x8f9f0ad4bb1021178ebdeb8b4108190f5fb5ebc0,SELL,86498068750018438192524977941980476748299785729870940867089250086714498791178,0.663,40.54,1767059039
0x6d89e9091a968141c8f671b1701b11e432d5be41dbbdd64425cca26b8882e524_1767059077,0x2c3dce8515854f167dc523745a6b9d98d22ec9266d9f4921f62fd3e4bf1cfa1b,0xf0b0ef1d6320c6be896b4c9c54dd74407e7f8cab,SELL,86498068750018438192524977941980476748299785729870940867089250086714498791178,0.75,5.0,1767059077
0x0923d23d5ac130daebb108c02a4ab8519c1ff9883edb658f5089925db0a6ab2f_1767059109,0x2c3dce8515854f167dc523745a6b9d98d22ec9266d9f4921f62fd3e4bf1cfa1b,0xeac66f22c1721084ea6b22190fbd6c95ac20f9f7,BUY,86498068750018438192524977941980476748299785729870940867089250086714498791178,0.8199999376799798,6.097559,1767059109
0x822e119fbd4db0721d6893780baf85970c33f7497d231cecca22411f006562c1_1767059113,0x2c3dce8515854f167dc523745a6b9d98d22ec9266d9f4921f62fd3e4bf1cfa1b,0xfc3381cc84fecd26e87c9ef05020b7ba712e9636,BUY,86498068750018438192524977941980476748299785729870940867089250086714498791178,0.7990634975808353,31.286625,1767059113
0xac57902efb91dd7816a18da51f667e9b696fca48e07a676c09aaf9e1cfd66362_1767059119,0x2c3dce8515854f167dc523745a6b9d98d22ec9266d9f4921f62fd3e4bf1cfa1b,0x81962d4b60e570db68de998ae77a35d07822ab69,BUY,86498068750018438192524977941980476748299785729870940867089250086714498791178,0.8481589655037086,1274.05,1767059119
0x08ab46e8d6707f4099dad2af834949feda22e0811a03afc528c4e2b1dd3c384e_1767059133,0x2c3dce8515854f167dc523745a6b9d98d22ec9266d9f4921f62fd3e4bf1cfa1b,0x9aeb534c42b58b21673d5e03e9da14fbd15b2729,SELL,110290742709531333936637417418570910881285907663357514844586483587588568832794,0.15003074226804125,485.0,1767059133
0xa0ca3fc14a8833c09c4aea9720a309fbbb846fbdfa105775c427fc4691f8c887_1767059139,0x2c3dce8515854f167dc523745a6b9d98d22ec9266d9f4921f62fd3e4bf1cfa1b,0xd917b04bfc25952fafd86f9210ce4affb98bb0c6,SELL,110290742709531333936637417418570910881285907663357514844586483587588568832794,0.151,7.0,1767059139
0x206be2e2a2ad9861782f0a0927e35ae370e4f1bd6af4551bf9eb963d5eae633f_1767059147,0x2c3dce8515854f167dc523745a6b9d98d22ec9266d9f4921f62fd3e4bf1cfa1b,0xb9b42165df946ba09bd5fed3cd505f0896113824,SELL,110290742709531333936637417418570910881285907663357514844586483587588568832794,0.12763249418992054,615.31,1767059147
0xf81cda9ee6b8f3cabacc46b359e9cc83e8d3ea96da59addda5ab23d7788fcc6e_1767059165,0x2c3dce8515854f167dc523745a6b9d98d22ec9266d9f4921f62fd3e4bf1cfa1b,0xc0922d43e7d1e87a0a07130cde64cdb8981a5428,SELL,86498068750018438192524977941980476748299785729870940867089250086714498791178,0.798,1.2,1767059165
0x0955c087845adb40286a3657345d62541c425161636b65dce7267b57cdaf239e_1767059183,0x2c3dce8515854f167dc523745a6b9d98d22ec9266d9f4921f62fd3e4bf1cfa1b,0x03ae1dff9b0df52be47ca67d6049e9e541813cae,BUY,86498068750018438192524977941980476748299785729870940867089250086714498791178,0.8869995452903927,2.051859,1767059183
0x966865e825eb79ba79602bc1b945a8958506f25530ef3b469a3c52cb951c9386_1767059215,0x2c3dce8515854f167dc523745a6b9d98d22ec9266d9f4921f62fd3e4bf1cfa1b,0x43ec89f3f28ac46facf4e15e8cc851a9c4e2e7e0,BUY,110290742709531333936637417418570910881285907663357514844586483587588568832794,0.16148813559322034,53.1,1767059215
0xa88d26a015479400d720d0444df172cd4f01b1480da32b5f9488c7b6e0050ef7_1767059219,0x2c3dce8515854f167dc523745a6b9d98d22ec9266d9f4921f62fd3e4bf1cfa1b,0x9aeb534c42b58b21673d5e03e9da14fbd15b2729,BUY,86498068750018438192524977941980476748299785729870940867089250086714498791178,0.8879050083135207,643.53,1767059219
0x76d39b502b66aab20a5dcd78cb618ad77f1dba84da7ef128276ffa624438c1d0_1767059241,0x2c3dce8515854f167dc523745a6b9d98d22ec9266d9f4921f62fd3e4bf1cfa1b,0x9aeb534c42b58b21673d5e03e9da14fbd15b2729,BUY,86498068750018438192524977941980476748299785729870940867089250086714498791178,0.9053152114222954,254.94,1767059241
0x211e2a57a70eed05268a1f0f6a6b79cea6f3dadb12bd82d449f417caf666476e_1767059267,0x2c3dce8515854f167dc523745a6b9d98d22ec9266d9f4921f62fd3e4bf1cfa1b,0xe9a80665c18e8d750deaee4bf28ea32aa5ae416c,BUY,110290742709531333936637417418570910881285907663357514844586483587588568832794,0.15723311272405802,635.998342,1767059267
0x154ee04a861e3e4a1a7e786ed7a592a36d9e303886e6e0e20f65aca2ceb99c6a_1767059279,0x2c3dce8515854f167dc523745a6b9d98d22ec9266d9f4921f62fd3e4bf1cfa1b,0xcf6a714618a328c608a1c70cb62a31a6bef3f9d0,BUY,86498068750018438192524977941980476748299785729870940867089250086714498791178,0.9493297198366887,71.03,1767059279
0xa4416afc9602c6d727f4ad6068420613f388201869c49171b0836f6d32d6fa6c_1767059355,0x2c3dce8515854f167dc523745a6b9d98d22ec9266d9f4921f62fd3e4bf1cfa1b,0x555276f475c4aa21ac8161904f0b899108c6819c,SELL,110290742709531333936637417418570910881285907663357514844586483587588568832794,0.042,1.42,1767059355
0xa2382fde07c9564288f6416cb045cea5bedc6c2ded5516056d6876387c17680e_1767059393,0x2c3dce8515854f167dc523745a6b9d98d22ec9266d9f4921f62fd3e4bf1cfa1b,0x2b6512c0d7cac20015b6105650a88ba8ba01ef2c,SELL,86498068750018438192524977941980476748299785729870940867089250086714498791178,0.913,1.86,1767059393
0xc89064170899377ec0e91673c8dd1ea7fe5ea7e171b7af0ba8cf906886944b40_1767059417,0x2c3dce8515854f167dc523745a6b9d98d22ec9266d9f4921f62fd3e4bf1cfa1b,0x1e3a86ef98030e7e0519e127d8178e9b45389e14,BUY,86498068750018438192524977941980476748299785729870940867089250086714498791178,0.947,20.0,1767059417
0x5b1e35ccf0a094cad1f11e970c8c951885faea05a2a47800de94aae64663d0f8_1767059437,0x2c3dce8515854f167dc523745a6b9d98d22ec9266d9f4921f62fd3e4bf1cfa1b,0xba88bcd6e865c9de1b9850f74f5ad6af90053138,SELL,110290742709531333936637417418570910881285907663357514844586483587588568832794,0.0513,100.0,1767059437
0xcec7fe13581275f3316f08c4d0194391a4bd0d92df7e402061b05713489274ff_1767059447,0x2c3dce8515854f167dc523745a6b9d98d22ec9266d9f4921f62fd3e4bf1cfa1b,0x1e3a86ef98030e7e0519e127d8178e9b45389e14,BUY,86498068750018438192524977941980476748299785729870940867089250086714498791178,0.947,235.0,1767059447
0x874ba3f1ff3063dbed6e743e95e27fc0eb68bc1df06d7630c40058e1e73dc9e7_1767059459,0x2c3dce8515854f167dc523745a6b9d98d22ec9266d9f4921f62fd3e4bf1cfa1b,0xf0b0ef1d6320c6be896b4c9c54dd74407e7f8cab,SELL,110290742709531333936637417418570910881285907663357514844586483587588568832794,0.059,23.91,1767059459
0x4b1c16c4df8b487c867fb71cba630f831b5c77c21190cc339b6b66f442a1352d_1767059483,0x2c3dce8515854f167dc523745a6b9d98d22ec9266d9f4921f62fd3e4bf1cfa1b,0x0f7a66e2a445431787deeb24ee4483b80fccd37e,BUY,110290742709531333936637417418570910881285907663357514844586483587588568832794,0.06,10.0,1767059483
0x65fdc35acc27f49568bff5eef91663367858354c698461b950938dc6bd325828_1767059491,0x2c3dce8515854f167dc523745a6b9d98d22ec9266d9f4921f62fd3e4bf1cfa1b,0x1e3a86ef98030e7e0519e127d8178e9b45389e14,BUY,86498068750018438192524977941980476748299785729870940867089250086714498791178,0.9478414571428572,700.0,1767059491
0x1953e92b40b0ddc9900b3927c0c102abd300f105409682ec55aba35a96492dce_1767059491,0x2c3dce8515854f167dc523745a6b9d98d22ec9266d9f4921f62fd3e4bf1cfa1b,0x58c85b9a2f357cb32d92cbb6443d552148060300,SELL,110290742709531333936637417418570910881285907663357514844586483587588568832794,0.105,17.0,1767059491
0x78f1e47ae6c3bdef8c0baead07b988108ebfed2bbaf7d46c55f43a7f3e383563_1767059491,0x2c3dce8515854f167dc523745a6b9d98d22ec9266d9f4921f62fd3e4bf1cfa1b,0xf9f207b77137caa79c6c4516abdef3133db45cba,BUY,110290742709531333936637417418570910881285907663357514844586483587588568832794,0.09930432891875865,1264.75,1767059491
0xfb2cebd4d8ae2cf592cd1ea9ac1efea27a3c528874f8b2e9075ef2b21fcc0ee1_1767059515,0x2c3dce8515854f167dc523745a6b9d98d22ec9266d9f4921f62fd3e4bf1cfa1b,0x9aeb534c42b58b21673d5e03e9da14fbd15b2729,SELL,110290742709531333936637417418570910881285907663357514844586483587588568832794,0.052,15.0,1767059515
0x32e0e3a80bb207861d2be95bc5a70faaba664a036033abb67f48cf6608e216a1_1767059635,0x2c3dce8515854f167dc523745a6b9d98d22ec9266d9f4921f62fd3e4bf1cfa1b,0xe61b56e40a5d65ae38f7fe02b876be6b1629398d,BUY,86498068750018438192524977941980476748299785729870940867089250086714498791178,0.9379999937466583,3.19829,1767059635
0x83daaf084b52851419299cb0ef1abdae9423ed03193434ed89873a74fbd3ca1d_1767059661,0x2c3dce8515854f167dc523745a6b9d98d22ec9266d9f4921f62fd3e4bf1cfa1b,0x0a53282124062874b45d6489a95a26f62c6d7a6f,SELL,110290742709531333936637417418570910881285907663357514844586483587588568832794,0.063,272.27,1767059661
0x8f0444ea87d39c3f7aa9beb2508dbfc82d99116c07329eead58d87a3498bf883_1767059677,0x2c3dce8515854f167dc523745a6b9d98d22ec9266d9f4921f62fd3e4bf1cfa1b,0x9aeb534c42b58b21673d5e03e9da14fbd15b2729,SELL,86498068750018438192524977941980476748299785729870940867089250086714498791178,0.9011880975436019,898.47,1767059677
0x7692cd990a8c1fa5f769720f66188ad755ba2999c4d56005c17b239eed823436_1767059691,0x2c3dce8515854f167dc523745a6b9d98d22ec9266d9f4921f62fd3e4bf1cfa1b,0xc8b8880b91effc64f4ce9d5869b9767a55a6c770,SELL,86498068750018438192524977941980476748299785729870940867089250086714498791178,0.901,80.0,1767059691
0x7535f86d1daa7f3043a49ac9e340dad9d46ec6543877098fc941074440fbf08d_1767059693,0x2c3dce8515854f167dc523745a6b9d98d22ec9266d9f4921f62fd3e4bf1cfa1b,0x945a49252f772a10c6ddd1d1e1e24ee20438a48c,SELL,110290742709531333936637417418570910881285907663357514844586483587588568832794,0.063,3.2,1767059693
0xbcf9ab4bddca060a43ba8a71068ffff50244e5d3869e247e5093c44d4a6f3321_1767059705,0x2c3dce8515854f167dc523745a6b9d98d22ec9266d9f4921f62fd3e4bf1cfa1b,0xc77a8ae3de307d7b4aa910c997015d1c45b4daf8,SELL,86498068750018438192524977941980476748299785729870940867089250086714498791178,0.901,500.0,1767059705
0x22052f9e0e660d591fed29800f2e61aaf6cdf29b8cb73eeab57dd18cf2293620_1767059751,0x2c3dce8515854f167dc523745a6b9d98d22ec9266d9f4921f62fd3e4bf1cfa1b,0xc77a8ae3de307d7b4aa910c997015d1c45b4daf8,SELL,86498068750018438192524977941980476748299785729870940867089250086714498791178,0.901,345.94,1767059751
0x4e584d9f094bedd9f8decd6838ef877e0b5d3cdf9b4818320b9049ac6c3fb3ef_1767059773,0x2c3dce8515854f167dc523745a6b9d98d22ec9266d9f4921f62fd3e4bf1cfa1b,0xb9b42165df946ba09bd5fed3cd505f0896113824,BUY,110290742709531333936637417418570910881285907663357514844586483587588568832794,0.099,229.7,1767059773
0x2be6d641727f3c4e82518c2b22e0a59a42420900beb0364b98ee109aad9dab6a_1767059793,0x2c3dce8515854f167dc523745a6b9d98d22ec9266d9f4921f62fd3e4bf1cfa1b,0x5e88e8f893a86b78b1104d843033fb7f3ca58fb7,SELL,110290742709531333936637417418570910881285907663357514844586483587588568832794,0.1,3.0,1767059793
0xacc9ff6f6f112e327d605b1945e1a10a41ef81e26daf8a19c5eedf69eca7e2a1_1767059797,0x2c3dce8515854f167dc523745a6b9d98d22ec9266d9f4921f62fd3e4bf1cfa1b,0x1af373539ed8c82326e94b1322925c04e2211d1e,BUY,86498068750018438192524977941980476748299785729870940867089250086714498791178,0.9356666189599038,2001.95236,1767059797
0x1d070da557545204844cca66bbd1bec443ee66c68f7673b521ecd680561a9de8_1767059807,0x2c3dce8515854f167dc523745a6b9d98d22ec9266d9f4921f62fd3e4bf1cfa1b,0xe7262b3a5cbaa2a1a5c62a4f57d546e4f174dda0,SELL,86498068750018438192524977941980476748299785729870940867089250086714498791178,0.845,2.68,1767059807
0x4887a1e9aa9afff3af576b961134432e6d7c55e0807f62ef18fe6a823a85c895_1767059877,0x2c3dce8515854f167dc523745a6b9d98d22ec9266d9f4921f62fd3e4bf1cfa1b,0xce0e6677f036ed20adb7d11205c0b8e87854fb2e,SELL,86498068750018438192524977941980476748299785729870940867089250086714498791178,0.892,24.72,1767059877
0xf0601bbfc08b86d554e030b61a5600aaf8e4847ebf4a242fcb3ff3739df0dd36_1767059929,0x2c3dce8515854f167dc523745a6b9d98d22ec9266d9f4921f62fd3e4bf1cfa1b,0xe732156a2d84cdfb4de831d3f11a22899e49898f,SELL,86498068750018438192524977941980476748299785729870940867089250086714498791178,0.9,27.39,1767059929
0xc312b92baf618e8bf137791c87322afe98c45dd1f2fa067d677e61b18e78e3ee_1767059959,0x2c3dce8515854f167dc523745a6b9d98d22ec9266d9f4921f62fd3e4bf1cfa1b,0xcecaeade076dafc88fdb955864da9d9c15693f67,BUY,86498068750018438192524977941980476748299785729870940867089250086714498791178,0.8999999930654925,100.944443,1767059959
0x4674b1df1fc7431723da02fdb4e646e9cd8959735eda0cfdff8c9d8600c8a1d9_1767059965,0x2c3dce8515854f167dc523745a6b9d98d22ec9266d9f4921f62fd3e4bf1cfa1b,0xeb8984bd4aad72274f170bfc71ef4fa21a4646f1,BUY,86498068750018438192524977941980476748299785729870940867089250086714498791178,0.9,82.68,1767059965
0xaf8907ce9ee2712c0a1cac244a338c9680f6149895d07e1692b46606e20a1b5e_1767059981,0x2c3dce8515854f167dc523745a6b9d98d22ec9266d9f4921f62fd3e4bf1cfa1b,0xcecaeade076dafc88fdb955864da9d9c15693f67,SELL,86498068750018438192524977941980476748299785729870940867089250086714498791178,0.898,207.11,1767059981
0x2f8555f4ce4650a9da14f74bea6b3698b14678a6bdd8e896eed0ebf1e048ac86_1767060067,0x2c3dce8515854f167dc523745a6b9d98d22ec9266d9f4921f62fd3e4bf1cfa1b,0x491213da9c46715364098c7b8a08ae5398b3c24e,BUY,110290742709531333936637417418570910881285907663357514844586483587588568832794,0.12536405568707013,79.767673,1767060067
0x4787f2c78fbfa785413bbd208b046fd4a78b32f26596cfdb6813836e1ca12afa_1767060099,0x2c3dce8515854f167dc523745a6b9d98d22ec9266d9f4921f62fd3e4bf1cfa1b,0x4ea67bdde5af4942a2c8f117730064cbe04ab249,SELL,86498068750018438192524977941980476748299785729870940867089250086714498791178,0.871,148.79,1767060099
0x8c61ea8409a85492cbfa79c29cec646076ef037febc64d4beb80051754ddaf77_1767060151,0x2c3dce8515854f167dc523745a6b9d98d22ec9266d9f4921f62fd3e4bf1cfa1b,0xeac66f22c1721084ea6b22190fbd6c95ac20f9f7,SELL,86498068750018438192524977941980476748299785729870940867089250086714498791178,0.871,210.45,1767060151
0x278c5507457cea8119cd38356f600b26fd8f750df19d0266ed6c5483b36d9f6d_1767060171,0x2c3dce8515854f167dc523745a6b9d98d22ec9266d9f4921f62fd3e4bf1cfa1b,0x5e88e8f893a86b78b1104d843033fb7f3ca58fb7,SELL,110290742709531333936637417418570910881285907663357514844586483587588568832794,0.102,4.99,1767060171
0xd581aee2d11dbc92dd0a012645176b2a53ce44b31ca44a7fce87e5ccc82cb548_1767060173,0x2c3dce8515854f167dc523745a6b9d98d22ec9266d9f4921f62fd3e4bf1cfa1b,0xe1b361d6a6f237b9ed7534d19b232df8369e1426,BUY,86498068750018438192524977941980476748299785729870940867089250086714498791178,0.898,400.0,1767060173
0x5a8f8215cc8bf0926d33836a6c0de4e687921381db60e9fdb4592e290a82e57f_1767060183,0x2c3dce8515854f167dc523745a6b9d98d22ec9266d9f4921f62fd3e4bf1cfa1b,0x0de61278e7467aba680659da5b40e122c16ddaa2,BUY,86498068750018438192524977941980476748299785729870940867089250086714498791178,0.8979999932536,10.968813,1767060183
0xdd3102e1610c9a25f04da82f65ddcb2a6cf2e906a632ad1b26076d93a2927f74_1767060205,0x2c3dce8515854f167dc523745a6b9d98d22ec9266d9f4921f62fd3e4bf1cfa1b,0xd8f3790cc1896d89ed36fc415793e7163eea4c06,BUY,110290742709531333936637417418570910881285907663357514844586483587588568832794,0.12731733333333334,87.890625,1767060205
0x106be4d9600e4c213b994d99b0f6eeac3e6dd5c83cd837bee2ab90c0da108185_1767060223,0x2c3dce8515854f167dc523745a6b9d98d22ec9266d9f4921f62fd3e4bf1cfa1b,0x945a49252f772a10c6ddd1d1e1e24ee20438a48c,SELL,110290742709531333936637417418570910881285907663357514844586483587588568832794,0.104,2.91,1767060223
0xc2e34305dee85da4d5b1ba734ac7b0463d2c0f576987acd0bc1a10ad66991a25_1767060247,0x2c3dce8515854f167dc523745a6b9d98d22ec9266d9f4921f62fd3e4bf1cfa1b,0x786305d1d20b38c240f3e90aba0975d2f72c3d4e,BUY,110290742709531333936637417418570910881285907663357514844586483587588568832794,0.12299991886132988,9.674795,1767060247
0xe7722a3af5799e68118fcb63ce7cc6c36707197ea5e0c9594ffda32738fa9590_1767060255,0x2c3dce8515854f167dc523745a6b9d98d22ec9266d9f4921f62fd3e4bf1cfa1b,0xbacd00c9080a82ded56f504ee8810af732b0ab35,BUY,86498068750018438192524977941980476748299785729870940867089250086714498791178,0.8981787288280121,1114.09,1767060255
0x6b15ffb430c2c7efc7b8a199fd971db3e69e0261ed754d237bb06a857179a32e_1767060275,0x2c3dce8515854f167dc523745a6b9d98d22ec9266d9f4921f62fd3e4bf1cfa1b,0xbacd00c9080a82ded56f504ee8810af732b0ab35,BUY,86498068750018438192524977941980476748299785729870940867089250086714498791178,0.9282265068612124,2302.8,1767060275
0x854ecad252124150211f6bcdf33d903eb38de1b09dd3d869de78d19951ae3068_1767060283,0x2c3dce8515854f167dc523745a6b9d98d22ec9266d9f4921f62fd3e4bf1cfa1b,0xeb8984bd4aad72274f170bfc71ef4fa21a4646f1,BUY,86498068750018438192524977941980476748299785729870940867089250086714498791178,0.94,11.14,1767060283
0x71e30d7626a375ab877976a85baba04220012596a6331e23932799461f0774a8_1767060287,0x2c3dce8515854f167dc523745a6b9d98d22ec9266d9f4921f62fd3e4bf1cfa1b,0x8217b6c8878a4aa4ecc023608dbf91d4fac64936,BUY,86498068750018438192524977941980476748299785729870940867089250086714498791178,0.94,22.23,1767060287
0xb83b6ff2ae965a2c0eebe4fb325cc5161cd1cf0d95562b86230c5e8b7fe7f122_1767060289,0x2c3dce8515854f167dc523745a6b9d98d22ec9266d9f4921f62fd3e4bf1cfa1b,0x8217b6c8878a4aa4ecc023608dbf91d4fac64936,BUY,86498068750018438192524977941980476748299785729870940867089250086714498791178,0.94,21.51,1767060289
0x172a7ef69dc129e0f1eabca98ab8f056eddc4b7b7e5390ff474200610fd7ef9e_1767060295,0x2c3dce8515854f167dc523745a6b9d98d22ec9266d9f4921f62fd3e4bf1cfa1b,0x73a6f22b745e04b9d8e3c2300d638c2e7f552b50,BUY,110290742709531333936637417418570910881285907663357514844586483587588568832794,0.066,30.0,1767060295
0x7db4b04db61357f1b213bb1e2ed102b73e2066e362b5c9b30439bdb03c0a45b2_1767060303,0x2c3dce8515854f167dc523745a6b9d98d22ec9266d9f4921f62fd3e4bf1cfa1b,0x9aeb534c42b58b21673d5e03e9da14fbd15b2729,BUY,110290742709531333936637417418570910881285907663357514844586483587588568832794,0.066,484.7,1767060303
0x69b4c1b4c57b26fc68400e892e71322a4d78a9d2034a2925e2c3e0115d38203a_1767060303,0x2c3dce8515854f167dc523745a6b9d98d22ec9266d9f4921f62fd3e4bf1cfa1b,0xfc3381cc84fecd26e87c9ef05020b7ba712e9636,BUY,86498068750018438192524977941980476748299785729870940867089250086714498791178,0.939999984207999,26.595743,1767060303
0x4d648091480acb2afb111236cb03d10a3143efa422e3b1283317a2ddaedf7938_1767060303,0x2c3dce8515854f167dc523745a6b9d98d22ec9266d9f4921f62fd3e4bf1cfa1b,0xfc3381cc84fecd26e87c9ef05020b7ba712e9636,BUY,86498068750018438192524977941980476748299785729870940867089250086714498791178,0.939999984207999,26.595743,1767060303
0x4fe46abaab24b2993894588033a08f2084df30c50f960dae4fafd77edb83458e_1767060313,0x2c3dce8515854f167dc523745a6b9d98d22ec9266d9f4921f62fd3e4bf1cfa1b,0x0fd42689071977a4be7c189810d5fea66cb1bb85,BUY,110290742709531333936637417418570910881285907663357514844586483587588568832794,0.10299992467564176,11.165047,1767060313
0xa8e96e80c5ba31205df325b44cdad232afafc91f618098919e5aaa7b5e1898d7_1767060321,0x2c3dce8515854f167dc523745a6b9d98d22ec9266d9f4921f62fd3e4bf1cfa1b,0xeb8984bd4aad72274f170bfc71ef4fa21a4646f1,BUY,86498068750018438192524977941980476748299785729870940867089250086714498791178,0.958,27.83,1767060321
0x95de0b1478f6366ee0caa8990a0eab491675e4b92992562a113ab3976b0bdab5_1767060321,0x2c3dce8515854f167dc523745a6b9d98d22ec9266d9f4921f62fd3e4bf1cfa1b,0xbacd00c9080a82ded56f504ee8810af732b0ab35,BUY,86498068750018438192524977941980476748299785729870940867089250086714498791178,0.9403226405537735,236.92,1767060321
0xc82e4695dc83915b7ab2a9b28a773793c2c32be036e5821348cea20fa6362e73_1767060371,0x2c3dce8515854f167dc523745a6b9d98d22ec9266d9f4921f62fd3e4bf1cfa1b,0xb77d74cd4e3a6ec89c17f03d092d3a6963d43f05,BUY,110290742709531333936637417418570910881285907663357514844586483587588568832794,0.1,20.0,1767060371
0x8c29af62fdc36447739ee0bf51460a7bd3b446ee7fc0ee5ddfe1f4d3b5a34bb7_1767060393,0x2c3dce8515854f167dc523745a6b9d98d22ec9266d9f4921f62fd3e4bf1cfa1b,0xfc3381cc84fecd26e87c9ef05020b7ba712e9636,BUY,86498068750018438192524977941980476748299785729870940867089250086714498791178,0.9579999161642331,11.617953,1767060393
0xd4c0ae86feb8e61a6a22dc0d4b4575ace9add383cd269f88cb7c72cb52fbcd33_1767060413,0x2c3dce8515854f167dc523745a6b9d98d22ec9266d9f4921f62fd3e4bf1cfa1b,0xe9a80665c18e8d750deaee4bf28ea32aa5ae416c,BUY,110290742709531333936637417418570910881285907663357514844586483587588568832794,0.09190017042822446,1088.137253,1767060413
0x43349ccdb3214189c4889cc20093a4b6eb8726968265010754ad8952bd4813f3_1767060455,0x2c3dce8515854f167dc523745a6b9d98d22ec9266d9f4921f62fd3e4bf1cfa1b,0xbacd00c9080a82ded56f504ee8810af732b0ab35,BUY,86498068750018438192524977941980476748299785729870940867089250086714498791178,0.9729553537117904,1431.25,1767060455
0xdc392ea2cacb06da8043ca3c42deb6fcb8a4044df60416cdbef6b265002e2bc9_1767060459,0x2c3dce8515854f167dc523745a6b9d98d22ec9266d9f4921f62fd3e4bf1cfa1b,0x73a6f22b745e04b9d8e3c2300d638c2e7f552b50,SELL,110290742709531333936637417418570910881285907663357514844586483587588568832794,0.023,30.0,1767060459
0x1478dc349d4b74b0dd9550588ab7ed170007da845d82c2606a0cdf7e42fd949c_1767060485,0x2c3dce8515854f167dc523745a6b9d98d22ec9266d9f4921f62fd3e4bf1cfa1b,0xeb8984bd4aad72274f170bfc71ef4fa21a4646f1,BUY,86498068750018438192524977941980476748299785729870940867089250086714498791178,0.979,16.68,1767060485
0x7f3f6a54f431efc51b5dc3c3ef5d94a9494ec0d1bad60c6414338b72ae18a6c4_1767060553,0x2c3dce8515854f167dc523745a6b9d98d22ec9266d9f4921f62fd3e4bf1cfa1b,0xbacd00c9080a82ded56f504ee8810af732b0ab35,BUY,86498068750018438192524977941980476748299785729870940867089250086714498791178,0.9692991099151315,4831.0,1767060553
0xdbb847b005cf2f282856ce4557611c4d19969d6cee9f17b8c9c55a31870d2bf1_1767060561,0x2c3dce8515854f167dc523745a6b9d98d22ec9266d9f4921f62fd3e4bf1cfa1b,0xbacd00c9080a82ded56f504ee8810af732b0ab35,BUY,86498068750018438192524977941980476748299785729870940867089250086714498791178,0.978,1000.0,1767060561
0xd1e30c6c5e59ed61528707ce2e267933731c42ba5fcb5f4054d5f188c01d50eb_1767060579,0x2c3dce8515854f167dc523745a6b9d98d22ec9266d9f4921f62fd3e4bf1cfa1b,0xeb8984bd4aad72274f170bfc71ef4fa21a4646f1,BUY,86498068750018438192524977941980476748299785729870940867089250086714498791178,0.979,58.31,1767060579
0x7ecd1bbfae50301572441f7d0c21d9b6fe782236f1e5d5c21d90308333ef9800_1767060585,0x2c3dce8515854f167dc523745a6b9d98d22ec9266d9f4921f62fd3e4bf1cfa1b,0xfc3381cc84fecd26e87c9ef05020b7ba712e9636,BUY,86498068750018438192524977941980476748299785729870940867089250086714498791178,0.9779999994523199,25.562363,1767060585
0x6634c5c025a5e643e2bc84daf98cd4adddb6dfb7d6bfce91c24ef88b71762b17_1767060585,0x2c3dce8515854f167dc523745a6b9d98d22ec9266d9f4921f62fd3e4bf1cfa1b,0xfc3381cc84fecd26e87c9ef05020b7ba712e9636,BUY,86498068750018438192524977941980476748299785729870940867089250086714498791178,0.9779999994523199,25.562363,1767060585
0x6a9d325f4847c8a132e900f0899fdc6f72969d1396f5fd7ef8d0fed2170b1f90_1767060589,0x2c3dce8515854f167dc523745a6b9d98d22ec9266d9f4921f62fd3e4bf1cfa1b,0x22dbd51e1a4e10fff072fa24300238c64033190f,SELL,86498068750018438192524977941980476748299785729870940867089250086714498791178,0.9520115057528764,499.75,1767060589
0x060ef13c5e92bfe595a79082c35c788669952c67e64a1d3901440f4a454c35f1_1767060595,0x2c3dce8515854f167dc523745a6b9d98d22ec9266d9f4921f62fd3e4bf1cfa1b,0x5e88e8f893a86b78b1104d843033fb7f3ca58fb7,SELL,110290742709531333936637417418570910881285907663357514844586483587588568832794,0.022,31.0,1767060595
0x7d96ab0930cd2f0b88d70228567845be1ba400acd62da5e827bdfedefa328146_1767060627,0x2c3dce8515854f167dc523745a6b9d98d22ec9266d9f4921f62fd3e4bf1cfa1b,0xa5623a1ba29aa6405f316c7dfb58f8eb64ced636,BUY,110290742709531333936637417418570910881285907663357514844586483587588568832794,0.045,28.0,1767060627
0xd6da937c272cc0c62127f15d88f2d4bfc43bb8633a50e0285157fd2f478c04a1_1767060665,0x2c3dce8515854f167dc523745a6b9d98d22ec9266d9f4921f62fd3e4bf1cfa1b,0x22dbd51e1a4e10fff072fa24300238c64033190f,SELL,86498068750018438192524977941980476748299785729870940867089250086714498791178,0.9542656,200.0,1767060665
0x5dba641faf12a05c4e7bde7bb3ea0b27a0526d562c0b79490c68f1dfeba05655_1767060665,0x2c3dce8515854f167dc523745a6b9d98d22ec9266d9f4921f62fd3e4bf1cfa1b,0xa5ca742631d2bb31ded0e0ed4a1af8d17e59af6f,BUY,110290742709531333936637417418570910881285907663357514844586483587588568832794,0.04599996575555387,27.391303,1767060665
0xed521070a9e5a330d07e71f033beb3ef15347d3d21a354f6c439c9d8590a1a29_1767060719,0x2c3dce8515854f167dc523745a6b9d98d22ec9266d9f4921f62fd3e4bf1cfa1b,0xbacd00c9080a82ded56f504ee8810af732b0ab35,BUY,86498068750018438192524977941980476748299785729870940867089250086714498791178,0.9699883298017015,10118.08,1767060719
0xff4bd6a264ba3eaee3474a0e6d240ea7f85fb161347f5a88c1d8308751d64818_1767060741,0x2c3dce8515854f167dc523745a6b9d98d22ec9266d9f4921f62fd3e4bf1cfa1b,0xb8e69b66c2a4d26db7b602d8f170dfb46b8f9767,BUY,86498068750018438192524977941980476748299785729870940867089250086714498791178,0.975,300.0,1767060741
0x11085f1a942b11ca6247e36dac37a5f58e16bec85c734e2c84383195ddca9fd8_1767060753,0x2c3dce8515854f167dc523745a6b9d98d22ec9266d9f4921f62fd3e4bf1cfa1b,0x661d589424bc21a094ad4849063a9e375c141d3e,BUY,86498068750018438192524977941980476748299785729870940867089250086714498791178,0.9769999998950966,28.597739,1767060753
0x93844bf58bd058ce1ab5ca179c9f25ea2627836a9afb9be1e9163129fe24f720_1767060763,0x2c3dce8515854f167dc523745a6b9d98d22ec9266d9f4921f62fd3e4bf1cfa1b,0x11bb65ce3d3393ba60b7d9a62d01daa5e5af175b,BUY,110290742709531333936637417418570910881285907663357514844586483587588568832794,0.04199996559652001,27.380951,1767060763
0x5de4de7268180ecbeec2d98f899a298a317b659aba7edc5bc546132c446bdd94_1767060781,0x2c3dce8515854f167dc523745a6b9d98d22ec9266d9f4921f62fd3e4bf1cfa1b,0xfc3381cc84fecd26e87c9ef05020b7ba712e9636,BUY,86498068750018438192524977941980476748299785729870940867089250086714498791178,0.96,26.04165,1767060781
0xe77a740585b30cf9c57b6c218716ed4e9d8a16b836d4f0f35934e0023b48596a_1767060843,0x2c3dce8515854f167dc523745a6b9d98d22ec9266d9f4921f62fd3e4bf1cfa1b,0xbacd00c9080a82ded56f504ee8810af732b0ab35,BUY,86498068750018438192524977941980476748299785729870940867089250086714498791178,0.96,73.95,1767060843
0xb81fff49b12735ef8b01b67da090f1e4c0d5ee0cf52c28aa4b248e8277d582fb_1767060861,0x2c3dce8515854f167dc523745a6b9d98d22ec9266d9f4921f62fd3e4bf1cfa1b,0x40c2348351024cce5ba6fccd6015b77bbb77b2fc,SELL,86498068750018438192524977941980476748299785729870940867089250086714498791178,0.958,3.61,1767060861
0x51c7a4974a50cc727f64aec9896f0405ade53acb7e115be05ef3762020494eb6_1767060867,0x2c3dce8515854f167dc523745a6b9d98d22ec9266d9f4921f62fd3e4bf1cfa1b,0xbacd00c9080a82ded56f504ee8810af732b0ab35,BUY,86498068750018438192524977941980476748299785729870940867089250086714498791178,0.96,10.0,1767060867
0x32984dfdfec7df819fe76b6f7ce1a672f448caa0f73abbcff7d8572e983f5b72_1767060897,0x2c3dce8515854f167dc523745a6b9d98d22ec9266d9f4921f62fd3e4bf1cfa1b,0x491213da9c46715364098c7b8a08ae5398b3c24e,BUY,110290742709531333936637417418570910881285907663357514844586483587588568832794,0.04158415907460054,72.142856,1767060897
0x603ad985762e1d3f52576c40e1e488453ac676544dff889281da333e7b10106c_1767060923,0x2c3dce8515854f167dc523745a6b9d98d22ec9266d9f4921f62fd3e4bf1cfa1b,0xdd45e705ee2c41bd1d81da5bcb8ed0e8b30259b2,BUY,110290742709531333936637417418570910881285907663357514844586483587588568832794,0.042,80.51,1767060923
0xdfa53db72c971d588970e145f86d1f17d8588b8f6959b2d9fce1101402054770_1767060959,0x2c3dce8515854f167dc523745a6b9d98d22ec9266d9f4921f62fd3e4bf1cfa1b,0x80c5b2b9d09808bf015bdbd377b3f32f7029333d,SELL,86498068750018438192524977941980476748299785729870940867089250086714498791178,0.957728658088991,1702.87,1767060959
0xd1461e5fde1e3d8d6ff115ef41e14ec4999650284de9767f9f6f21338ff7456f_1767061023,0x2c3dce8515854f167dc523745a6b9d98d22ec9266d9f4921f62fd3e4bf1cfa1b,0x0c3c6cedfc55e5977fd9ad1221b75d25c62a5eea,BUY,110290742709531333936637417418570910881285907663357514844586483587588568832794,0.043,500.0,1767061023
0xee5e78575471fb0d16ed9c6ecd759f662627080c2119767583f30411571d8905_1767061029,0x2c3dce8515854f167dc523745a6b9d98d22ec9266d9f4921f62fd3e4bf1cfa1b,0x60a92c8620846d81f5ea17b0564e0d4b7c545a71,SELL,86498068750018438192524977941980476748299785729870940867089250086714498791178,0.956,600.0,1767061029
0xcea4cf9fef2bea507bc41547e7cbd3333950eeeca44159c539b64d65c54e427f_1767061037,0x2c3dce8515854f167dc523745a6b9d98d22ec9266d9f4921f62fd3e4bf1cfa1b,0xb345e5a823ec9f1583f49f84942ac95efc77557a,BUY,86498068750018438192524977941980476748299785729870940867089250086714498791178,0.965506468305304,30.92,1767061037
0x4dca42982e85e97a369df3b5c8a218144d0adfe082630c6c57c163888ab2fa50_1767061063,0x2c3dce8515854f167dc523745a6b9d98d22ec9266d9f4921f62fd3e4bf1cfa1b,0x2598d34a681af2dd7730d4e02346472c95d62168,BUY,86498068750018438192524977941980476748299785729870940867089250086714498791178,0.9725707839644522,50.022064,1767061063
0xc91ecacdefaf4dda968dea037c6e6cb4168a9b19330da82408a642d5e0f98d95_1767061067,0x2c3dce8515854f167dc523745a6b9d98d22ec9266d9f4921f62fd3e4bf1cfa1b,0xfd5294de1d526489fede36ee0e43ae4779050c2f,BUY,86498068750018438192524977941980476748299785729870940867089250086714498791178,0.975,7.12,1767061067
0x6db0bf7eaabb95cd6a2eb926d5112e8f4064b79bdb9f2b434217eb80236aaa2d_1767061067,0x2c3dce8515854f167dc523745a6b9d98d22ec9266d9f4921f62fd3e4bf1cfa1b,0xfd5294de1d526489fede36ee0e43ae4779050c2f,BUY,86498068750018438192524977941980476748299785729870940867089250086714498791178,0.975,86.12,1767061067
0x70da4839a4cc45caf603885cf416806b80c38fb78bc5cf4f6c5db3e01a45078a_1767061069,0x2c3dce8515854f167dc523745a6b9d98d22ec9266d9f4921f62fd3e4bf1cfa1b,0xfd5294de1d526489fede36ee0e43ae4779050c2f,BUY,86498068750018438192524977941980476748299785729870940867089250086714498791178,0.973,407.76,1767061069
0x00bdc6a49e79bd8cbe7fb9ef78d60c3fa3abd49fadbf14aaf9407ac9c54ccd2a_1767061069,0x2c3dce8515854f167dc523745a6b9d98d22ec9266d9f4921f62fd3e4bf1cfa1b,0xfd5294de1d526489fede36ee0e43ae4779050c2f,BUY,86498068750018438192524977941980476748299785729870940867089250086714498791178,0.975,406.76,1767061069
0xe5b2524c89a4e2eef1544c5057b88e603683e0202fc77c6dffa8339d7732679c_1767061133,0x2c3dce8515854f167dc523745a6b9d98d22ec9266d9f4921f62fd3e4bf1cfa1b,0x0c3c6cedfc55e5977fd9ad1221b75d25c62a5eea,BUY,110290742709531333936637417418570910881285907663357514844586483587588568832794,0.025,93.24,1767061133
0x894967479d6b150604e7b354dd43703277f7b59e741e1fc7e9a7cc6ce233a5dc_1767061145,0x2c3dce8515854f167dc523745a6b9d98d22ec9266d9f4921f62fd3e4bf1cfa1b,0x77a4ba69bfd3a388bce7031900a3fabc105fc84f,BUY,86498068750018438192524977941980476748299785729870940867089250086714498791178,0.9769999993160984,10.235391,1767061145
0xcf1c756a232228d4f62fb6cb3bb4490cf082e9e329c2537eb7de9ff158b095a0_1767061155,0x2c3dce8515854f167dc523745a6b9d98d22ec9266d9f4921f62fd3e4bf1cfa1b,0x97f704f57e01afd4346034921275b5a9caba2c96,BUY,110290742709531333936637417418570910881285907663357514844586483587588568832794,0.039,30.0,1767061155
0xae7b7d629bbb1af6cec8d7cca82479533cd16f08d70e2e816adef62b56f74929_1767061163,0x2c3dce8515854f167dc523745a6b9d98d22ec9266d9f4921f62fd3e4bf1cfa1b,0xc51a2b073bfd6e7900d8ef01baee782e0ba3454a,BUY,110290742709531333936637417418570910881285907663357514844586483587588568832794,0.04099998725675641,72.19512,1767061163
0xabe79b052c24eb8f86c4265a5aecc88a5e1045e547c1350d7f29966bb4d8507e_1767061175,0x2c3dce8515854f167dc523745a6b9d98d22ec9266d9f4921f62fd3e4bf1cfa1b,0xb8e69b66c2a4d26db7b602d8f170dfb46b8f9767,BUY,86498068750018438192524977941980476748299785729870940867089250086714498791178,0.969,30.0,1767061175
0x4f2f7468ede22367ceb4d6e28f3193919efccb3f7f623ddc6f638cc0ba0593d1_1767061203,0x2c3dce8515854f167dc523745a6b9d98d22ec9266d9f4921f62fd3e4bf1cfa1b,0xb8e69b66c2a4d26db7b602d8f170dfb46b8f9767,BUY,86498068750018438192524977941980476748299785729870940867089250086714498791178,0.969,274.47,1767061203
0x8f5fb8617e58d6858d728ad501133d66c2cfdff9447aa0af8afe70551582c5f4_1767061209,0x2c3dce8515854f167dc523745a6b9d98d22ec9266d9f4921f62fd3e4bf1cfa1b,0x55f4b2507ea1c27d25ff904967fe88d592d9da12,BUY,110290742709531333936637417418570910881285907663357514844586483587588568832794,0.04,25.0,1767061209
0x7a0cbc13128eb2170b20f434afd2d21a3c33866493f3684460c55e0511874e81_1767061377,0x2c3dce8515854f167dc523745a6b9d98d22ec9266d9f4921f62fd3e4bf1cfa1b,0x2884bbb0f04adca41e7f21a9b18ce43345223e06,BUY,86498068750018438192524977941980476748299785729870940867089250086714498791178,0.97,35.0,1767061377
0x843dd9873eff06c5aa8c23f376326e3a6a756fc2b6dee0e717ca2391b6a53e0c_1767061377,0x2c3dce8515854f167dc523745a6b9d98d22ec9266d9f4921f62fd3e4bf1cfa1b,0x2884bbb0f04adca41e7f21a9b18ce43345223e06,BUY,86498068750018438192524977941980476748299785729870940867089250086714498791178,0.97,35.0,1767061377
0xa2a713627f396670f0e960277d8a8837bbe9019c2100fe4452cb3a85cf650e99_1767061379,0x2c3dce8515854f167dc523745a6b9d98d22ec9266d9f4921f62fd3e4bf1cfa1b,0x2884bbb0f04adca41e7f21a9b18ce43345223e06,BUY,86498068750018438192524977941980476748299785729870940867089250086714498791178,0.9692857142857143,35.0,1767061379
0x4bf2c0b84424b12c91e58afc560eec50591d462183d5cdc25e9f0cbb0e1b9248_1767061379,0x2c3dce8515854f167dc523745a6b9d98d22ec9266d9f4921f62fd3e4bf1cfa1b,0x2884bbb0f04adca41e7f21a9b18ce43345223e06,BUY,86498068750018438192524977941980476748299785729870940867089250086714498791178,0.97,35.0,1767061379
0x9e5f550763c80fce7350762b3b6a0e630cf4551c48c53c5abe4db8690e2ec461_1767061395,0x2c3dce8515854f167dc523745a6b9d98d22ec9266d9f4921f62fd3e4bf1cfa1b,0xad4e20ce7a841dbb53cd8ead45be94da7dc612f1,BUY,86498068750018438192524977941980476748299785729870940867089250086714498791178,0.9699999999594515,246.618533,1767061395
0x570809a85a88d6f0098797c5f3b1f71ae24efed7b2fc5b9eeb4879708918c8b1_1767061399,0x2c3dce8515854f167dc523745a6b9d98d22ec9266d9f4921f62fd3e4bf1cfa1b,0x0c3c6cedfc55e5977fd9ad1221b75d25c62a5eea,SELL,110290742709531333936637417418570910881285907663357514844586483587588568832794,0.03,593.24,1767061399
0x01438176665ec9bda135e6e990cc4cd2754a9566c19800a96df0e3f5c32546a8_1767061453,0x2c3dce8515854f167dc523745a6b9d98d22ec9266d9f4921f62fd3e4bf1cfa1b,0xbacd00c9080a82ded56f504ee8810af732b0ab35,BUY,86498068750018438192524977941980476748299785729870940867089250086714498791178,0.97,9045.14,1767061453
0x398ca481c917004c9d98c1327754ce713f583b16b9d442d707620c6c86dfcf6f_1767061457,0x2c3dce8515854f167dc523745a6b9d98d22ec9266d9f4921f62fd3e4bf1cfa1b,0xad4e20ce7a841dbb53cd8ead45be94da7dc612f1,BUY,86498068750018438192524977941980476748299785729870940867089250086714498791178,0.9689999998157405,146.532483,1767061457
0xbfe4791c1ebf32d50df885d140ec4f390a2418eb1b23db09d86aeb44eec59924_1767061463,0x2c3dce8515854f167dc523745a6b9d98d22ec9266d9f4921f62fd3e4bf1cfa1b,0xfc3381cc84fecd26e87c9ef05020b7ba712e9636,BUY,86498068750018438192524977941980476748299785729870940867089250086714498791178,0.9689999997674398,25.799774,1767061463
0xf7641bdb6d93f1606bd488915048bef11da286b7f2201fb2bd32c6fbf265121f_1767061491,0x2c3dce8515854f167dc523745a6b9d98d22ec9266d9f4921f62fd3e4bf1cfa1b,0xc682d7943aad07c246986a7aa2989cfcb17817bb,BUY,86498068750018438192524977941980476748299785729870940867089250086714498791178,0.9754911886979876,1087.24,1767061491
0xb8a0ca12598f762d3dbe690003a048d755752a0a90cf797556f90efd335ebcd8_1767061497,0x2c3dce8515854f167dc523745a6b9d98d22ec9266d9f4921f62fd3e4bf1cfa1b,0x0f1df8d729aeef18362314b03f6448359e262762,BUY,86498068750018438192524977941980476748299785729870940867089250086714498791178,0.979,10.0,1767061497
0x4e99fe3cb071cf11118a77618327620832811c01822e63e6bd43c806804e5ec0_1767061499,0x2c3dce8515854f167dc523745a6b9d98d22ec9266d9f4921f62fd3e4bf1cfa1b,0xee058ce9380740b35cebffe26561e6f0288839db,BUY,86498068750018438192524977941980476748299785729870940867089250086714498791178,0.979,10.0,1767061499
0xc27fd1b6a06e36da86536e56bfbbca2e104dd0c10e6e9fe5e9b6d330d73a2d5d_1767061499,0x2c3dce8515854f167dc523745a6b9d98d22ec9266d9f4921f62fd3e4bf1cfa1b,0x76de9c6f676a0419c3accdde90dd68d8a666c176,BUY,86498068750018438192524977941980476748299785729870940867089250086714498791178,0.979,10.0,1767061499
0x6e87f2e44ba1dad45f62f5adab495dc8b1040c7329e31f135e5b537a92d20805_1767061499,0x2c3dce8515854f167dc523745a6b9d98d22ec9266d9f4921f62fd3e4bf1cfa1b,0x1472ca4facce2c972bab3811a64beeb113ce5f3e,BUY,86498068750018438192524977941980476748299785729870940867089250086714498791178,0.979,10.0,1767061499
0xd34a194c246a5c5928dfd472a44cd7e1b526ad1c59a4076c75756243a70ed973_1767061509,0x2c3dce8515854f167dc523745a6b9d98d22ec9266d9f4921f62fd3e4bf1cfa1b,0xad4e20ce7a841dbb53cd8ead45be94da7dc612f1,BUY,86498068750018438192524977941980476748299785729870940867089250086714498791178,0.979217383747225,593.382029,1767061509
0xc1efa34eef9af0a6ea745425b5a2217567af5e25b3b2cb4506c6dd0cff379550_1767061511,0x2c3dce8515854f167dc523745a6b9d98d22ec9266d9f4921f62fd3e4bf1cfa1b,0x4cea9e38d5f3a0c7d2b487a221c21dca5336c297,SELL,86498068750018438192524977941980476748299785729870940867089250086714498791178,0.9734070140881257,233.53,1767061511
0x9167e8ac564ea8579ea89324e32f5a9ae1d073d59731d2a736f887f3742c3c7b_1767061519,0x2c3dce8515854f167dc523745a6b9d98d22ec9266d9f4921f62fd3e4bf1cfa1b,0x22c94e617e2d32514f328411579f7428a3b579e1,BUY,110290742709531333936637417418570910881285907663357514844586483587588568832794,0.031872340425531914,30.55,1767061519
0xb230d3b7d28a4f3cd4b6281389bf08627b844bcb5405c35e2e0e92798ac359a7_1767061537,0x2c3dce8515854f167dc523745a6b9d98d22ec9266d9f4921f62fd3e4bf1cfa1b,0xeb9d299e281ff55638618728974ad3ce728fe31b,BUY,86498068750018438192524977941980476748299785729870940867089250086714498791178,0.98,1020.4,1767061537
0xccc20869af71358c99ee2f46eebbbcd1d87daa6967460993f86df922a62f3e7b_1767061547,0x2c3dce8515854f167dc523745a6b9d98d22ec9266d9f4921f62fd3e4bf1cfa1b,0x9416b0ca9df006a64def65021451caba9adf5a15,BUY,86498068750018438192524977941980476748299785729870940867089250086714498791178,0.9799999879188968,62.908162,1767061547
0xac70cf1cf82555f9ba4262286743b367c744e93829179ab1a8f0416561b9c659_1767061553,0x2c3dce8515854f167dc523745a6b9d98d22ec9266d9f4921f62fd3e4bf1cfa1b,0x2884bbb0f04adca41e7f21a9b18ce43345223e06,BUY,110290742709531333936637417418570910881285907663357514844586483587588568832794,0.03280317466038752,152.424241,1767061553
0x17b874bb34e1157bd739e5d06419c86f528d89a892827f6e0e1e2997253a8f48_1767061557,0x2c3dce8515854f167dc523745a6b9d98d22ec9266d9f4921f62fd3e4bf1cfa1b,0x0c4f5b1295f39cf505679209a22adbafe61c0f33,BUY,86498068750018438192524977941980476748299785729870940867089250086714498791178,0.9799999835722537,35.306121,1767061557
0x19b2a3306746cd79ef182de3863ee21224d26eb7205e082e8f7cd1fc2d740bd0_1767061583,0x2c3dce8515854f167dc523745a6b9d98d22ec9266d9f4921f62fd3e4bf1cfa1b,0x607bd7c7952b3d06f5880dd298940dc124a34012,BUY,110290742709531333936637417418570910881285907663357514844586483587588568832794,0.03300000017442857,212.121211,1767061583
0x9a2077945fc2ca20951a9425d6e07be70da97918c662edd7a7a6022a7c3930df_1767061657,0x2c3dce8515854f167dc523745a6b9d98d22ec9266d9f4921f62fd3e4bf1cfa1b,0x1c1e841584db14084e10e7dca2ad0ab7b60dbfe7,SELL,86498068750018438192524977941980476748299785729870940867089250086714498791178,0.967,375.01,1767061657
0x5918ef358b874a97e16c2500beebabf350cf8bb927cef59cc3f2b26efa3f3879_1767061665,0x2c3dce8515854f167dc523745a6b9d98d22ec9266d9f4921f62fd3e4bf1cfa1b,0x26be5b2ef2ae5e65ed3a15f79e7abdcc110dd699,SELL,86498068750018438192524977941980476748299785729870940867089250086714498791178,0.967,7.99,1767061665
0x408567c15a8000a4bd89381e23e9808a817743a8b67ef90c01b21dd9e70d5ca8_1767061705,0x2c3dce8515854f167dc523745a6b9d98d22ec9266d9f4921f62fd3e4bf1cfa1b,0x8217b6c8878a4aa4ecc023608dbf91d4fac64936,SELL,86498068750018438192524977941980476748299785729870940867089250086714498791178,0.97,10.34,1767061705
0x50cb77cc395c5d79a0e88eefed3579c79f7871ee02fc36528879595ac511e0fd_1767061731,0x2c3dce8515854f167dc523745a6b9d98d22ec9266d9f4921f62fd3e4bf1cfa1b,0xbacd00c9080a82ded56f504ee8810af732b0ab35,BUY,86498068750018438192524977941980476748299785729870940867089250086714498791178,0.979,1545.0,1767061731
0xd368f16d93c386100c93d3d1a2c300bb89f8502bbc6ca9f18c5af9848f3362bf_1767061737,0x2c3dce8515854f167dc523745a6b9d98d22ec9266d9f4921f62fd3e4bf1cfa1b,0x4dbb4eb0dfd82caf580f674e95484809a36ac96a,BUY,110290742709531333936637417418570910881285907663357514844586483587588568832794,0.02815531274389564,35.51724,1767061737
0xaca76b75d40ba34892269f7dd1b9496aa9ce482bd5a6169818c828959e2ac8c4_1767061745,0x2c3dce8515854f167dc523745a6b9d98d22ec9266d9f4921f62fd3e4bf1cfa1b,0x1e962d5c0303af3d790b562926e04deb6d246373,BUY,86498068750018438192524977941980476748299785729870940867089250086714498791178,0.9799182855406017,367.142856,1767061745
0xdc6d4f0be8d8e7d0fe06c286fd92c0a72fef86132de8c7043258831ba6325e73_1767061771,0x2c3dce8515854f167dc523745a6b9d98d22ec9266d9f4921f62fd3e4bf1cfa1b,0xfc3381cc84fecd26e87c9ef05020b7ba712e9636,BUY,86498068750018438192524977941980476748299785729870940867089250086714498791178,0.9799999631519984,25.510203,1767061771
0x245d1cbb85198b84ff957528f6dd044c6e1804f791e73e15ee62a848e4e691d0_1767061841,0x2c3dce8515854f167dc523745a6b9d98d22ec9266d9f4921f62fd3e4bf1cfa1b,0x607bd7c7952b3d06f5880dd298940dc124a34012,SELL,86498068750018438192524977941980476748299785729870940867089250086714498791178,0.9743759017845842,790.1,1767061841
0x3580b879fad7f1a2eb255b60b2d3ed734da141914802929fde16a2afc08fbdca_1767061865,0x2c3dce8515854f167dc523745a6b9d98d22ec9266d9f4921f62fd3e4bf1cfa1b,0x84fa50883a0251e06bce7251659cc70a00bc1327,BUY,110290742709531333936637417418570910881285907663357514844586483587588568832794,0.025,88.09,1767061865
0x77e80ea9a98d21d4c113eb6c2999e230c395af25e761011605beb3755cb4c88f_1767061869,0x2c3dce8515854f167dc523745a6b9d98d22ec9266d9f4921f62fd3e4bf1cfa1b,0xeeb9ef1fdade415402b46923505a2582d4c01b90,BUY,86498068750018438192524977941980476748299785729870940867089250086714498791178,0.975,16.75,1767061869
0xa6bb66521b9c8d67e0f68639a760ba0463a4a5e62551d19a6bc30179b0178b48_1767061895,0x2c3dce8515854f167dc523745a6b9d98d22ec9266d9f4921f62fd3e4bf1cfa1b,0xe27b5f4418566d19ee5a65d2bd56cb350d9b3682,BUY,86498068750018438192524977941980476748299785729870940867089250086714498791178,0.975,108.66664,1767061895
0x64f50ef53551b45a6cc0c5663b6aef4bfa92a8ec5f67ef36a1f0cc4c70b710dd_1767061951,0x2c3dce8515854f167dc523745a6b9d98d22ec9266d9f4921f62fd3e4bf1cfa1b,0xff4e9d40d49faf53f5779b9c8fb009a6c3df5f1b,SELL,86498068750018438192524977941980476748299785729870940867089250086714498791178,0.9725440652900258,547.71,1767061951
0xee4c4c39ebad698a4cd91e6e98d49a06588dea251818c0df6c4e259d6dee5bbf_1767061987,0x2c3dce8515854f167dc523745a6b9d98d22ec9266d9f4921f62fd3e4bf1cfa1b,0xa305d0c3b50ee61955f217d7a37c33478134a283,BUY,86498068750018438192524977941980476748299785729870940867089250086714498791178,0.975,2.31792,1767061987
0x670df858b5e10fd1c8db1b04106f492c8ae862c1d26d140bab498c7b2ce4cb22_1767062103,0x2c3dce8515854f167dc523745a6b9d98d22ec9266d9f4921f62fd3e4bf1cfa1b,0xad4e20ce7a841dbb53cd8ead45be94da7dc612f1,BUY,86498068750018438192524977941980476748299785729870940867089250086714498791178,0.975,240.10256,1767062103
0xccbe0a7757359a677873e69858b497e885f7712a907d7c09094077b7d7f1517e_1767062225,0x2c3dce8515854f167dc523745a6b9d98d22ec9266d9f4921f62fd3e4bf1cfa1b,0x3e5630959499c5b5e55aceeeeae7446933d335d5,BUY,110290742709531333936637417418570910881285907663357514844586483587588568832794,0.0289999723629987,34.482757,1767062225
0x47846c55793c01e6861834011991ae940f5145b61a61f9b7b3f82c43501e9d0e_1767062251,0x2c3dce8515854f167dc523745a6b9d98d22ec9266d9f4921f62fd3e4bf1cfa1b,0x53267f54e9d4f8f840a79941c96db09b192b1d99,SELL,86498068750018438192524977941980476748299785729870940867089250086714498791178,0.972,100.0,1767062251
0x79406a8e8a615620c63c670c712b77f905fcee599c492525ee747e792ca69aa9_1767062271,0x2c3dce8515854f167dc523745a6b9d98d22ec9266d9f4921f62fd3e4bf1cfa1b,0x974fdde6629928aab78b5d6f9c9cf4b9ec9178f7,BUY,110290742709531333936637417418570910881285907663357514844586483587588568832794,0.034685617509324154,1722.904284,1767062271
0x7eb1194fb12b0d73eb424114944f2551e3760ce46ead73ec7c57004d3686b107_1767062281,0x2c3dce8515854f167dc523745a6b9d98d22ec9266d9f4921f62fd3e4bf1cfa1b,0xbacd00c9080a82ded56f504ee8810af732b0ab35,BUY,110290742709531333936637417418570910881285907663357514844586483587588568832794,0.04198818573144971,5884.41,1767062281
0xde9a086d657843b05e7ed860cfc0967ce0a440328f8897182bc35a97abab2436_1767062313,0x2c3dce8515854f167dc523745a6b9d98d22ec9266d9f4921f62fd3e4bf1cfa1b,0x3e5630959499c5b5e55aceeeeae7446933d335d5,BUY,110290742709531333936637417418570910881285907663357514844586483587588568832794,0.05,20.0,1767062313
0x4f3cd609f7819e754c48da612aa27fca125b84f35d6b827d1a22fc53d285ff3b_1767062315,0x2c3dce8515854f167dc523745a6b9d98d22ec9266d9f4921f62fd3e4bf1cfa1b,0xa78fedd29e1f59b317861b306e0289fb64742af6,SELL,110290742709531333936637417418570910881285907663357514844586483587588568832794,0.03,22.98,1767062315
0x97e41513f4b780f40a0498658883f2abd076b860038f818471b4376e0ae247dd_1767062329,0x2c3dce8515854f167dc523745a6b9d98d22ec9266d9f4921f62fd3e4bf1cfa1b,0x94eb0ee9ff35f5b14f8d3c3be3967e9deba837e6,BUY,86498068750018438192524977941980476748299785729870940867089250086714498791178,0.970859830441437,1163.02,1767062329
0x6a7db0939297c635b3c1a8799fe060fb7bed175b970dde10780e191580744e1e_1767062375,0x2c3dce8515854f167dc523745a6b9d98d22ec9266d9f4921f62fd3e4bf1cfa1b,0xe938751af9d928d0960284e5fbfadc39edb010c4,BUY,110290742709531333936637417418570910881285907663357514844586483587588568832794,0.07233168417093423,165.9024,1767062375
0x5c553ec41f2e165ba5cf6de2eedc83642377a4e836837cd0cd3ce087215bbd6f_1767062379,0x2c3dce8515854f167dc523745a6b9d98d22ec9266d9f4921f62fd3e4bf1cfa1b,0xfc3381cc84fecd26e87c9ef05020b7ba712e9636,BUY,110290742709531333936637417418570910881285907663357514844586483587588568832794,0.07499999468623476,164.666665,1767062379
0x9a07e5816a336374fedfe203f992db9772e196656b8c053265d35f146efb8e2b_1767062457,0x2c3dce8515854f167dc523745a6b9d98d22ec9266d9f4921f62fd3e4bf1cfa1b,0x94eb0ee9ff35f5b14f8d3c3be3967e9deba837e6,BUY,86498068750018438192524977941980476748299785729870940867089250086714498791178,0.971222293752773,1149.47,1767062457
0xf4930351c873a19e5ab2b69063e716f12b3e380ce84fdaae5f0a4a4f9daf8c93_1767062469,0x2c3dce8515854f167dc523745a6b9d98d22ec9266d9f4921f62fd3e4bf1cfa1b,0x94eb0ee9ff35f5b14f8d3c3be3967e9deba837e6,BUY,86498068750018438192524977941980476748299785729870940867089250086714498791178,0.975,778.06,1767062469
0xe79e1e635d1bcd7a40c906319b39e6cdd56af34597de55fa24035eaa68a6882e_1767062525,0x2c3dce8515854f167dc523745a6b9d98d22ec9266d9f4921f62fd3e4bf1cfa1b,0x9aeb534c42b58b21673d5e03e9da14fbd15b2729,BUY,110290742709531333936637417418570910881285907663357514844586483587588568832794,0.03,163.02,1767062525
0x94929b6b1b4c37799878d7e778369ca2afc1fcac085fe4522c8152e28272756f_1767062583,0x2c3dce8515854f167dc523745a6b9d98d22ec9266d9f4921f62fd3e4bf1cfa1b,0xf1f9a438f2697381b4ac8eb283d6f4dd772d1245,SELL,86498068750018438192524977941980476748299785729870940867089250086714498791178,0.969,1700.0,1767062583
0xffd0576da5aeae591b9f1d8044b012a4ca706f252f8af1210cd21a857b662fec_1767062599,0x2c3dce8515854f167dc523745a6b9d98d22ec9266d9f4921f62fd3e4bf1cfa1b,0x94eb0ee9ff35f5b14f8d3c3be3967e9deba837e6,BUY,86498068750018438192524977941980476748299785729870940867089250086714498791178,0.976,59.82,1767062599
0x9c86a292e5c3e41dc67152654fed5c55a0452fa55055d89a5a685357ec909c89_1767062691,0x2c3dce8515854f167dc523745a6b9d98d22ec9266d9f4921f62fd3e4bf1cfa1b,0xce3f6b3576caccbc7005787d09b519a0997b67c9,BUY,110290742709531333936637417418570910881285907663357514844586483587588568832794,0.029777204078195757,335.827332,1767062691
0x2d06026bf7e279fdd5e466c22cd7496794363832230c7646110a59803f9beb48_1767062741,0x2c3dce8515854f167dc523745a6b9d98d22ec9266d9f4921f62fd3e4bf1cfa1b,0x2884bbb0f04adca41e7f21a9b18ce43345223e06,SELL,86498068750018438192524977941980476748299785729870940867089250086714498791178,0.9701071428571428,140.0,1767062741
0xd4ac6d38396173ff17adb3a525c92f7dc9c785eb838e1f8c4f94e9d038d2aa95_1767062747,0x2c3dce8515854f167dc523745a6b9d98d22ec9266d9f4921f62fd3e4bf1cfa1b,0x2884bbb0f04adca41e7f21a9b18ce43345223e06,SELL,110290742709531333936637417418570910881285907663357514844586483587588568832794,0.025043695053142634,152.42,1767062747
0xc6b8fe1f1c3cac3f670772f7da1b5aa4f747fae981b0608e689a3e237e164536_1767062763,0x2c3dce8515854f167dc523745a6b9d98d22ec9266d9f4921f62fd3e4bf1cfa1b,0x94eb0ee9ff35f5b14f8d3c3be3967e9deba837e6,BUY,86498068750018438192524977941980476748299785729870940867089250086714498791178,0.975,829.22,1767062763
0xcd7bd9db5f9e2e6c4dd6f2bee2a4b8cbd9f601a0c1d9b751dce52b1fd7fb98df_1767062813,0x2c3dce8515854f167dc523745a6b9d98d22ec9266d9f4921f62fd3e4bf1cfa1b,0x04bf21c2527ae8d54a2f713a6420c608366c7caf,SELL,110290742709531333936637417418570910881285907663357514844586483587588568832794,0.022348127600554785,721.0,1767062813
0x04717ae290d06277cc96cc166e5a02689f8c9dd647fc8a1775672e2c892e8a26_1767062835,0x2c3dce8515854f167dc523745a6b9d98d22ec9266d9f4921f62fd3e4bf1cfa1b,0x97f704f57e01afd4346034921275b5a9caba2c96,BUY,86498068750018438192524977941980476748299785729870940867089250086714498791178,0.9793368077113221,9.771917,1767062835
0x2b3d924b22b82a9345123cfc83a6eb332d8ae056c591673e72ed9e771f33198a_1767062895,0x2c3dce8515854f167dc523745a6b9d98d22ec9266d9f4921f62fd3e4bf1cfa1b,0x94eb0ee9ff35f5b14f8d3c3be3967e9deba837e6,BUY,86498068750018438192524977941980476748299785729870940867089250086714498791178,0.98,160.04,1767062895
0xd04236f7031e00fe81f7a689896086fc4907e7969ef5d6047947108d302b5c3a_1767062901,0x2c3dce8515854f167dc523745a6b9d98d22ec9266d9f4921f62fd3e4bf1cfa1b,0xc682d7943aad07c246986a7aa2989cfcb17817bb,BUY,86498068750018438192524977941980476748299785729870940867089250086714498791178,0.983,222.0,1767062901
0xf205374d7e741cd7f395dfa7b33c74c7a5058a32d25e4887e506cffb9beb4f79_1767062915,0x2c3dce8515854f167dc523745a6b9d98d22ec9266d9f4921f62fd3e4bf1cfa1b,0x1af373539ed8c82326e94b1322925c04e2211d1e,SELL,86498068750018438192524977941980476748299785729870940867089250086714498791178,0.98,29.26,1767062915
0x921175c95c1380e0134ddaa1804feccf111650624de22caa3b81a1d4166ce744_1767062937,0x2c3dce8515854f167dc523745a6b9d98d22ec9266d9f4921f62fd3e4bf1cfa1b,0xbecf1d3e716a4f79ab0c451d700807eae2143cf7,SELL,86498068750018438192524977941980476748299785729870940867089250086714498791178,0.979,1.69,1767062937
0xa5a96c844d2f1b87f12b9f75a9733bafcc07dea0b444a94f36af88ec894c23f3_1767062953,0x2c3dce8515854f167dc523745a6b9d98d22ec9266d9f4921f62fd3e4bf1cfa1b,0x94eb0ee9ff35f5b14f8d3c3be3967e9deba837e6,BUY,86498068750018438192524977941980476748299785729870940867089250086714498791178,0.98,1927.14,1767062953
0xdbe130bafacc99eb185f181e9a94e3f5fdc060e6968c5f1f0b836c931f3f30df_1767063037,0x2c3dce8515854f167dc523745a6b9d98d22ec9266d9f4921f62fd3e4bf1cfa1b,0x5ad818e112c96496d5a16d22f79a5c7cc7e043e2,SELL,86498068750018438192524977941980476748299785729870940867089250086714498791178,0.979,46.57,1767063037
0x35e3467300521c3aaf6b2491c88fadeacf3aa35302dcffcdb052182c11800c79_1767063079,0x2c3dce8515854f167dc523745a6b9d98d22ec9266d9f4921f62fd3e4bf1cfa1b,0x1af373539ed8c82326e94b1322925c04e2211d1e,SELL,86498068750018438192524977941980476748299785729870940867089250086714498791178,0.979,45.55,1767063079
0xf78fdd8fc59db721a2794d9ec1ef7ef6b23d346d30701fb57a6a98139271a390_1767063121,0x2c3dce8515854f167dc523745a6b9d98d22ec9266d9f4921f62fd3e4bf1cfa1b,0xc682d7943aad07c246986a7aa2989cfcb17817bb,BUY,86498068750018438192524977941980476748299785729870940867089250086714498791178,0.9838858,250.0,1767063121
0xc26c048e3d982fac5152c17a3adf1977d98079e76e6bbbb5d1a9fee0ff1b2a31_1767063325,0x2c3dce8515854f167dc523745a6b9d98d22ec9266d9f4921f62fd3e4bf1cfa1b,0xc77a8ae3de307d7b4aa910c997015d1c45b4daf8,SELL,110290742709531333936637417418570910881285907663357514844586483587588568832794,0.016046666666666667,1500.0,1767063325
0x8426125bead21064281c0562d9108981e4585df2fd890ff05a1a2166fd5b5f87_1767063433,0x2c3dce8515854f167dc523745a6b9d98d22ec9266d9f4921f62fd3e4bf1cfa1b,0x77b61b96b30a36b885aa8280522a7cabf5e47fec,BUY,86498068750018438192524977941980476748299785729870940867089250086714498791178,0.984,335.23,1767063433
0x7cd10fadca2dd670118cc3d114b80f471a617f1745e505feed2d0977fdd4f482_1767063521,0x2c3dce8515854f167dc523745a6b9d98d22ec9266d9f4921f62fd3e4bf1cfa1b,0x088ffbbc6f2c0b3839d2832e75f37e1bcecbc9e7,BUY,86498068750018438192524977941980476748299785729870940867089250086714498791178,0.984,2000.0,1767063521
0xce4c5e714b732fe8238e1616540f762158dd25f5d41ec4170cddc167a348aa46_1767063539,0x2c3dce8515854f167dc523745a6b9d98d22ec9266d9f4921f62fd3e4bf1cfa1b,0x29d15aee79b593f1949e68875c55f0dd181ebc53,BUY,86498068750018438192524977941980476748299785729870940867089250086714498791178,0.984,3.04875,1767063539
0xdc8039371b8164d5e2f054417835597e92f1f7a246f7ee79ffc4110d7eaa842c_1767063549,0x2c3dce8515854f167dc523745a6b9d98d22ec9266d9f4921f62fd3e4bf1cfa1b,0xdd45e705ee2c41bd1d81da5bcb8ed0e8b30259b2,BUY,110290742709531333936637417418570910881285907663357514844586483587588568832794,0.02261484234811587,156.04,1767063549
0xd1a50a6bd12590d905fc09a19b2b092a04e84b5678865b33023c783ccfad33cd_1767063605,0x2c3dce8515854f167dc523745a6b9d98d22ec9266d9f4921f62fd3e4bf1cfa1b,0x43c5a73005470a4ecd3964b06c50e7e5a2c84d00,BUY,110290742709531333936637417418570910881285907663357514844586483587588568832794,0.02909995563981197,452.234332,1767063605
0x44577a34c0c57e28ad3ff682015ad473c6b304b5ba889745346b8d734cfba19f_1767063611,0x2c3dce8515854f167dc523745a6b9d98d22ec9266d9f4921f62fd3e4bf1cfa1b,0x2c45f2be0c74bf01580a4b558bb26979d6e64790,BUY,86498068750018438192524977941980476748299785729870940867089250086714498791178,0.984,185.0,1767063611
0x7feff19914055c7f08f0be7f683c19f59b5128fd7e087cb51aea81f8fa209dd8_1767063613,0x2c3dce8515854f167dc523745a6b9d98d22ec9266d9f4921f62fd3e4bf1cfa1b,0x2c45f2be0c74bf01580a4b558bb26979d6e64790,BUY,86498068750018438192524977941980476748299785729870940867089250086714498791178,0.9838378378378378,185.0,1767063613
0xb80b4f3a62990e70eb0334090c1f77767e137ac795d0b45dabc730797f157228_1767063613,0x2c3dce8515854f167dc523745a6b9d98d22ec9266d9f4921f62fd3e4bf1cfa1b,0x4eb601e831ba73bbc8e9f9f60aa636af632a5e8a,SELL,86498068750018438192524977941980476748299785729870940867089250086714498791178,0.97,1.59,1767063613
0xcac4346e276617f22767e6503d45772df26fd66737c269f1cb3704adc08897e0_1767063621,0x2c3dce8515854f167dc523745a6b9d98d22ec9266d9f4921f62fd3e4bf1cfa1b,0x5389fbf5d52e634d0ef2ef876849e5874da09237,SELL,110290742709531333936637417418570910881285907663357514844586483587588568832794,0.017,10.0,1767063621
0xc0b98e890833f7d58f7dabb6a901d08a3999d792d99c393ec38fbd0a1a1cdde9_1767063767,0x2c3dce8515854f167dc523745a6b9d98d22ec9266d9f4921f62fd3e4bf1cfa1b,0xf03b3518073bdff9876073ead409b604249d34fd,SELL,110290742709531333936637417418570910881285907663357514844586483587588568832794,0.02,50.0,1767063767
0x02d2f040804ff627c53bc5545cbf201751a9dc65f5867a609b3c9980d57bf7c9_1767063771,0x2c3dce8515854f167dc523745a6b9d98d22ec9266d9f4921f62fd3e4bf1cfa1b,0xb9b42165df946ba09bd5fed3cd505f0896113824,SELL,110290742709531333936637417418570910881285907663357514844586483587588568832794,0.01647992,250.0,1767063771
0x0cd18e70e07db703ad6d83d79a9ddc94d1c323907e5148c3d5e00787b66939d4_1767063827,0x2c3dce8515854f167dc523745a6b9d98d22ec9266d9f4921f62fd3e4bf1cfa1b,0xb6897175447ff136d5cbc09f25a46c4cf020372a,BUY,110290742709531333936637417418570910881285907663357514844586483587588568832794,0.01996007984031936,250.5,1767063827
0x23e714b31078d2c841a940f63eabe3a8020f84e0e320fb24dcf820f3185f5bf5_1767063855,0x2c3dce8515854f167dc523745a6b9d98d22ec9266d9f4921f62fd3e4bf1cfa1b,0xd8f3790cc1896d89ed36fc415793e7163eea4c06,SELL,110290742709531333936637417418570910881285907663357514844586483587588568832794,0.016,540.61,1767063855
0x9e01826e1fd4281f6dec0f4ffe2b2fa4a6b44c14c6fa54e7b09cb09effdae3e1_1767063863,0x2c3dce8515854f167dc523745a6b9d98d22ec9266d9f4921f62fd3e4bf1cfa1b,0x92c92e55d4621f7051edb5eedbc1b669291164d1,BUY,110290742709531333936637417418570910881285907663357514844586483587588568832794,0.019504950495049505,202.0,1767063863
0xf6c036057611990631aebf1f377c98311f50cc76fe7b87e2bc849f804bf76809_1767064025,0x2c3dce8515854f167dc523745a6b9d98d22ec9266d9f4921f62fd3e4bf1cfa1b,0xb253cd559d39e3a55b31ee15d5505aa2cc3e6b67,SELL,86498068750018438192524977941980476748299785729870940867089250086714498791178,0.98,1.8,1767064025
0x6700e74de0fb0e2be173ec76ce3e17e8ffd0a320b1c35145643ebea13943fe60_1767064025,0x2c3dce8515854f167dc523745a6b9d98d22ec9266d9f4921f62fd3e4bf1cfa1b,0x77b61b96b30a36b885aa8280522a7cabf5e47fec,BUY,86498068750018438192524977941980476748299785729870940867089250086714498791178,0.983,100.0,1767064025
0xc61a10574e0d7b70996fc9e14ec796165b4088d98ab8698b728f025bf3f20c57_1767064093,0x2c3dce8515854f167dc523745a6b9d98d22ec9266d9f4921f62fd3e4bf1cfa1b,0xf9f207b77137caa79c6c4516abdef3133db45cba,BUY,110290742709531333936637417418570910881285907663357514844586483587588568832794,0.02,3405.7,1767064093
0xba0aadc7b731135ca1ac72bfc6211243418879743730dd6cbe9b7233dac7c063_1767064095,0x2c3dce8515854f167dc523745a6b9d98d22ec9266d9f4921f62fd3e4bf1cfa1b,0x9ad091ca2e8f1bd69f27662edcb49dceeaa5bf3d,BUY,86498068750018438192524977941980476748299785729870940867089250086714498791178,0.98,94.3,1767064095
0x973008f7206d19c4d0f6b2a471234990c55d99bebafd962cfa9f07984f77c7ac_1767064117,0x2c3dce8515854f167dc523745a6b9d98d22ec9266d9f4921f62fd3e4bf1cfa1b,0x9416b0ca9df006a64def65021451caba9adf5a15,SELL,86498068750018438192524977941980476748299785729870940867089250086714498791178,0.9673593004769475,62.9,1767064117
0xbacb094fa9d7be0c107fbc72a45771f7d5c6f138739ab51600a13de1f58f7d11_1767064437,0x2c3dce8515854f167dc523745a6b9d98d22ec9266d9f4921f62fd3e4bf1cfa1b,0x4a7b52316267bf88bafb0e45c9cf45c51b435994,BUY,110290742709531333936637417418570910881285907663357514844586483587588568832794,0.029821067890865485,167.666665,1767064437
0xec622915d294a5f378483057f520277733201bee86b9780f0852d12c89b6389d_1767064523,0x2c3dce8515854f167dc523745a6b9d98d22ec9266d9f4921f62fd3e4bf1cfa1b,0xfc129040b6d96c5a2c42b6e813fa0ec67151da22,SELL,110290742709531333936637417418570910881285907663357514844586483587588568832794,0.018549954170485793,54.55,1767064523
0xcda66f0c1379e54a6945825aa02afeaebd184aeea3f04c706486c6ed9044eb23_1767064533,0x2c3dce8515854f167dc523745a6b9d98d22ec9266d9f4921f62fd3e4bf1cfa1b,0xa41406a76557ae4dfb546a5baa934f88759ad03d,BUY,110290742709531333936637417418570910881285907663357514844586483587588568832794,0.029999985749999642,66.666665,1767064533
0x4eccb750b10fa2a276eb57f680a4ceea1c76adf53471b1ba73615b611bff918f_1767064539,0x2c3dce8515854f167dc523745a6b9d98d22ec9266d9f4921f62fd3e4bf1cfa1b,0xff269d596d398ccb2fbb5004cf8c468fa3d75bff,SELL,110290742709531333936637417418570910881285907663357514844586483587588568832794,0.019,3.0,1767064539
0x91dc130a0c050ecaa0cfcc4b0246e7d442acce7c10dda77879e88a967c05b752_1767064727,0x2c3dce8515854f167dc523745a6b9d98d22ec9266d9f4921f62fd3e4bf1cfa1b,0x77a4ba69bfd3a388bce7031900a3fabc105fc84f,BUY,86498068750018438192524977941980476748299785729870940867089250086714498791178,0.9809999701292046,21.325177,1767064727
0x4b1767d85f3d911f4ea63e9ddbde53c1f0fd04ba1ea915c11a543e09907623a7_1767064729,0x2c3dce8515854f167dc523745a6b9d98d22ec9266d9f4921f62fd3e4bf1cfa1b,0x23cc4d606d11eefaccb6609195322e1885284f5a,BUY,110290742709531333936637417418570910881285907663357514844586483587588568832794,0.030942828282828284,99.0,1767064729
0x7040b25843e27f1d682a44d2ed632fa360fff71676e7acabe71f6ea0420ee27c_1767064875,0x2c3dce8515854f167dc523745a6b9d98d22ec9266d9f4921f62fd3e4bf1cfa1b,0xa0c53151be00926f97d44d8a5e766aa224d0564d,BUY,110290742709531333936637417418570910881285907663357514844586483587588568832794,0.030999998834241087,805.483869,1767064875
0x8f5d183459a2703a59fde52be37107fb899700da89ec99e865e2ef7304cf17e6_1767064951,0x2c3dce8515854f167dc523745a6b9d98d22ec9266d9f4921f62fd3e4bf1cfa1b,0x97f704f57e01afd4346034921275b5a9caba2c96,SELL,110290742709531333936637417418570910881285907663357514844586483587588568832794,0.020189,30.0,1767064951
0x5083a02392196822fd2f6c64b4129c15ab9c1a0f7103a81d7dcb4f4272ff4eef_1767065077,0x2c3dce8515854f167dc523745a6b9d98d22ec9266d9f4921f62fd3e4bf1cfa1b,0xc4f4f2d987637aaf66b8c89c5501b9da3ec94ccc,SELL,86498068750018438192524977941980476748299785729870940867089250086714498791178,0.9708958026509573,27.16,1767065077
0x8e6868bb19fe9e2551849477debac63e0146a19d69c274b0c33186ba2c362cd8_1767065095,0x2c3dce8515854f167dc523745a6b9d98d22ec9266d9f4921f62fd3e4bf1cfa1b,0x94eb0ee9ff35f5b14f8d3c3be3967e9deba837e6,BUY,86498068750018438192524977941980476748299785729870940867089250086714498791178,0.9791833571428571,280.0,1767065095
0x9b704e1b3b27332c56569df75784f8c016f64fa34005ff2381e9160217b407cd_1767065459,0x2c3dce8515854f167dc523745a6b9d98d22ec9266d9f4921f62fd3e4bf1cfa1b,0x81952b3c77d15887a79ca8b0eb848574a2a334b6,BUY,86498068750018438192524977941980476748299785729870940867089250086714498791178,0.9819997779395255,2.026475,1767065459
0x64d12714cede84f6038c27379f4f893a4f43fb81918000091578c728b1462c95_1767065485,0x2c3dce8515854f167dc523745a6b9d98d22ec9266d9f4921f62fd3e4bf1cfa1b,0x154416db885476210d34fada903452e0d32a6f27,BUY,86498068750018438192524977941980476748299785729870940867089250086714498791178,0.982,73.42,1767065485
0x9505dc887d03c15297dd33758eb788d46cecf723c8221f591a2da99485bddb7d_1767065489,0x2c3dce8515854f167dc523745a6b9d98d22ec9266d9f4921f62fd3e4bf1cfa1b,0x154416db885476210d34fada903452e0d32a6f27,BUY,86498068750018438192524977941980476748299785729870940867089250086714498791178,0.984,6.84,1767065489
0x198a95373b9591b2018a48c3a93a5d3d90357f9a10ee3f6484e923caa0e4f175_1767065499,0x2c3dce8515854f167dc523745a6b9d98d22ec9266d9f4921f62fd3e4bf1cfa1b,0x154416db885476210d34fada903452e0d32a6f27,BUY,86498068750018438192524977941980476748299785729870940867089250086714498791178,0.985,799.27,1767065499
0x3d4d2e6f6847c9c05188e07cc680edbab0b8403336c91c6e501cf05eea655f81_1767065537,0x2c3dce8515854f167dc523745a6b9d98d22ec9266d9f4921f62fd3e4bf1cfa1b,0xd8f3790cc1896d89ed36fc415793e7163eea4c06,BUY,110290742709531333936637417418570910881285907663357514844586483587588568832794,0.02673400585488187,163.462222,1767065537
0x65094b1297b7b743f3f5c76d7e8bb0e77229298c3b02bc5d4bf06ba80d6cf9b8_1767065579,0x2c3dce8515854f167dc523745a6b9d98d22ec9266d9f4921f62fd3e4bf1cfa1b,0x05a056cf635ffa4f2a801825229042c03b4a9785,BUY,110290742709531333936637417418570910881285907663357514844586483587588568832794,0.02869428555713938,174.250688,1767065579
0x834f40133f12c7c162beb82640cab7fff698f4377f1a713030198b3d6726f970_1767065711,0x2c3dce8515854f167dc523745a6b9d98d22ec9266d9f4921f62fd3e4bf1cfa1b,0x43c5a73005470a4ecd3964b06c50e7e5a2c84d00,SELL,110290742709531333936637417418570910881285907663357514844586483587588568832794,0.016972182296618978,452.23,1767065711
0x9f53de3ed844f2a8b481e3664a19960767911342ea0b5745e9d689aa5f403f37_1767065951,0x2c3dce8515854f167dc523745a6b9d98d22ec9266d9f4921f62fd3e4bf1cfa1b,0xaba769c25074421233df52d9a0da018332be8ff1,SELL,86498068750018438192524977941980476748299785729870940867089250086714498791178,0.974,5.0,1767065951
0x1d077f5cace31ff61146bfa210b1f7397f8ad2d3e931f8669b07df2ba1ecee3e_1767066099,0x2c3dce8515854f167dc523745a6b9d98d22ec9266d9f4921f62fd3e4bf1cfa1b,0x94eb0ee9ff35f5b14f8d3c3be3967e9deba837e6,BUY,86498068750018438192524977941980476748299785729870940867089250086714498791178,0.9847850309913654,837.33,1767066099
0x91260654dd7c785814c54f6acc4db3b8a1334f63e0a3fc8e6152320e838f9173_1767066119,0x2c3dce8515854f167dc523745a6b9d98d22ec9266d9f4921f62fd3e4bf1cfa1b,0x27f5966215ad186debf448a2cf62dec4f5021d9b,BUY,110290742709531333936637417418570910881285907663357514844586483587588568832794,0.026845869467574196,37.249641,1767066119
0x2592511ca30c8382c94d4f44598c9a2a8660d33aededbee3a6b11a1ed4483b69_1767066147,0x2c3dce8515854f167dc523745a6b9d98d22ec9266d9f4921f62fd3e4bf1cfa1b,0x27f5966215ad186debf448a2cf62dec4f5021d9b,BUY,110290742709531333936637417418570910881285907663357514844586483587588568832794,0.0289999723629987,34.482757,1767066147
0x023578ba5c8d73634c75202cc95e1615d9feda5818ea293dff5939eb59f86e16_1767066149,0x2c3dce8515854f167dc523745a6b9d98d22ec9266d9f4921f62fd3e4bf1cfa1b,0x5cd5c8d7a17c78d7389d8b87b611aed83322ac33,SELL,110290742709531333936637417418570910881285907663357514844586483587588568832794,0.014290985915492958,142.0,1767066149
0x92d91ce9005635161099a71195718906613ad7b887d4b5252b7eaf0d1917fc78_1767066271,0x2c3dce8515854f167dc523745a6b9d98d22ec9266d9f4921f62fd3e4bf1cfa1b,0x4b7a030f067a7252182464be7b790af76903c218,BUY,86498068750018438192524977941980476748299785729870940867089250086714498791178,0.986,101.0,1767066271
0xcea750df447db009b2e4361000a00f45777057a17f2c751d6c095c104c941e84_1767066305,0x2c3dce8515854f167dc523745a6b9d98d22ec9266d9f4921f62fd3e4bf1cfa1b,0x6d6673d6a14070432201ca247189570d3ddcfc54,SELL,110290742709531333936637417418570910881285907663357514844586483587588568832794,0.015,10.0,1767066305
0x9192aeb49da6deab5b952e39d716bb439ed9dd70e3fd9f0665bf3b054b8bfb76_1767066449,0x2c3dce8515854f167dc523745a6b9d98d22ec9266d9f4921f62fd3e4bf1cfa1b,0x94eb0ee9ff35f5b14f8d3c3be3967e9deba837e6,BUY,86498068750018438192524977941980476748299785729870940867089250086714498791178,0.986,70.78,1767066449
0xe821d912da1333f20807e95506659684a442b24e6ef8ae56edcf62fa3a4020a2_1767066467,0x2c3dce8515854f167dc523745a6b9d98d22ec9266d9f4921f62fd3e4bf1cfa1b,0x631c2b93ff03c21d29b2b73af4ff965e88ea450f,BUY,86498068750018438192524977941980476748299785729870940867089250086714498791178,0.9859999999869832,768.235285,1767066467
0x16c2a621b338e0e77aeb99ff8ac15249db130574e9c81ab068dd99a6a1feb35c_1767066511,0x2c3dce8515854f167dc523745a6b9d98d22ec9266d9f4921f62fd3e4bf1cfa1b,0x96c553092fbfd2de13287b677ed1a85075cc6599,BUY,86498068750018438192524977941980476748299785729870940867089250086714498791178,0.9859999980279835,3.042571,1767066511
0xcd6604e4f3bb35d850fab171c138ce81aa75bb7008f209b86745e7eb4820c74c_1767066563,0x2c3dce8515854f167dc523745a6b9d98d22ec9266d9f4921f62fd3e4bf1cfa1b,0x7457268766256186e8f3edea35c7a8d5688513f0,BUY,110290742709531333936637417418570910881285907663357514844586483587588568832794,0.025853643566680195,38.679229,1767066563
0xff2893d61d1cb2515284b150b1a89e8fb17f19ee6ab05382697eb1a76b62df66_1767066625,0x2c3dce8515854f167dc523745a6b9d98d22ec9266d9f4921f62fd3e4bf1cfa1b,0x77b0b896910b3388e01708521d1f92d1f5c2ba0b,SELL,110290742709531333936637417418570910881285907663357514844586483587588568832794,0.010621770249564469,476.43,1767066625
0xf015a88704f4b3d7cb401d052d421bc7d0d94e7f359e0733689c5271f3d475ab_1767066941,0x2c3dce8515854f167dc523745a6b9d98d22ec9266d9f4921f62fd3e4bf1cfa1b,0x2598d34a681af2dd7730d4e02346472c95d62168,SELL,86498068750018438192524977941980476748299785729870940867089250086714498791178,0.9744514,50.0,1767066941
0x970fb414c81b61a91a49615cadf351c59bf8033841c15aca5581171d25ea62a2_1767066947,0x2c3dce8515854f167dc523745a6b9d98d22ec9266d9f4921f62fd3e4bf1cfa1b,0x2598d34a681af2dd7730d4e02346472c95d62168,BUY,110290742709531333936637417418570910881285907663357514844586483587588568832794,0.023699184210526317,380.0,1767066947
0x6262c944cc22717170b2927fe29bab60a2ced7f887a468793a6fe11d05c02f60_1767066949,0x2c3dce8515854f167dc523745a6b9d98d22ec9266d9f4921f62fd3e4bf1cfa1b,0xe42f020e52f76faee41677ec8d0fa529b1a8be79,BUY,110290742709531333936637417418570910881285907663357514844586483587588568832794,0.0239999997696,4166.666665,1767066949
0x865c85905ea50c039a2765bd580f73cb830c55ff04851fa5489f2816437e614a_1767067059,0x2c3dce8515854f167dc523745a6b9d98d22ec9266d9f4921f62fd3e4bf1cfa1b,0x2d9ad4d1cc6a2f9f786fdb3fd1525328ad747991,BUY,86498068750018438192524977941980476748299785729870940867089250086714498791178,0.988,16.04,1767067059
0xc92f6d4324dbf595ba752b164e4e5824e6a67ce2f287abf36775745d31297700_1767067069,0x2c3dce8515854f167dc523745a6b9d98d22ec9266d9f4921f62fd3e4bf1cfa1b,0x2d9ad4d1cc6a2f9f786fdb3fd1525328ad747991,BUY,86498068750018438192524977941980476748299785729870940867089250086714498791178,0.983,30.0,1767067069
0x1f2ed0ac4809664d60cd57ba5ef4b9d2034f876b2098abadce34410044a1c407_1767067095,0x2c3dce8515854f167dc523745a6b9d98d22ec9266d9f4921f62fd3e4bf1cfa1b,0x631c2b93ff03c21d29b2b73af4ff965e88ea450f,SELL,86498068750018438192524977941980476748299785729870940867089250086714498791178,0.9733754474571418,768.23,1767067095
0x887aa8c1ba8c2bdd7219d4f0e8613013fe7ced1357f2b8b19f3f36578347ddae_1767067133,0x2c3dce8515854f167dc523745a6b9d98d22ec9266d9f4921f62fd3e4bf1cfa1b,0xec3c9891b36ebd1044945ce48ae3cdf6cdf5d68e,SELL,86498068750018438192524977941980476748299785729870940867089250086714498791178,0.973,100.0,1767067133
0xa1d426fdf789b349a3a5ed7b879a554d51e6d396bb85dc7bf2ecb69067b80f32_1767067185,0x2c3dce8515854f167dc523745a6b9d98d22ec9266d9f4921f62fd3e4bf1cfa1b,0x47ab026767cc320ac6e62f6ec747d59cf4d795df,SELL,86498068750018438192524977941980476748299785729870940867089250086714498791178,0.9718779248028698,4432.35,1767067185
0x6fc5e68bc298aaf9df8915f07ee4fcf9cf60a4449835e6f96b982e6b5ffac75a_1767067239,0x2c3dce8515854f167dc523745a6b9d98d22ec9266d9f4921f62fd3e4bf1cfa1b,0x9a3fa403a6666eef75f92f181fcf13f9c051914a,BUY,110290742709531333936637417418570910881285907663357514844586483587588568832794,0.03569080385881724,4340.19,1767067239
0x0418bb27365e8cd518cc3e4aa76a87673c3be448c18eb6a177b5f471b6e0523c_1767067249,0x2c3dce8515854f167dc523745a6b9d98d22ec9266d9f4921f62fd3e4bf1cfa1b,0x43c5a73005470a4ecd3964b06c50e7e5a2c84d00,BUY,110290742709531333936637417418570910881285907663357514844586483587588568832794,0.04076043096070277,165.11111,1767067249
0x402429c350ab2cbede19fa27b0e1108e221b10dac48f21b1ded5a0a8c42064d3_1767067253,0x2c3dce8515854f167dc523745a6b9d98d22ec9266d9f4921f62fd3e4bf1cfa1b,0x9a3fa403a6666eef75f92f181fcf13f9c051914a,BUY,110290742709531333936637417418570910881285907663357514844586483587588568832794,0.045,934.88,1767067253
0x222930651c99c7579bdfcd0c7dea2f7bb1afc052229609ae55492a8ba4acc2d4_1767067257,0x2c3dce8515854f167dc523745a6b9d98d22ec9266d9f4921f62fd3e4bf1cfa1b,0xf51d07914f345c53cb9ce8194472d7ca8d365586,BUY,86498068750018438192524977941980476748299785729870940867089250086714498791178,0.9549999870944762,1.937155,1767067257
0x50a96cc235cb922745a811228d0091dafa4d25c034ab886a08766146bb0a3eee_1767067259,0x2c3dce8515854f167dc523745a6b9d98d22ec9266d9f4921f62fd3e4bf1cfa1b,0x85dfe68799c81169482aad52aabd3d899404fb48,BUY,86498068750018438192524977941980476748299785729870940867089250086714498791178,0.955,20.0,1767067259
0x54d0cf079dfdf5017f7ba3bd5b668081a6c25828378c012f023f92d349269b3f_1767067263,0x2c3dce8515854f167dc523745a6b9d98d22ec9266d9f4921f62fd3e4bf1cfa1b,0x47ab026767cc320ac6e62f6ec747d59cf4d795df,BUY,86498068750018438192524977941980476748299785729870940867089250086714498791178,0.955,143.18,1767067263
0xe855832566411f5ae817cfb917484bd74c0491813d96a68f3863d57888ba1cf6_1767067265,0x2c3dce8515854f167dc523745a6b9d98d22ec9266d9f4921f62fd3e4bf1cfa1b,0x8217b6c8878a4aa4ecc023608dbf91d4fac64936,SELL,86498068750018438192524977941980476748299785729870940867089250086714498791178,0.955,10.49,1767067265
0x63d3efaa0a83a96f49798a6a37f340de55d635fada9be7c0bca0b9b923100067_1767067283,0x2c3dce8515854f167dc523745a6b9d98d22ec9266d9f4921f62fd3e4bf1cfa1b,0x97f704f57e01afd4346034921275b5a9caba2c96,SELL,86498068750018438192524977941980476748299785729870940867089250086714498791178,0.951,9.77,1767067283
0xcb3d5b81b43894afffddd63bcb15eef47734177fa5553f12232b75fcaba090b6_1767067315,0x2c3dce8515854f167dc523745a6b9d98d22ec9266d9f4921f62fd3e4bf1cfa1b,0x97f704f57e01afd4346034921275b5a9caba2c96,BUY,110290742709531333936637417418570910881285907663357514844586483587588568832794,0.048999995372222195,202.040815,1767067315
0xb14029c1f12175228e8e18db6bac483b502f461c6d7228b7b3c1860689e0cf3d_1767067379,0x2c3dce8515854f167dc523745a6b9d98d22ec9266d9f4921f62fd3e4bf1cfa1b,0x55ae6879c6dcc5b2433aef34d2d63b0f7cdbf20e,BUY,86498068750018438192524977941980476748299785729870940867089250086714498791178,0.979,10.0,1767067379
0x522aaee1b9d72f4b43808cd786e26647c11eaf2e922ae369cdde64b191d81d12_1767067397,0x2c3dce8515854f167dc523745a6b9d98d22ec9266d9f4921f62fd3e4bf1cfa1b,0x8217b6c8878a4aa4ecc023608dbf91d4fac64936,BUY,86498068750018438192524977941980476748299785729870940867089250086714498791178,0.979,10.67,1767067397
0x32d74682c64bb9efb64d8a159439fc18c3266757b11be554234797ad5a93c26b_1767067423,0x2c3dce8515854f167dc523745a6b9d98d22ec9266d9f4921f62fd3e4bf1cfa1b,0x631c2b93ff03c21d29b2b73af4ff965e88ea450f,BUY,110290742709531333936637417418570910881285907663357514844586483587588568832794,0.047950065054656765,312.825415,1767067423
0x5e754386e12727c55d96e6910e420e45beedbd4617e4dd277db41506efcfbd0f_1767067519,0x2c3dce8515854f167dc523745a6b9d98d22ec9266d9f4921f62fd3e4bf1cfa1b,0x603eab2a43dc3c9b2399dce0a6310278c06543fe,BUY,110290742709531333936637417418570910881285907663357514844586483587588568832794,0.04598838577055809,434.89239,1767067519
0xd3c7277f7518a238e936e91f3d0ea43a451b3170c878cf558cf9fc2b5a00ebd5_1767067709,0x2c3dce8515854f167dc523745a6b9d98d22ec9266d9f4921f62fd3e4bf1cfa1b,0x9524730737990e1ff8f8f66427ab70a9517101f3,BUY,86498068750018438192524977941980476748299785729870940867089250086714498791178,0.967,10.0,1767067709
0x6bdeab9e38bb04b191461972893b2b33f84bce5b22ae9bd64205477525acd575_1767067773,0x2c3dce8515854f167dc523745a6b9d98d22ec9266d9f4921f62fd3e4bf1cfa1b,0x36da5ca5d1d4b79f1c2ebbb09be8c13834568218,SELL,86498068750018438192524977941980476748299785729870940867089250086714498791178,0.9534488918918919,370.0,1767067773
0xca06cf5015b1c272bc73558c830e172801dd9f134c25c324ae13634c6e1daa3d_1767067787,0x2c3dce8515854f167dc523745a6b9d98d22ec9266d9f4921f62fd3e4bf1cfa1b,0x7d858550e3f39cb2f605b36e5b068a15bcb63a04,SELL,86498068750018438192524977941980476748299785729870940867089250086714498791178,0.953,241.58,1767067787
0x3cc191bd3f8d58b718617236dfb097f93a10c1d235951e6a178305ee27279f05_1767067803,0x2c3dce8515854f167dc523745a6b9d98d22ec9266d9f4921f62fd3e4bf1cfa1b,0x7df61ca342c9b53ba9b4c60745718ed48a77ac3b,SELL,86498068750018438192524977941980476748299785729870940867089250086714498791178,0.953,50.0,1767067803
0x350d298add3ae2fb2d41e40f70c67eb56f090fbc276265205d436cfcc4dc0aa2_1767067873,0x2c3dce8515854f167dc523745a6b9d98d22ec9266d9f4921f62fd3e4bf1cfa1b,0x27f5966215ad186debf448a2cf62dec4f5021d9b,SELL,110290742709531333936637417418570910881285907663357514844586483587588568832794,0.03183658672615728,35.86,1767067873
0xb3ad6da261fb06ae8ad7c88267450228c467c0874011fda192112bfb11fd467d_1767067967,0x2c3dce8515854f167dc523745a6b9d98d22ec9266d9f4921f62fd3e4bf1cfa1b,0x81b48888cc294bebb81ad71f889e7d171f12d86b,BUY,110290742709531333936637417418570910881285907663357514844586483587588568832794,0.047779112667922514,209.296457,1767067967
0xb77eb927f66639d8a2caa9831b90de9cbaf01375f436baa20cd9f6cf799db722_1767067981,0x2c3dce8515854f167dc523745a6b9d98d22ec9266d9f4921f62fd3e4bf1cfa1b,0xa5fda0340959e67ef9de8bc5caf1c502c6f736d1,SELL,86498068750018438192524977941980476748299785729870940867089250086714498791178,0.9518740199054885,378.79,1767067981
0x640bb000cbcf9cc9a05614a643b91ce8ffd8289500964fcd8019dc1824a642c3_1767067983,0x2c3dce8515854f167dc523745a6b9d98d22ec9266d9f4921f62fd3e4bf1cfa1b,0x2598d34a681af2dd7730d4e02346472c95d62168,BUY,86498068750018438192524977941980476748299785729870940867089250086714498791178,0.9759999998401637,50.051208,1767067983
0xf096fae1d700cef90ab9f6757d734a6927253187f99bdaf49fec40a1e7521ed0_1767068073,0x2c3dce8515854f167dc523745a6b9d98d22ec9266d9f4921f62fd3e4bf1cfa1b,0x93392310b9c9ba5c60d64cc7bc46cd878116a56f,BUY,86498068750018438192524977941980476748299785729870940867089250086714498791178,0.97611005,200.0,1767068073
0x694b3c0b046d9411329e4ea59bd84a5a28fb456435196f694a3f74e2b49de2b1_1767068073,0x2c3dce8515854f167dc523745a6b9d98d22ec9266d9f4921f62fd3e4bf1cfa1b,0x93392310b9c9ba5c60d64cc7bc46cd878116a56f,BUY,86498068750018438192524977941980476748299785729870940867089250086714498791178,0.977,150.0,1767068073
0xde0b5badec4d9a64139b07f3c4f2f864da7e2600632e55932c65ec2f338bb9fa_1767068087,0x2c3dce8515854f167dc523745a6b9d98d22ec9266d9f4921f62fd3e4bf1cfa1b,0x93392310b9c9ba5c60d64cc7bc46cd878116a56f,BUY,86498068750018438192524977941980476748299785729870940867089250086714498791178,0.977,522.0,1767068087
0x7defaf690b18004b3663cfc850da5aca49fcc3e7e391cb5dba2f1671240fa12e_1767068093,0x2c3dce8515854f167dc523745a6b9d98d22ec9266d9f4921f62fd3e4bf1cfa1b,0x93392310b9c9ba5c60d64cc7bc46cd878116a56f,BUY,86498068750018438192524977941980476748299785729870940867089250086714498791178,0.977,264.0,1767068093
0x84c874fee893bdb362cbf5e862dfdb09a53d3ba4ce7bb6a06e1543a7025261dc_1767068117,0x2c3dce8515854f167dc523745a6b9d98d22ec9266d9f4921f62fd3e4bf1cfa1b,0x43c5a73005470a4ecd3964b06c50e7e5a2c84d00,BUY,110290742709531333936637417418570910881285907663357514844586483587588568832794,0.048829011057152746,468.164284,1767068117
0x0ef8aa56263a4fc2a37a06b7c776a8b03be9cde3c31c2b0e2239d670f39226c6_1767068183,0x2c3dce8515854f167dc523745a6b9d98d22ec9266d9f4921f62fd3e4bf1cfa1b,0x3ca00d4c7506cd90c3f9486e42af87832add2c0c,BUY,110290742709531333936637417418570910881285907663357514844586483587588568832794,0.047999991167999856,104.166665,1767068183
0xf2d018bca12801488d45711026efbb5e84e08c6e31d5504deceb54b07b0c9285_1767068189,0x2c3dce8515854f167dc523745a6b9d98d22ec9266d9f4921f62fd3e4bf1cfa1b,0x631c2b93ff03c21d29b2b73af4ff965e88ea450f,SELL,110290742709531333936637417418570910881285907663357514844586483587588568832794,0.023095901796560323,312.82,1767068189
0xf8d4c6d413fb6f22589ec8fed69fb59d0ab8324e0e5e81ea0a48ee5ff8e7385c_1767068359,0x2c3dce8515854f167dc523745a6b9d98d22ec9266d9f4921f62fd3e4bf1cfa1b,0x27f5966215ad186debf448a2cf62dec4f5021d9b,SELL,110290742709531333936637417418570910881285907663357514844586483587588568832794,0.025,35.87,1767068359
0x5445e756456330056c3685bdec40d2d3e22d7db8751e3c43e920ab1686b61502_1767068527,0x2c3dce8515854f167dc523745a6b9d98d22ec9266d9f4921f62fd3e4bf1cfa1b,0xa8db1acf83d9a28cf1c892af6b493ee0bd47bbdd,BUY,110290742709531333936637417418570910881285907663357514844586483587588568832794,0.04729061861243817,42.291665,1767068527
0xe63e916169d8e7bdb6d0b8ad1fd3a6e48406a33629d7d1ba721d342d539c87cc_1767068761,0x2c3dce8515854f167dc523745a6b9d98d22ec9266d9f4921f62fd3e4bf1cfa1b,0x9d12d54266643f08e660281a08e044627569bdf6,BUY,86498068750018438192524977941980476748299785729870940867089250086714498791178,0.9747739686228937,103.26,1767068761
0x2e6a47b5e793f96a63f4641f3c1886cc3cfe7355d6cdf87f8b9e70028df60fd3_1767068801,0x2c3dce8515854f167dc523745a6b9d98d22ec9266d9f4921f62fd3e4bf1cfa1b,0x945a49252f772a10c6ddd1d1e1e24ee20438a48c,SELL,110290742709531333936637417418570910881285907663357514844586483587588568832794,0.023,1.53,1767068801
0x5d77d433fc1a8c8e1543082e342c8a16d21967d6c4c986f56e11bc36df084f3c_1767068869,0x2c3dce8515854f167dc523745a6b9d98d22ec9266d9f4921f62fd3e4bf1cfa1b,0x9d12d54266643f08e660281a08e044627569bdf6,BUY,86498068750018438192524977941980476748299785729870940867089250086714498791178,0.9767796990195333,789.42,1767068869
0x0fe97948273f534ac41680f64d06a370ab14a5be00f053376f83bfc0535108f6_1767068941,0x2c3dce8515854f167dc523745a6b9d98d22ec9266d9f4921f62fd3e4bf1cfa1b,0x6a18684784e80cdbf458218d75ad8f45c99dfe45,SELL,86498068750018438192524977941980476748299785729870940867089250086714498791178,0.9572084491384102,143.92,1767068941
0xa8e0d9c12904bf1464e4c30ed88ad2e84730bb30ed9afa0798d91333de0a154a_1767068967,0x2c3dce8515854f167dc523745a6b9d98d22ec9266d9f4921f62fd3e4bf1cfa1b,0x9d12d54266643f08e660281a08e044627569bdf6,BUY,86498068750018438192524977941980476748299785729870940867089250086714498791178,0.963,30.0,1767068967
0x6015b7e434bd5f7571a8de97988b740fc7653acbbd2f905ae71b80fcf64fef65_1767068983,0x2c3dce8515854f167dc523745a6b9d98d22ec9266d9f4921f62fd3e4bf1cfa1b,0x0f7a66e2a445431787deeb24ee4483b80fccd37e,BUY,110290742709531333936637417418570910881285907663357514844586483587588568832794,0.043,89.99,1767068983
0x3fa28aa921c11fa8a25c22706c6b62752a2e5da6c67049bfba56e4ab1c5f51a8_1767069009,0x2c3dce8515854f167dc523745a6b9d98d22ec9266d9f4921f62fd3e4bf1cfa1b,0x9d12d54266643f08e660281a08e044627569bdf6,BUY,86498068750018438192524977941980476748299785729870940867089250086714498791178,0.957,10.01,1767069009
0xe4517506fd5fede450297282f24e45fe458c19a3aaba2d9480213a60330988b5_1767069021,0x2c3dce8515854f167dc523745a6b9d98d22ec9266d9f4921f62fd3e4bf1cfa1b,0x0f7a66e2a445431787deeb24ee4483b80fccd37e,BUY,110290742709531333936637417418570910881285907663357514844586483587588568832794,0.044,150.0,1767069021
0xb052c9ba8171ebf74d1ffc7baee68e26c3b0adf4c85caf069e496b9325ea2fd5_1767069027,0x2c3dce8515854f167dc523745a6b9d98d22ec9266d9f4921f62fd3e4bf1cfa1b,0x9d12d54266643f08e660281a08e044627569bdf6,BUY,86498068750018438192524977941980476748299785729870940867089250086714498791178,0.9617503744383424,120.18,1767069027
0x613018d51b94dd8644d00543cf1cf8820534fd9fbffe0f5d56dd8720597f6577_1767069041,0x2c3dce8515854f167dc523745a6b9d98d22ec9266d9f4921f62fd3e4bf1cfa1b,0xedfd9ed01d69a223faa8accff75f58b6e523e425,SELL,110290742709531333936637417418570910881285907663357514844586483587588568832794,0.037,61.94,1767069041
0xbcfc36bf275f7a1d4f10051174e4d2a26a123222b3193f2bf228fd5ee847405d_1767069057,0x2c3dce8515854f167dc523745a6b9d98d22ec9266d9f4921f62fd3e4bf1cfa1b,0x97f704f57e01afd4346034921275b5a9caba2c96,SELL,110290742709531333936637417418570910881285907663357514844586483587588568832794,0.036148392591015543,187.88,1767069057
0x2c7e603f264767be1f761dd70f7d7b3af09b6a967338aa72c296d59afa8f5817_1767069095,0x2c3dce8515854f167dc523745a6b9d98d22ec9266d9f4921f62fd3e4bf1cfa1b,0x97f704f57e01afd4346034921275b5a9caba2c96,BUY,110290742709531333936637417418570910881285907663357514844586483587588568832794,0.04299996061199669,23.255812,1767069095
0x99649917752388465c6486a1c1117d5eecdc3ff5fe36b9ef6fa042d05716333b_1767069355,0x2c3dce8515854f167dc523745a6b9d98d22ec9266d9f4921f62fd3e4bf1cfa1b,0xbacd00c9080a82ded56f504ee8810af732b0ab35,BUY,86498068750018438192524977941980476748299785729870940867089250086714498791178,0.9823561166502606,1655.89,1767069355
0x59b5d1061d57287ddce6ad637feb3a980aa852de6d5b9cb60622e05fc6df113f_1767069357,0x2c3dce8515854f167dc523745a6b9d98d22ec9266d9f4921f62fd3e4bf1cfa1b,0xbacd00c9080a82ded56f504ee8810af732b0ab35,BUY,86498068750018438192524977941980476748299785729870940867089250086714498791178,0.9943500336842105,2375.0,1767069357
0x0137d623e004fb24968a57df960812db5a4e8f5e214a3a501bdba94faf2017a9_1767069359,0x2c3dce8515854f167dc523745a6b9d98d22ec9266d9f4921f62fd3e4bf1cfa1b,0xee058ce9380740b35cebffe26561e6f0288839db,SELL,86498068750018438192524977941980476748299785729870940867089250086714498791178,0.997,10.0,1767069359
0x5a99a01acf82983f01316ed0a36ebe71d38e6237a89d5e47fab9167d93230983_1767069359,0x2c3dce8515854f167dc523745a6b9d98d22ec9266d9f4921f62fd3e4bf1cfa1b,0x76de9c6f676a0419c3accdde90dd68d8a666c176,SELL,86498068750018438192524977941980476748299785729870940867089250086714498791178,0.997,10.0,1767069359
0x4bcc08454238fdc45441c1cd651dac125795beb866d5312860fe25c566d22d7a_1767069359,0x2c3dce8515854f167dc523745a6b9d98d22ec9266d9f4921f62fd3e4bf1cfa1b,0x0f1df8d729aeef18362314b03f6448359e262762,SELL,86498068750018438192524977941980476748299785729870940867089250086714498791178,0.997,10.0,1767069359
0x57c0536b72cbcc354f11d90e9b5e6dd18651b888bd3a60955e902b9c5832307a_1767069363,0x2c3dce8515854f167dc523745a6b9d98d22ec9266d9f4921f62fd3e4bf1cfa1b,0xf51d07914f345c53cb9ce8194472d7ca8d365586,SELL,86498068750018438192524977941980476748299785729870940867089250086714498791178,0.963,1.93,1767069363
0x2577b11b7f2b0136cb70ec09e99d69b999d211063821f8518b1617ff74956c5a_1767069367,0x2c3dce8515854f167dc523745a6b9d98d22ec9266d9f4921f62fd3e4bf1cfa1b,0xbacd00c9080a82ded56f504ee8810af732b0ab35,BUY,86498068750018438192524977941980476748299785729870940867089250086714498791178,0.97,196.63,1767069367
0x69eb4e484872515d6ce2621a31abcce2a665c05cd8a5561451b6fd4537e657a9_1767069375,0x2c3dce8515854f167dc523745a6b9d98d22ec9266d9f4921f62fd3e4bf1cfa1b,0xfc3381cc84fecd26e87c9ef05020b7ba712e9636,BUY,86498068750018438192524977941980476748299785729870940867089250086714498791178,0.9978299672706953,25.054,1767069375
0x7f01790f445e0b84074dbf71da5af54b9b80e4c6a46879314920bd10c202838b_1767069375,0x2c3dce8515854f167dc523745a6b9d98d22ec9266d9f4921f62fd3e4bf1cfa1b,0xfc3381cc84fecd26e87c9ef05020b7ba712e9636,BUY,86498068750018438192524977941980476748299785729870940867089250086714498791178,0.997,25.075,1767069375
0xf9baefa06dc8b555ea114db8238f428229eca99098ad73f6cbbbb9339d3f0676_1767069449,0x2c3dce8515854f167dc523745a6b9d98d22ec9266d9f4921f62fd3e4bf1cfa1b,0xbed861c6d5ebabc7166264b7c8baa359913afd44,BUY,86498068750018438192524977941980476748299785729870940867089250086714498791178,0.9819999998332295,71.955166,1767069449
0x22341aa6245240bdd50a12dbab56040971777edd7d8326e665aace48acaf9428_1767069467,0x2c3dce8515854f167dc523745a6b9d98d22ec9266d9f4921f62fd3e4bf1cfa1b,0xfc3381cc84fecd26e87c9ef05020b7ba712e9636,BUY,86498068750018438192524977941980476748299785729870940867089250086714498791178,0.9819999987634814,9.704666,1767069467
0x183321aaf1a903385bbf0183eb1d4a05faac322fa77889451d2b00565271cbbe_1767069541,0x2c3dce8515854f167dc523745a6b9d98d22ec9266d9f4921f62fd3e4bf1cfa1b,0x4dbb4eb0dfd82caf580f674e95484809a36ac96a,BUY,110290742709531333936637417418570910881285907663357514844586483587588568832794,0.02242339840364367,78.043478,1767069541
0x07683aa6add1d787af3310b252898fb861cd30b4b6b9b165238a6e33bb446779_1767069771,0x2c3dce8515854f167dc523745a6b9d98d22ec9266d9f4921f62fd3e4bf1cfa1b,0xbae242171969618fe17f12170445b370505a05f2,SELL,110290742709531333936637417418570910881285907663357514844586483587588568832794,0.018,209.66,1767069771
0x0708c17a898c86a390d4fd0e61fe9525ee87ababec4d6183b40a018e4443ef30_1767069809,0x2c3dce8515854f167dc523745a6b9d98d22ec9266d9f4921f62fd3e4bf1cfa1b,0x5a6d657a0590ab203798e002b71dfa9d95c09a9d,BUY,86498068750018438192524977941980476748299785729870940867089250086714498791178,0.9969333333333333,75.0,1767069809
0xe42f2b935be3a9ac88e07ad93014613e1e47a60fd5685c3d1fef483465fd9e21_1767069811,0x2c3dce8515854f167dc523745a6b9d98d22ec9266d9f4921f62fd3e4bf1cfa1b,0x18e4528a5f4d4a6fa88c28910993d97654296437,BUY,86498068750018438192524977941980476748299785729870940867089250086714498791178,0.997,90.0,1767069811
0x969288062de58cc4faab78486dddddc877afbe42beb8c8cc2e328484eacf7586_1767069815,0x2c3dce8515854f167dc523745a6b9d98d22ec9266d9f4921f62fd3e4bf1cfa1b,0x16fa6ffd383885e5242912f44497b7f714e8b701,BUY,86498068750018438192524977941980476748299785729870940867089250086714498791178,0.996,100.0,1767069815
0xde74ba36ee7d525a5cd136f3d552a4ad96f37d436fc7d359e63a87199fdf1fd6_1767069829,0x2c3dce8515854f167dc523745a6b9d98d22ec9266d9f4921f62fd3e4bf1cfa1b,0x07e0bdbc1f4d94c749ca35cdc2c59686ecfa4662,BUY,86498068750018438192524977941980476748299785729870940867089250086714498791178,0.996,50.0,1767069829
0x05b7a903a5f7818bd5e59c79259a64cc8d23134f335746a610a3775a1acae738_1767069829,0x2c3dce8515854f167dc523745a6b9d98d22ec9266d9f4921f62fd3e4bf1cfa1b,0xbfb84cc3d579dc131c51f6da5bb5a90cc305d540,BUY,86498068750018438192524977941980476748299785729870940867089250086714498791178,0.9964482,100.0,1767069829
0x0528b7a11295d604bd9e2feba34378932e9dec652548c93406698266cef90fc9_1767069829,0x2c3dce8515854f167dc523745a6b9d98d22ec9266d9f4921f62fd3e4bf1cfa1b,0x46dcd6a4404bca73eae49ef273fff956eb984654,BUY,86498068750018438192524977941980476748299785729870940867089250086714498791178,0.996,10.0,1767069829
0x161b31531ec080a223d7d4403279f40838e86a0fccc0982e8347058633d7e10e_1767069831,0x2c3dce8515854f167dc523745a6b9d98d22ec9266d9f4921f62fd3e4bf1cfa1b,0x1472ca4facce2c972bab3811a64beeb113ce5f3e,SELL,86498068750018438192524977941980476748299785729870940867089250086714498791178,0.992,10.0,1767069831
0xd39a0d780937795810a493664d5f4442a21b9e78d36d4b71248b22bdb3590e86_1767069947,0x2c3dce8515854f167dc523745a6b9d98d22ec9266d9f4921f62fd3e4bf1cfa1b,0x9aeb534c42b58b21673d5e03e9da14fbd15b2729,SELL,110290742709531333936637417418570910881285907663357514844586483587588568832794,0.003050324480745193,1168.02,1767069947
0xcd97a3a77534c27b6c1fe9845baa13062ca130bb0147552aaf25849b28f88c85_1767069957,0x2c3dce8515854f167dc523745a6b9d98d22ec9266d9f4921f62fd3e4bf1cfa1b,0xad0a15d44623116ac564eb3f1d5ac33c6d3b7898,BUY,110290742709531333936637417418570910881285907663357514844586483587588568832794,0.00996303415643945,202.89,1767069957
0x2e75fc5a1ed9561d175b878c8af77ae7f3411b15c6f779e27d80362a26071f43_1767070555,0x2c3dce8515854f167dc523745a6b9d98d22ec9266d9f4921f62fd3e4bf1cfa1b,0x4d0e9b029700163625c551a0073636f3dc5ec45b,BUY,86498068750018438192524977941980476748299785729870940867089250086714498791178,0.9959944591686906,1082.87,1767070555
0x117bc431bd73ea69078729fa2f2d9d981cd0554cedc6a99294ff7695470becca_1767070811,0x2c3dce8515854f167dc523745a6b9d98d22ec9266d9f4921f62fd3e4bf1cfa1b,0x2939359c5fc2b3221e2d87d440282e07539ae083,BUY,86498068750018438192524977941980476748299785729870940867089250086714498791178,0.996,300.3,1767070811
0x9d8e5ada10be22bee9acc311dcc25fe03e98a748425c5eaae9d9bc33b31b1f3c_1767070811,0x2c3dce8515854f167dc523745a6b9d98d22ec9266d9f4921f62fd3e4bf1cfa1b,0x2939359c5fc2b3221e2d87d440282e07539ae083,BUY,86498068750018438192524977941980476748299785729870940867089250086714498791178,0.996,100.2,1767070811
0x42eef21b5f4c19c37cd0ff224a5c4279ce562b58962a1bcc9bdd5817d7857afb_1767071009,0x2c3dce8515854f167dc523745a6b9d98d22ec9266d9f4921f62fd3e4bf1cfa1b,0xcee853c7b514aaf5e892a0100105f5d5ffb8cf81,BUY,110290742709531333936637417418570910881285907663357514844586483587588568832794,0.006000000024,166.666666,1767071009
0x841c30a0ff22fe104525d1b7b7b216529ef3bb368817c91a40259300a36d4c8a_1767071017,0x2c3dce8515854f167dc523745a6b9d98d22ec9266d9f4921f62fd3e4bf1cfa1b,0x154416db885476210d34fada903452e0d32a6f27,BUY,86498068750018438192524977941980476748299785729870940867089250086714498791178,0.996,1001.0,1767071017
0x7251d0f63476658ca3b47e013596193de857b513a3e2fdeebd9e6546cc0de9ab_1767071069,0x2c3dce8515854f167dc523745a6b9d98d22ec9266d9f4921f62fd3e4bf1cfa1b,0x47ab026767cc320ac6e62f6ec747d59cf4d795df,SELL,86498068750018438192524977941980476748299785729870940867089250086714498791178,0.9934566544995086,284.92,1767071069
0xf8c44dd3e44b9547ee71e5d35b32026fdaea9b96c42711f56a93bf078608bc8e_1767071123,0x2c3dce8515854f167dc523745a6b9d98d22ec9266d9f4921f62fd3e4bf1cfa1b,0x43a890366af85f81a908641e513b8368879786c6,SELL,86498068750018438192524977941980476748299785729870940867089250086714498791178,0.9868,10.0,1767071123
0x592d6f7a2aaf812208901930f714df7f3eb2ba8ac34f55bbd874de25d1fe21af_1767071153,0x2c3dce8515854f167dc523745a6b9d98d22ec9266d9f4921f62fd3e4bf1cfa1b,0x8217b6c8878a4aa4ecc023608dbf91d4fac64936,SELL,86498068750018438192524977941980476748299785729870940867089250086714498791178,0.983,10.26,1767071153
0x6de59627da0c3d20692f883afaa019902732d5ea5c0d919140cb150a8646fe9a_1767071527,0x2c3dce8515854f167dc523745a6b9d98d22ec9266d9f4921f62fd3e4bf1cfa1b,0xedf3d0678e238fb685960523c43f7b3fe82d5eaa,BUY,86498068750018438192524977941980476748299785729870940867089250086714498791178,0.993,8.75,1767071527
0xc2e4b95ba232a819421e988f67d7c27050e4b2bc96d8251faabe6f946d2de8d2_1767071617,0x2c3dce8515854f167dc523745a6b9d98d22ec9266d9f4921f62fd3e4bf1cfa1b,0xf0b0ef1d6320c6be896b4c9c54dd74407e7f8cab,SELL,86498068750018438192524977941980476748299785729870940867089250086714498791178,0.984,1.36,1767071617
0x15cd4657866d87f42aa0042ea1b433935097c3c1043af3f805fb709fb29f11e1_1767071617,0x2c3dce8515854f167dc523745a6b9d98d22ec9266d9f4921f62fd3e4bf1cfa1b,0xe208cc02257cbc5570e0ddd0a631afab1d934e40,SELL,86498068750018438192524977941980476748299785729870940867089250086714498791178,0.984,7.29,1767071617
0x05d5fe661baa51355e59abb869be09079b98ca4a600669cdc6d0b2c0f6894c17_1767071729,0x2c3dce8515854f167dc523745a6b9d98d22ec9266d9f4921f62fd3e4bf1cfa1b,0x4fc5a1ca0a83a7cbcea1b44c1b98849500de9207,BUY,110290742709531333936637417418570910881285907663357514844586483587588568832794,0.01799998250399951,55.555554,1767071729
0xebc12699962bedd5327c02382377baf765447f89cfbdf4e5db05523af664eca4_1767071739,0x2c3dce8515854f167dc523745a6b9d98d22ec9266d9f4921f62fd3e4bf1cfa1b,0x5b0c60871d8d45431b1bb502ee1db01f9fea10eb,BUY,86498068750018438192524977941980476748299785729870940867089250086714498791178,0.9829999913495966,5.086468,1767071739
0xd5457af0fc4b894dc95bff96388558e6fa286e224e1c5f942c1a23b9e6994417_1767071843,0x2c3dce8515854f167dc523745a6b9d98d22ec9266d9f4921f62fd3e4bf1cfa1b,0xc682d7943aad07c246986a7aa2989cfcb17817bb,SELL,86498068750018438192524977941980476748299785729870940867089250086714498791178,0.982,399.31,1767071843
0xcdb537fc70d2541fc881844761dd32315204032a0c6f3f026f38001287c3efcc_1767071871,0x2c3dce8515854f167dc523745a6b9d98d22ec9266d9f4921f62fd3e4bf1cfa1b,0x77b61b96b30a36b885aa8280522a7cabf5e47fec,BUY,86498068750018438192524977941980476748299785729870940867089250086714498791178,0.983,103.81,1767071871
0x0bb8005ec030d88aeb7596829cd5c058b6bc1b441b5fed568ebc94811211d537_1767073107,0x2c3dce8515854f167dc523745a6b9d98d22ec9266d9f4921f62fd3e4bf1cfa1b,0xd31db9247536cb4dad71b608042e0c60af7fe898,SELL,86498068750018438192524977941980476748299785729870940867089250086714498791178,0.986,6.25,1767073107
0x84b3cd72d11932033d3ebe92380203f7d95499ebcba67e88fc2cba123c8cd6be_1767073261,0x2c3dce8515854f167dc523745a6b9d98d22ec9266d9f4921f62fd3e4bf1cfa1b,0x2939359c5fc2b3221e2d87d440282e07539ae083,BUY,86498068750018438192524977941980476748299785729870940867089250086714498791178,0.9957181152181153,300.3,1767073261
0x7768a7ecc916b5e6cefeddfbd40948da7433b5ef56bb7b222703ece70dab7469_1767073261,0x2c3dce8515854f167dc523745a6b9d98d22ec9266d9f4921f62fd3e4bf1cfa1b,0x2939359c5fc2b3221e2d87d440282e07539ae083,BUY,86498068750018438192524977941980476748299785729870940867089250086714498791178,0.996,100.2,1767073261
0x0738fba54a765949b9d6c5cd993dfdc46cc3ed248ae036e1912871d92c2aae5d_1767073323,0x2c3dce8515854f167dc523745a6b9d98d22ec9266d9f4921f62fd3e4bf1cfa1b,0x02a17a92e6f673129b37d95359c7af628a3cdd72,SELL,86498068750018438192524977941980476748299785729870940867089250086714498791178,0.9825851648351648,273.0,1767073323
0x817afb2a13eef9f897eb06b14293e63e749086380e6b82d657ffa6fd54bae969_1767073385,0x2c3dce8515854f167dc523745a6b9d98d22ec9266d9f4921f62fd3e4bf1cfa1b,0xa5d4c571fd9a838bb2fef9a4b65e6c2d6c8f2c02,SELL,110290742709531333936637417418570910881285907663357514844586483587588568832794,0.012,2.7,1767073385
0xbeac8713efd8761fe651be6fbb48ffc0d9a62cca71f4a074a84b06cd5889bba8_1767073391,0x2c3dce8515854f167dc523745a6b9d98d22ec9266d9f4921f62fd3e4bf1cfa1b,0xf0b0ef1d6320c6be896b4c9c54dd74407e7f8cab,SELL,86498068750018438192524977941980476748299785729870940867089250086714498791178,0.988,30.0,1767073391
0xb20a48de6feb692ff28f2031dcc5cca3351c1d6d691758a4e2daadcf4f596938_1767073391,0x2c3dce8515854f167dc523745a6b9d98d22ec9266d9f4921f62fd3e4bf1cfa1b,0x3e5630959499c5b5e55aceeeeae7446933d335d5,SELL,110290742709531333936637417418570910881285907663357514844586483587588568832794,0.012,30.39,1767073391
0xd50bd9bd1b34adcd6990af1a2dca2aaa496d40b46cf3a8365f6ce27b888b2dde_1767073403,0x2c3dce8515854f167dc523745a6b9d98d22ec9266d9f4921f62fd3e4bf1cfa1b,0xd55333867a11c158026c01e373c4fa8abc9f6af5,SELL,110290742709531333936637417418570910881285907663357514844586483587588568832794,0.01,1000.0,1767073403
0xceb62f01a5d5ddf9978b571ed3a9469f03f05d116da03a17ef1b3ce04cbb1771_1767073405,0x2c3dce8515854f167dc523745a6b9d98d22ec9266d9f4921f62fd3e4bf1cfa1b,0x4b9afb568c06368c92c8d734e8f8972b9a6bb04f,SELL,86498068750018438192524977941980476748299785729870940867089250086714498791178,0.9901002848830162,329.96,1767073405
0x310fef20c1537b116eb0ca20f9aababebe5e2aa554f93e8fa4e296bba885a176_1767073417,0x2c3dce8515854f167dc523745a6b9d98d22ec9266d9f4921f62fd3e4bf1cfa1b,0x0c3c6cedfc55e5977fd9ad1221b75d25c62a5eea,BUY,86498068750018438192524977941980476748299785729870940867089250086714498791178,0.993,5.0,1767073417
0x7d267864f77fc79a0a7dd3eb41fbc9ca06ff8b76ccb8b29c549fa903b245f2fb_1767073455,0x2c3dce8515854f167dc523745a6b9d98d22ec9266d9f4921f62fd3e4bf1cfa1b,0xd55333867a11c158026c01e373c4fa8abc9f6af5,SELL,110290742709531333936637417418570910881285907663357514844586483587588568832794,0.007,44.97,1767073455
0xbe8facbfdb4e115fca2d0c2b8f1527fdbb25f8339bcff95e06909524338ac82f_1767073477,0x2c3dce8515854f167dc523745a6b9d98d22ec9266d9f4921f62fd3e4bf1cfa1b,0x4b9afb568c06368c92c8d734e8f8972b9a6bb04f,SELL,110290742709531333936637417418570910881285907663357514844586483587588568832794,0.007,3.05,1767073477
0x23d9bd2208f10941177930d5b282bb91ba5f934b7ea4efefdd8b1138a304b5c5_1767073673,0x2c3dce8515854f167dc523745a6b9d98d22ec9266d9f4921f62fd3e4bf1cfa1b,0xf0729143cbf9ade46743017ec4e1832a3564cee7,SELL,110290742709531333936637417418570910881285907663357514844586483587588568832794,0.015,225.06,1767073673
0x6193ba0130e704a809bf5a532dcdc8b38e9f222316c41cda3d93f094344e2d71_1767073711,0x2c3dce8515854f167dc523745a6b9d98d22ec9266d9f4921f62fd3e4bf1cfa1b,0xbacd00c9080a82ded56f504ee8810af732b0ab35,BUY,86498068750018438192524977941980476748299785729870940867089250086714498791178,0.9960606468379091,10589.67,1767073711
0xddd896e206182c2f33489889237b736e372f12f0429f30438f3081c47c98367b_1767073727,0x2c3dce8515854f167dc523745a6b9d98d22ec9266d9f4921f62fd3e4bf1cfa1b,0xfc3381cc84fecd26e87c9ef05020b7ba712e9636,BUY,86498068750018438192524977941980476748299785729870940867089250086714498791178,0.997,25.075,1767073727
0xc64b7ef089d35569b8246b3a032265f524a6f35c174e6dba51f3a6e375bb79ef_1767074059,0x2c3dce8515854f167dc523745a6b9d98d22ec9266d9f4921f62fd3e4bf1cfa1b,0xf9f207b77137caa79c6c4516abdef3133db45cba,BUY,110290742709531333936637417418570910881285907663357514844586483587588568832794,0.003,174.5,1767074059
0x45c8279a8e4bc537ae9d027605f794e3ecb51a055f18add29d76851a8f192eb3_1767074333,0x2c3dce8515854f167dc523745a6b9d98d22ec9266d9f4921f62fd3e4bf1cfa1b,0x57b00c3ccef1b6bd6962fb9ca463c4e0b38e76f4,BUY,86498068750018438192524977941980476748299785729870940867089250086714498791178,0.997,500.0,1767074333
0x899ab9f8828fe9550fa345d4129a6ff087657bc5a517dcda09f81cf6eba086dd_1767074583,0x2c3dce8515854f167dc523745a6b9d98d22ec9266d9f4921f62fd3e4bf1cfa1b,0x016c683d70b0bf712b56aef28c0c18280d2eae19,SELL,86498068750018438192524977941980476748299785729870940867089250086714498791178,0.996,33.29,1767074583
0x36db25c2063e8cded896466d1448c7d69a7a3ac0281e86ccd02da3a6961cbb09_1767074651,0x2c3dce8515854f167dc523745a6b9d98d22ec9266d9f4921f62fd3e4bf1cfa1b,0xef5ebdaac0a8423aa943d1ccc3b5c64550faf44a,BUY,86498068750018438192524977941980476748299785729870940867089250086714498791178,0.997,2.006,1767074651
0x37412630b697becc4487332ec01bafaac7153f1066fd419b88af73c3e0f14dd8_1767074669,0x2c3dce8515854f167dc523745a6b9d98d22ec9266d9f4921f62fd3e4bf1cfa1b,0xa234bdc751080ba6c4d2c7462523dbc27791f7eb,BUY,86498068750018438192524977941980476748299785729870940867089250086714498791178,0.997,500.0,1767074669
0x9acf783fa904149c0f89272980f16e1d3b02dd8116e8e9b184affd3ac2bd94c3_1767074701,0x2c3dce8515854f167dc523745a6b9d98d22ec9266d9f4921f62fd3e4bf1cfa1b,0x6233acb64b3afcccb38c73468dbfedb28ea55cb2,SELL,86498068750018438192524977941980476748299785729870940867089250086714498791178,0.996,36.9,1767074701
0x209a756740c1865176e82d6e6b7626a36ebd44748ccd2942dc6b3c5dfc53eda7_1767074739,0x2c3dce8515854f167dc523745a6b9d98d22ec9266d9f4921f62fd3e4bf1cfa1b,0x56b08259f4bc945c72057018de536a675b1e95c0,SELL,86498068750018438192524977941980476748299785729870940867089250086714498791178,0.996,22.9,1767074739
0x0a2443f5928d8444fad684625bd7b1b3e5dbd899012addaeb05a033792e2c50b_1767074785,0x2c3dce8515854f167dc523745a6b9d98d22ec9266d9f4921f62fd3e4bf1cfa1b,0xf9f207b77137caa79c6c4516abdef3133db45cba,BUY,110290742709531333936637417418570910881285907663357514844586483587588568832794,0.004,481.78,1767074785
0x0376f30df9b227722632d9b3472c3ce690b276dfc68643a834670a4a4f095d80_1767074859,0x2c3dce8515854f167dc523745a6b9d98d22ec9266d9f4921f62fd3e4bf1cfa1b,0xfc4da09b7f06c9779d4f3bce0eca6d9637316fd9,BUY,86498068750018438192524977941980476748299785729870940867089250086714498791178,0.996,60.24,1767074859
0xecfa0c2ab85cc09a1c4783dee0a001a4307c29903a2b60c0d72bd619d3153712_1767074875,0x2c3dce8515854f167dc523745a6b9d98d22ec9266d9f4921f62fd3e4bf1cfa1b,0x2598d34a681af2dd7730d4e02346472c95d62168,SELL,86498068750018438192524977941980476748299785729870940867089250086714498791178,0.995,50.0,1767074875
0xad2e4e1effcd944323ce36fcc1db27248eadd252d557bec4b2fb1f10a4c29d9c_1767074879,0x2c3dce8515854f167dc523745a6b9d98d22ec9266d9f4921f62fd3e4bf1cfa1b,0x2598d34a681af2dd7730d4e02346472c95d62168,BUY,110290742709531333936637417418570910881285907663357514844586483587588568832794,0.007595030303030303,1320.0,1767074879
0x6f3bb6894da5e97b4eeab09d1f0944249ab6d4411d8b7abbd2fd73ad0d17fe3d_1767074907,0x2c3dce8515854f167dc523745a6b9d98d22ec9266d9f4921f62fd3e4bf1cfa1b,0xeec50edede5d961efb02e20bfd3275dd1e7fb6fe,BUY,86498068750018438192524977941980476748299785729870940867089250086714498791178,0.995,110.08,1767074907
0xcb7f45f3e75c65834381a48993b74104c844ef7ab01a63d199a0f28d4aa967c5_1767074999,0x2c3dce8515854f167dc523745a6b9d98d22ec9266d9f4921f62fd3e4bf1cfa1b,0x57b00c3ccef1b6bd6962fb9ca463c4e0b38e76f4,SELL,86498068750018438192524977941980476748299785729870940867089250086714498791178,0.99127238,1000.0,1767074999
0xbe04083d3c6f436944f88fc793bb790adea4ee9a6b5bcf74379fa72edfe14674_1767075001,0x2c3dce8515854f167dc523745a6b9d98d22ec9266d9f4921f62fd3e4bf1cfa1b,0xeec50edede5d961efb02e20bfd3275dd1e7fb6fe,BUY,110290742709531333936637417418570910881285907663357514844586483587588568832794,0.009985620706183097,2002.88,1767075001
0x0a4edce957d5ff0e5dd9ad61965160b07ebbc1cc08a6b1889d4f1d54db7af517_1767075007,0x2c3dce8515854f167dc523745a6b9d98d22ec9266d9f4921f62fd3e4bf1cfa1b,0x3e5630959499c5b5e55aceeeeae7446933d335d5,SELL,110290742709531333936637417418570910881285907663357514844586483587588568832794,0.005,32.46,1767075007
0xb3ebccf40ab358eeef23a7d84bb1d8d87abd4f73285454b0ff3f5f61fa3b6377_1767075007,0x2c3dce8515854f167dc523745a6b9d98d22ec9266d9f4921f62fd3e4bf1cfa1b,0xeec50edede5d961efb02e20bfd3275dd1e7fb6fe,BUY,110290742709531333936637417418570910881285907663357514844586483587588568832794,0.010983524175269795,1820.909089,1767075007
0x1f00fd8d79acc2feb15e9792504b51f106d91560fc6c336bff4cd8e85dadcef3_1767075037,0x2c3dce8515854f167dc523745a6b9d98d22ec9266d9f4921f62fd3e4bf1cfa1b,0x1e962d5c0303af3d790b562926e04deb6d246373,SELL,86498068750018438192524977941980476748299785729870940867089250086714498791178,0.9890881407637413,367.14,1767075037
0xa4f79c3290eee6bdfdda028b9a161f645108b59f016ab5b1b53c12614f9beab1_1767075109,0x2c3dce8515854f167dc523745a6b9d98d22ec9266d9f4921f62fd3e4bf1cfa1b,0x3e5630959499c5b5e55aceeeeae7446933d335d5,SELL,110290742709531333936637417418570910881285907663357514844586483587588568832794,0.006,16.23,1767075109
0x789579622d6bd759a84f4e151d1bb848c44b932e26fdd19601c527d61fe66664_1767075129,0x2c3dce8515854f167dc523745a6b9d98d22ec9266d9f4921f62fd3e4bf1cfa1b,0xff7ca9cd180d33119e653e3eb50555a3e2ccb233,BUY,110290742709531333936637417418570910881285907663357514844586483587588568832794,0.009985601873619403,1127.23,1767075129
0xafa4fc54d3abf5e47540a2df4839f0939d68e5be6cd6670a98ec442abaa712b5_1767075153,0x2c3dce8515854f167dc523745a6b9d98d22ec9266d9f4921f62fd3e4bf1cfa1b,0x3e5630959499c5b5e55aceeeeae7446933d335d5,SELL,110290742709531333936637417418570910881285907663357514844586483587588568832794,0.005838402936106323,179.83,1767075153
0xd4d32a21677a5f52181bf9ccb3a4585d0ebf9d9803286bb03297f34315f9b3d3_1767075155,0x2c3dce8515854f167dc523745a6b9d98d22ec9266d9f4921f62fd3e4bf1cfa1b,0x9a3fa403a6666eef75f92f181fcf13f9c051914a,BUY,110290742709531333936637417418570910881285907663357514844586483587588568832794,0.01098668589814712,2253.25,1767075155
0x0f260e1ce6b522187ee1fc390f37d26bb73065d31ecc645431fd89fb29c282c6_1767075163,0x2c3dce8515854f167dc523745a6b9d98d22ec9266d9f4921f62fd3e4bf1cfa1b,0x9a3fa403a6666eef75f92f181fcf13f9c051914a,BUY,110290742709531333936637417418570910881285907663357514844586483587588568832794,0.01192651647612643,2974.0,1767075163
0x81a49b49018e64cfd9f83bb071b77d51bad37044cdc954332c3d466bf6821148_1767075179,0x2c3dce8515854f167dc523745a6b9d98d22ec9266d9f4921f62fd3e4bf1cfa1b,0x870a150763136919c1f30be751c54df6a1bcbd43,BUY,110290742709531333936637417418570910881285907663357514844586483587588568832794,0.012000000192000003,83.333332,1767075179
0xcc17545b443f3fb630f21a4536e2d98af71ac2f6689713c1510ac93181af78fd_1767075183,0x2c3dce8515854f167dc523745a6b9d98d22ec9266d9f4921f62fd3e4bf1cfa1b,0xd189664c5308903476f9f079820431e4fd7d06f4,BUY,86498068750018438192524977941980476748299785729870940867089250086714498791178,0.9958821972727273,11000.0,1767075183
0xb74fcd4bf0b9ed12a917c97a73f040227fd0836cba4309c2f396bf034cd3ab95_1767075187,0x2c3dce8515854f167dc523745a6b9d98d22ec9266d9f4921f62fd3e4bf1cfa1b,0xa2ef31dd1536f8a156b511a6e74038cce6a29f55,BUY,86498068750018438192524977941980476748299785729870940867089250086714498791178,0.9969999989825331,1.965666,1767075187
0xad8ecabfc1253c094ef4b1603830b4cc34948ff24126d7762cbe36a2bd139bd6_1767075187,0x2c3dce8515854f167dc523745a6b9d98d22ec9266d9f4921f62fd3e4bf1cfa1b,0xef74b1d633aec491f9277e3838a567b1e10bf4d0,BUY,86498068750018438192524977941980476748299785729870940867089250086714498791178,0.997,10.03,1767075187
0xcff2d195772d2185c2dae48fbf9d2f2046e0716992824ddf94db578221936e29_1767075191,0x2c3dce8515854f167dc523745a6b9d98d22ec9266d9f4921f62fd3e4bf1cfa1b,0x82524979739a860b36f47eec57619cf950f45c68,BUY,86498068750018438192524977941980476748299785729870940867089250086714498791178,0.9969999999857531,70.190333,1767075191
0x8d27ca11b9031924cf518154702d8a24bb95f87d6aa1dfd960a70f28e18af6e1_1767075201,0x2c3dce8515854f167dc523745a6b9d98d22ec9266d9f4921f62fd3e4bf1cfa1b,0x9a3fa403a6666eef75f92f181fcf13f9c051914a,BUY,110290742709531333936637417418570910881285907663357514844586483587588568832794,0.008572649572649573,105.3,1767075201
0x4bf8d7d89976492769bdf6fecbfcee68e952d6b5cc84a67e1d6e2625d6a90706_1767075229,0x2c3dce8515854f167dc523745a6b9d98d22ec9266d9f4921f62fd3e4bf1cfa1b,0xd189664c5308903476f9f079820431e4fd7d06f4,SELL,86498068750018438192524977941980476748299785729870940867089250086714498791178,0.991,432.49,1767075229
0x5e26fc6e9f3270089cae8fb81ba17cc34d375fac2210ed51ecc1d3a96a7a2633_1767075233,0x2c3dce8515854f167dc523745a6b9d98d22ec9266d9f4921f62fd3e4bf1cfa1b,0xef74b1d633aec491f9277e3838a567b1e10bf4d0,SELL,86498068750018438192524977941980476748299785729870940867089250086714498791178,0.99,0.39,1767075233
0x32b04d6c8240ec41d835c88431315d643960f3fb4e8d8703b88b50bcd4c1ec55_1767075233,0x2c3dce8515854f167dc523745a6b9d98d22ec9266d9f4921f62fd3e4bf1cfa1b,0xa2ef31dd1536f8a156b511a6e74038cce6a29f55,SELL,86498068750018438192524977941980476748299785729870940867089250086714498791178,0.99,0.07,1767075233
0xb222eb0acb9fcef42fc32450511ae912b50ad2c19eba5f6b8ac17239a6b14577_1767075237,0x2c3dce8515854f167dc523745a6b9d98d22ec9266d9f4921f62fd3e4bf1cfa1b,0x82524979739a860b36f47eec57619cf950f45c68,SELL,86498068750018438192524977941980476748299785729870940867089250086714498791178,0.99,70.19,1767075237
0x9ddc2e6be6bce07234f6b65ce8ac384f500c0cd20699631e2eac00710bcc908e_1767075239,0x2c3dce8515854f167dc523745a6b9d98d22ec9266d9f4921f62fd3e4bf1cfa1b,0x57b00c3ccef1b6bd6962fb9ca463c4e0b38e76f4,SELL,110290742709531333936637417418570910881285907663357514844586483587588568832794,0.009,1000.0,1767075239
0xf471fcc981416a0e85e72c440e9f11acc21f15f1eee463dc54021d3be730c766_1767075243,0x2c3dce8515854f167dc523745a6b9d98d22ec9266d9f4921f62fd3e4bf1cfa1b,0xef74b1d633aec491f9277e3838a567b1e10bf4d0,SELL,86498068750018438192524977941980476748299785729870940867089250086714498791178,0.99,0.91,1767075243
0x5a4955a785cb0eff8608d74cb1a27c0690c967e279ef6eb788c9eda28a3f6289_1767075243,0x2c3dce8515854f167dc523745a6b9d98d22ec9266d9f4921f62fd3e4bf1cfa1b,0xa2ef31dd1536f8a156b511a6e74038cce6a29f55,SELL,86498068750018438192524977941980476748299785729870940867089250086714498791178,0.99,0.17,1767075243
0x3b14692c31859245733e38a95c1b0eb8456ff1969832eef063be509ebd03ba18_1767075259,0x2c3dce8515854f167dc523745a6b9d98d22ec9266d9f4921f62fd3e4bf1cfa1b,0xd189664c5308903476f9f079820431e4fd7d06f4,SELL,86498068750018438192524977941980476748299785729870940867089250086714498791178,0.98723629241046,9567.51,1767075259
0xb6b6f28af3efc61b4414c831573206a1eee5559a8806bf25ef29c2e49ebb5fa3_1767075263,0x2c3dce8515854f167dc523745a6b9d98d22ec9266d9f4921f62fd3e4bf1cfa1b,0xa2ef31dd1536f8a156b511a6e74038cce6a29f55,SELL,86498068750018438192524977941980476748299785729870940867089250086714498791178,0.988,1.72,1767075263
0x24e02751e056cf59502149e6df9899da55de24317fd9463d7f372b17a464b8c1_1767075263,0x2c3dce8515854f167dc523745a6b9d98d22ec9266d9f4921f62fd3e4bf1cfa1b,0xef74b1d633aec491f9277e3838a567b1e10bf4d0,SELL,86498068750018438192524977941980476748299785729870940867089250086714498791178,0.988,8.73,1767075263
0x363a960aa3ddd61f3c397001be63b9ded637c0c098bbb51e8da4573a92005cbd_1767075265,0x2c3dce8515854f167dc523745a6b9d98d22ec9266d9f4921f62fd3e4bf1cfa1b,0x7ef161646249d2a87d52d2dc68bc1f6e64f74e46,SELL,86498068750018438192524977941980476748299785729870940867089250086714498791178,0.9871402640264026,30.3,1767075265
0xc9cb1ca275f1b5bca5943fba2dffd423f3a5f8df3fd4d7932a75473e9f479192_1767075271,0x2c3dce8515854f167dc523745a6b9d98d22ec9266d9f4921f62fd3e4bf1cfa1b,0x3e5630959499c5b5e55aceeeeae7446933d335d5,SELL,110290742709531333936637417418570910881285907663357514844586483587588568832794,0.006320537897310513,40.9,1767075271
0xaf037872bdc9dd7048e3534bfd5e5fdc8d8b864559913d5908c9813bfa13aa9e_1767075283,0x2c3dce8515854f167dc523745a6b9d98d22ec9266d9f4921f62fd3e4bf1cfa1b,0x4b7a030f067a7252182464be7b790af76903c218,SELL,86498068750018438192524977941980476748299785729870940867089250086714498791178,0.9874049504950495,101.0,1767075283
0x1f2d9e5ed4bc398e7f5ffb8e49c5b10b8f6e20b2c801d34e0098f5f457d5c439_1767075331,0x2c3dce8515854f167dc523745a6b9d98d22ec9266d9f4921f62fd3e4bf1cfa1b,0x8217b6c8878a4aa4ecc023608dbf91d4fac64936,SELL,86498068750018438192524977941980476748299785729870940867089250086714498791178,0.987,15.24,1767075331
0x011664f9a7e9b254efe4f1018c609829055d2a0749fd0b7458f9ad8053f4509f_1767075331,0x2c3dce8515854f167dc523745a6b9d98d22ec9266d9f4921f62fd3e4bf1cfa1b,0x8217b6c8878a4aa4ecc023608dbf91d4fac64936,SELL,86498068750018438192524977941980476748299785729870940867089250086714498791178,0.987,15.19,1767075331
0x4e59513cb1c01d40c0a21599bf1fefd1472bcf93988a14dc189293578cf2a84f_1767075395,0x2c3dce8515854f167dc523745a6b9d98d22ec9266d9f4921f62fd3e4bf1cfa1b,0x3e5630959499c5b5e55aceeeeae7446933d335d5,BUY,110290742709531333936637417418570910881285907663357514844586483587588568832794,0.0130000000208,769.230768,1767075395
0x981c6e944f543dd3469c50e50c475bb03552ff3c6b2c2cfa9ab9ee45fad6f7a4_1767075511,0x2c3dce8515854f167dc523745a6b9d98d22ec9266d9f4921f62fd3e4bf1cfa1b,0x3e5630959499c5b5e55aceeeeae7446933d335d5,BUY,110290742709531333936637417418570910881285907663357514844586483587588568832794,0.012,100.0,1767075511
0xc4a0fc7673208e7ff796f50d1ce1240f8baf8f725441149aa9cde2c2ea01ba33_1767075601,0x2c3dce8515854f167dc523745a6b9d98d22ec9266d9f4921f62fd3e4bf1cfa1b,0x24e05919521fb0b2b199ccd6b23ecb7b551e6177,SELL,86498068750018438192524977941980476748299785729870940867089250086714498791178,0.987,7.69,1767075601
0x3a2e7172d9a81a5110d9f32e49b7e94bdb0e1a8dc59be83eb5f65d9bf0db6e79_1767075691,0x2c3dce8515854f167dc523745a6b9d98d22ec9266d9f4921f62fd3e4bf1cfa1b,0x77b61b96b30a36b885aa8280522a7cabf5e47fec,BUY,86498068750018438192524977941980476748299785729870940867089250086714498791178,0.988,6.66,1767075691
0x5ba46bf0289f117c1209e16a6bd3b7f337c9104977edc1337fd58796307dbe40_1767075695,0x2c3dce8515854f167dc523745a6b9d98d22ec9266d9f4921f62fd3e4bf1cfa1b,0x9ad091ca2e8f1bd69f27662edcb49dceeaa5bf3d,BUY,86498068750018438192524977941980476748299785729870940867089250086714498791178,0.989,30.0,1767075695
0x5e39f9986d6f09d24c8a4b6d65f2fcffcf184c5ea25625ee0fac358301ab8122_1767075703,0x2c3dce8515854f167dc523745a6b9d98d22ec9266d9f4921f62fd3e4bf1cfa1b,0x77b61b96b30a36b885aa8280522a7cabf5e47fec,BUY,86498068750018438192524977941980476748299785729870940867089250086714498791178,0.99,500.0,1767075703
0x43b36d34100c1a7744892f77d4e1b348faf1e197e26deb940fd7e58488e6b000_1767075809,0x2c3dce8515854f167dc523745a6b9d98d22ec9266d9f4921f62fd3e4bf1cfa1b,0xd8f3790cc1896d89ed36fc415793e7163eea4c06,BUY,110290742709531333936637417418570910881285907663357514844586483587588568832794,0.009166666758333334,109.090908,1767075809
0xb161fc249cde92163bff6da277830a5a0e8b2917858249b63df007862d0de925_1767076209,0x2c3dce8515854f167dc523745a6b9d98d22ec9266d9f4921f62fd3e4bf1cfa1b,0x3e5630959499c5b5e55aceeeeae7446933d335d5,BUY,110290742709531333936637417418570910881285907663357514844586483587588568832794,0.011,190.9,1767076209
0xd4f3df3082baf4a28ca79a7b20827f81397f3228e2d58258b8e2cf0f9e7ac9be_1767076257,0x2c3dce8515854f167dc523745a6b9d98d22ec9266d9f4921f62fd3e4bf1cfa1b,0x4d9c9f146f441c95e894664ff3b9570f800156fa,SELL,110290742709531333936637417418570910881285907663357514844586483587588568832794,0.011,5.86,1767076257
0xe00461072ae3dec60154334a38866cb0eaa1933eb077d033675fadee826cedb1_1767076279,0x2c3dce8515854f167dc523745a6b9d98d22ec9266d9f4921f62fd3e4bf1cfa1b,0x4d9c9f146f441c95e894664ff3b9570f800156fa,SELL,110290742709531333936637417418570910881285907663357514844586483587588568832794,0.006573882293508462,197.95,1767076279
0xe8a0a0774a4aefbebfa1a8c652860dd2b4d650d3fb78bc34afbcaed9813ee1d6_1767076379,0x2c3dce8515854f167dc523745a6b9d98d22ec9266d9f4921f62fd3e4bf1cfa1b,0xa9ca5fc54155b6ae92e86cd91e9eb8fa847476f7,BUY,110290742709531333936637417418570910881285907663357514844586483587588568832794,0.011500444348862878,86.953075,1767076379
0xb3ecebe93348959a672d2ef48923e8bfaa7171026ed26d110c47724dc7b08826_1767076537,0x2c3dce8515854f167dc523745a6b9d98d22ec9266d9f4921f62fd3e4bf1cfa1b,0x02832864944a676d874fc831ae584802ded3c915,BUY,110290742709531333936637417418570910881285907663357514844586483587588568832794,0.013753298730002037,8834.971332,1767076537
0x132951ddc23d109679b065313f22e5dcdcf48c48c344f9297e1f0bccb78a44da_1767076611,0x2c3dce8515854f167dc523745a6b9d98d22ec9266d9f4921f62fd3e4bf1cfa1b,0x228a1f4e791624cc139a9eadcc7caf7949592a55,SELL,86498068750018438192524977941980476748299785729870940867089250086714498791178,0.985,179.99,1767076611
0x898bb7c8d0e3473f91748c27ec9bfbca77e33df9998d0e9acf8a5081ab36292c_1767076651,0x2c3dce8515854f167dc523745a6b9d98d22ec9266d9f4921f62fd3e4bf1cfa1b,0xf2c4013a20d4e801fefd0b160a15a7b0cc779d55,SELL,110290742709531333936637417418570910881285907663357514844586483587588568832794,0.005849390451418431,3290.96,1767076651
0x3e8c229284878fae9b1f5718be39fafbe23e5fe25369e705b524f28076f22131_1767076763,0x2c3dce8515854f167dc523745a6b9d98d22ec9266d9f4921f62fd3e4bf1cfa1b,0xdffb3102ff4ebf701523c468a17e0f2fe72293ec,BUY,110290742709531333936637417418570910881285907663357514844586483587588568832794,0.013884116632152959,1224.420714,1767076763
0x55daa0a2ea18c37e7ba731650364a13bc50b633409386cccfa18eb7a8289f502_1767076823,0x2c3dce8515854f167dc523745a6b9d98d22ec9266d9f4921f62fd3e4bf1cfa1b,0xf0b0ef1d6320c6be896b4c9c54dd74407e7f8cab,SELL,86498068750018438192524977941980476748299785729870940867089250086714498791178,0.99,30.0,1767076823
0xe231ea41c14d3cbcc9a04178fac7685f7f49b29b8abce0f3c045ecd9434d7851_1767076841,0x2c3dce8515854f167dc523745a6b9d98d22ec9266d9f4921f62fd3e4bf1cfa1b,0xeec50edede5d961efb02e20bfd3275dd1e7fb6fe,BUY,86498068750018438192524977941980476748299785729870940867089250086714498791178,0.9939925210688182,3004.44,1767076841
0x2eeddc2dea115d3a1b134d2760031ce4cd221d12ef9c34f0b55ebaa8e0bb301f_1767076855,0x2c3dce8515854f167dc523745a6b9d98d22ec9266d9f4921f62fd3e4bf1cfa1b,0xeec50edede5d961efb02e20bfd3275dd1e7fb6fe,BUY,86498068750018438192524977941980476748299785729870940867089250086714498791178,0.994,16.07,1767076855
0xf4e84f0581bea6c7d52282cc785c088c2964ea70117e7c270bb81daf3f4bd388_1767076865,0x2c3dce8515854f167dc523745a6b9d98d22ec9266d9f4921f62fd3e4bf1cfa1b,0x2d99e29c4f066ba32098c65e4c7454b277d94ca3,BUY,86498068750018438192524977941980476748299785729870940867089250086714498791178,0.995,2902.63,1767076865
0x4f888bcbfdf121e18763a06d432c857e301e7bac1750ef3c51365bab728cd873_1767076885,0x2c3dce8515854f167dc523745a6b9d98d22ec9266d9f4921f62fd3e4bf1cfa1b,0xe598435df0cdf5d22bdd5082d557f75f9180a0a8,BUY,86498068750018438192524977941980476748299785729870940867089250086714498791178,0.997,1666.66,1767076885
0x65e0f2e9b1a54dce9263f0063ae570fec0e21f907299bdf51f7f68e6dc3e77e7_1767076893,0x2c3dce8515854f167dc523745a6b9d98d22ec9266d9f4921f62fd3e4bf1cfa1b,0x2d5223c1db058c214deec3bd360ef82aa56cbbe8,BUY,86498068750018438192524977941980476748299785729870940867089250086714498791178,0.998,1.112,1767076893
0xc94a052ef9c3b634195071aa5acd3615dc1662d95fc0e76913edfdaed0831ef9_1767076915,0x2c3dce8515854f167dc523745a6b9d98d22ec9266d9f4921f62fd3e4bf1cfa1b,0xfcdba2f4b8fca4e899bb97a36f96061104e13cb5,SELL,86498068750018438192524977941980476748299785729870940867089250086714498791178,0.995,450.0,1767076915
0x7844c8afdd389e8dd9cc249f695812f84dc313dd30771affcf09763cccc53791_1767076945,0x2c3dce8515854f167dc523745a6b9d98d22ec9266d9f4921f62fd3e4bf1cfa1b,0xdd45e705ee2c41bd1d81da5bcb8ed0e8b30259b2,BUY,110290742709531333936637417418570910881285907663357514844586483587588568832794,0.005,1471.44,1767076945
0x19513471f2fd6b860396fe0ef2f95c9ce4ef9888049f0cd68e7611df973b51eb_1767077025,0x2c3dce8515854f167dc523745a6b9d98d22ec9266d9f4921f62fd3e4bf1cfa1b,0x02832864944a676d874fc831ae584802ded3c915,BUY,110290742709531333936637417418570910881285907663357514844586483587588568832794,0.005,3996.0,1767077025
0xebb3a3a72039ea39f9752ca82fc6b24898a1b642e59636e03387d43f8be44455_1767077041,0x2c3dce8515854f167dc523745a6b9d98d22ec9266d9f4921f62fd3e4bf1cfa1b,0x2e7af2d49c5ee0337393ef6c0adaa24a0c2bc74d,BUY,110290742709531333936637417418570910881285907663357514844586483587588568832794,0.004,250.0,1767077041
0x892c2e155e32092df7564e03729c1689010b2748c0d062738f5d5eb468676ed3_1767077059,0x2c3dce8515854f167dc523745a6b9d98d22ec9266d9f4921f62fd3e4bf1cfa1b,0xeec50edede5d961efb02e20bfd3275dd1e7fb6fe,SELL,110290742709531333936637417418570910881285907663357514844586483587588568832794,0.003,336.66,1767077059
0x94181ce6ba05cb8925feea32df8e27e965295f3c42d06f618a08bf51fe734a6a_1767077115,0x2c3dce8515854f167dc523745a6b9d98d22ec9266d9f4921f62fd3e4bf1cfa1b,0x57b00c3ccef1b6bd6962fb9ca463c4e0b38e76f4,SELL,110290742709531333936637417418570910881285907663357514844586483587588568832794,0.002,750.0,1767077115
0x4c72f9ccee6a59553bf554fc3242a482b679ba5594ec82c064430bea9657c91a_1767077125,0x2c3dce8515854f167dc523745a6b9d98d22ec9266d9f4921f62fd3e4bf1cfa1b,0xe598435df0cdf5d22bdd5082d557f75f9180a0a8,BUY,86498068750018438192524977941980476748299785729870940867089250086714498791178,0.998,15.98,1767077125
0xd9d334ab3a2a240ad90aa36614c12d6b7449f4acfb89717b210ffd994e646056_1767077133,0x2c3dce8515854f167dc523745a6b9d98d22ec9266d9f4921f62fd3e4bf1cfa1b,0x2d5223c1db058c214deec3bd360ef82aa56cbbe8,BUY,86498068750018438192524977941980476748299785729870940867089250086714498791178,0.9979995018984502,1.112223,1767077133
0x9dfb5a49d02d7a17396f12b5350c549dfdc90921401e90da66c4f447ed9b4372_1767077155,0x2c3dce8515854f167dc523745a6b9d98d22ec9266d9f4921f62fd3e4bf1cfa1b,0x870a150763136919c1f30be751c54df6a1bcbd43,SELL,110290742709531333936637417418570910881285907663357514844586483587588568832794,0.002,3583.33,1767077155
0x22bfcff06997940798b62975a739edcbd84c1c0123274b58bf95cba10265e46a_1767077187,0x2c3dce8515854f167dc523745a6b9d98d22ec9266d9f4921f62fd3e4bf1cfa1b,0xd0d6d9700dc2272dbed0c867e6dcc0f19148b215,BUY,110290742709531333936637417418570910881285907663357514844586483587588568832794,0.003,60.35,1767077187
0x97d5d8d12d8a866d7dc7ae2af5ee1b75f07f7d982b7cb2ca21dd325398100fc8_1767077187,0x2c3dce8515854f167dc523745a6b9d98d22ec9266d9f4921f62fd3e4bf1cfa1b,0xeec50edede5d961efb02e20bfd3275dd1e7fb6fe,SELL,110290742709531333936637417418570910881285907663357514844586483587588568832794,0.002,3487.12,1767077187
0x2874ae1df65345d78e4871967b3422d96c5965773469081cc7a3c5efb218397d_1767077233,0x2c3dce8515854f167dc523745a6b9d98d22ec9266d9f4921f62fd3e4bf1cfa1b,0xd0d6d9700dc2272dbed0c867e6dcc0f19148b215,BUY,110290742709531333936637417418570910881285907663357514844586483587588568832794,0.004285714285714286,700.0,1767077233
0x9b95dfac9cd44bbba2cc2bec795eaa1792b600ae22338b1140ef5eb8af1d314d_1767077281,0x2c3dce8515854f167dc523745a6b9d98d22ec9266d9f4921f62fd3e4bf1cfa1b,0xaadbd211bda2bc5fe28833c6cea1242aa8be85f9,SELL,86498068750018438192524977941980476748299785729870940867089250086714498791178,0.995,154.55,1767077281
0x48a07579b1ece407051a6a77f8c556442c92c280f731e622f97f03b7071165ab_1767077287,0x2c3dce8515854f167dc523745a6b9d98d22ec9266d9f4921f62fd3e4bf1cfa1b,0x04f6dab1a3d35fc9ad828536cd0f493013fd311a,SELL,86498068750018438192524977941980476748299785729870940867089250086714498791178,0.995,53.29,1767077287
0x3cd5a8baa898119832c2e8a9320776325a5a097f7269bee1e371a8c9d160320b_1767077293,0x2c3dce8515854f167dc523745a6b9d98d22ec9266d9f4921f62fd3e4bf1cfa1b,0xac9ea33a028bee7584c72fe2a39a94101184d6e7,SELL,86498068750018438192524977941980476748299785729870940867089250086714498791178,0.995,5.52,1767077293
0xfadcdef19f17458caf990fb66fec0af934c073569cf274341fb87eeaa27e408a_1767077381,0x2c3dce8515854f167dc523745a6b9d98d22ec9266d9f4921f62fd3e4bf1cfa1b,0x8ae0168308f9e9d9a392d9f29a0df0e1a6788220,SELL,86498068750018438192524977941980476748299785729870940867089250086714498791178,0.996,5.31,1767077381
0xbaada589a57c2279f44ae53d4838434a16fc2c5a5dbf2b5bdbb17a367094c659_1767077389,0x2c3dce8515854f167dc523745a6b9d98d22ec9266d9f4921f62fd3e4bf1cfa1b,0x2d5223c1db058c214deec3bd360ef82aa56cbbe8,BUY,86498068750018438192524977941980476748299785729870940867089250086714498791178,0.9979995018984502,1.112223,1767077389
0xeff3104b2c4efef860b0c4f45d7535997a82de26a0d3fcb0ab4b0d8d29a8957f_1767077389,0x2c3dce8515854f167dc523745a6b9d98d22ec9266d9f4921f62fd3e4bf1cfa1b,0x62ed259746f19b4cb2214403279bb69c4a690e66,BUY,86498068750018438192524977941980476748299785729870940867089250086714498791178,0.9979998333510083,5.28056,1767077389
0x204d9742630b7a5866619096d96ca04d45de891294f083b218a3a4c88d915ad5_1767077735,0x2c3dce8515854f167dc523745a6b9d98d22ec9266d9f4921f62fd3e4bf1cfa1b,0x4d0e9b029700163625c551a0073636f3dc5ec45b,SELL,86498068750018438192524977941980476748299785729870940867089250086714498791178,0.996,1082.86,1767077735
0x86a60359293420195c426e4a5e1cd90e855a14ae79d6afeb07700b57b3fedc23_1767077743,0x2c3dce8515854f167dc523745a6b9d98d22ec9266d9f4921f62fd3e4bf1cfa1b,0x2d5223c1db058c214deec3bd360ef82aa56cbbe8,BUY,86498068750018438192524977941980476748299785729870940867089250086714498791178,0.9979995018984502,1.112223,1767077743
0x0c0c3e8abd3772828d7254d75af5dc011df569b8179466abbaef5658f5404333_1767078123,0x2c3dce8515854f167dc523745a6b9d98d22ec9266d9f4921f62fd3e4bf1cfa1b,0xa2ed81611c3bd048a2c42bc20dc6c8a374f8160d,BUY,110290742709531333936637417418570910881285907663357514844586483587588568832794,0.003000000003,333.333333,1767078123
0x9e085fdadc2c928441fa313fa313fa2f57178f905d30de4f2cf829c2ff29bee7_1767078345,0x2c3dce8515854f167dc523745a6b9d98d22ec9266d9f4921f62fd3e4bf1cfa1b,0x03ae1dff9b0df52be47ca67d6049e9e541813cae,SELL,86498068750018438192524977941980476748299785729870940867089250086714498791178,0.997,2.05,1767078345
0x081d034ad5dd313bbb39b70c638724bc04efa571447d28e206534f041116127e_1767078577,0x2c3dce8515854f167dc523745a6b9d98d22ec9266d9f4921f62fd3e4bf1cfa1b,0x4b4806c46359b67fe6afce2c9be664184f5335d0,SELL,86498068750018438192524977941980476748299785729870940867089250086714498791178,0.997,40.0,1767078577
0x7e6dd3567371aeca9c8b59db473051ca88d003785d055dd96d0058d882716bc3_1767078709,0x2c3dce8515854f167dc523745a6b9d98d22ec9266d9f4921f62fd3e4bf1cfa1b,0x5173a5a691a24bef09056d108a3507104bf859a1,SELL,86498068750018438192524977941980476748299785729870940867089250086714498791178,0.997,21.27,1767078709
0x9da1ce2011ec3d74bc461d5fb204eb7a319c2ea41e5c0598c80888a7dc5dfbaf_1767078927,0x2c3dce8515854f167dc523745a6b9d98d22ec9266d9f4921f62fd3e4bf1cfa1b,0x60ea2cd2feee858989c14a9e13cd126a876d3534,BUY,110290742709531333936637417418570910881285907663357514844586483587588568832794,0.003000000003,333.333333,1767078927
0x0cff3307146d8fe14014c77fddb3902a0a783f1fa9ed2f5f80629230a57ac228_1767078959,0x2c3dce8515854f167dc523745a6b9d98d22ec9266d9f4921f62fd3e4bf1cfa1b,0x77a4ba69bfd3a388bce7031900a3fabc105fc84f,SELL,86498068750018438192524977941980476748299785729870940867089250086714498791178,0.997,81.56,1767078959
0xde831e986a093782d587e62c715d42e12269215b677cbdc7a35d160f31ab4ae4_1767079097,0x2c3dce8515854f167dc523745a6b9d98d22ec9266d9f4921f62fd3e4bf1cfa1b,0x82a74cd1d8c0b07d4598deb31ee82f9502409ea8,SELL,86498068750018438192524977941980476748299785729870940867089250086714498791178,0.997,60.14,1767079097
0x1b084c005f9a264e94f78fc6b67bb87f7c48cbe6aa502b8b745cb98a84f0d373_1767079549,0x2c3dce8515854f167dc523745a6b9d98d22ec9266d9f4921f62fd3e4bf1cfa1b,0x71548332cd2310105f530465426b4196ab70c925,BUY,110290742709531333936637417418570910881285907663357514844586483587588568832794,0.0030000000003870967,2583.333333,1767079549
0xa162c705f67f41a8a5764d41c8a00193e57c679e4a020776cb115813dba7a7ac_1767079577,0x2c3dce8515854f167dc523745a6b9d98d22ec9266d9f4921f62fd3e4bf1cfa1b,0xaf1c4e937884b3d64f68a56d48fe0d18e957bc5e,SELL,86498068750018438192524977941980476748299785729870940867089250086714498791178,0.997,3.08,1767079577
0xa75c76fbf77effe5d0cb976d2764fafb3528f33418d597c25804aa7ad8f56452_1767079683,0x2c3dce8515854f167dc523745a6b9d98d22ec9266d9f4921f62fd3e4bf1cfa1b,0x77e1a1865776cd8121e2aa5a8a82cea0c6d128b8,SELL,86498068750018438192524977941980476748299785729870940867089250086714498791178,0.997,277.77,1767079683
0x133c57baab71604fcafa63b44735a012d480ea21f97b25ac4e7707dfa32a8685_1767079695,0x2c3dce8515854f167dc523745a6b9d98d22ec9266d9f4921f62fd3e4bf1cfa1b,0xb194c814b1bb93657ae233aa98fe9f9467b01063,BUY,110290742709531333936637417418570910881285907663357514844586483587588568832794,0.003,1650.0,1767079695
0x8ee4a60cbd71cc5a0060392f890c6637d0d99a7fcc5563eae40cae89127e8cae_1767079771,0x2c3dce8515854f167dc523745a6b9d98d22ec9266d9f4921f62fd3e4bf1cfa1b,0x2fad8f3bc8514c19ba407a10032498cb193f9bb7,SELL,86498068750018438192524977941980476748299785729870940867089250086714498791178,0.997,4.35,1767079771
0xd60dfb4dfede31bef39bfe39147ec380c321e1e8ead0f9ee80c261f71d675d6b_1767079991,0x2c3dce8515854f167dc523745a6b9d98d22ec9266d9f4921f62fd3e4bf1cfa1b,0x4af68ef7548c41f9773498d72aa87e49097e270a,BUY,110290742709531333936637417418570910881285907663357514844586483587588568832794,0.003000000003,333.333333,1767079991
0x60d19a797f5ce2fe185d4fe80ed2a04cc12ccf3924c4d1674d4fea3d25a8d58b_1767080121,0x2c3dce8515854f167dc523745a6b9d98d22ec9266d9f4921f62fd3e4bf1cfa1b,0xc1712fd5e23edb7524f2447c52935353248eaa19,BUY,86498068750018438192524977941980476748299785729870940867089250086714498791178,0.998000007984,1.002004,1767080121
0xd0d0e0781fa601b39da6eb714fe675227f98966a2fb10b0cffdefb191f1b38ea_1767080271,0x2c3dce8515854f167dc523745a6b9d98d22ec9266d9f4921f62fd3e4bf1cfa1b,0xfdd1d088cba0c1ce107845d052b55d18416a2925,SELL,86498068750018438192524977941980476748299785729870940867089250086714498791178,0.997,2.5,1767080271
0x3a54302bebe29fe004ab17e1518e71aff2ac7f17f1d087920c5086403f505f80_1767080283,0x2c3dce8515854f167dc523745a6b9d98d22ec9266d9f4921f62fd3e4bf1cfa1b,0x119917bfaea2d3f4be242d96f6058c3937d7d5f9,BUY,110290742709531333936637417418570910881285907663357514844586483587588568832794,0.003,4613.37,1767080283
0xacbc3e45ebe7b3d67b8afbbe92839fba7fb743907a5016ca8fc8d15761781d26_1767080455,0x2c3dce8515854f167dc523745a6b9d98d22ec9266d9f4921f62fd3e4bf1cfa1b,0xcc380f63b84de8d3c4af89c65a52c51b2e9d5bb2,SELL,86498068750018438192524977941980476748299785729870940867089250086714498791178,0.995,12.61,1767080455
0x71b277d2a6d45f6bd824b8228c7c55c3ea2135aca9b09ddaf7edce16ee9f10e6_1767080555,0x2c3dce8515854f167dc523745a6b9d98d22ec9266d9f4921f62fd3e4bf1cfa1b,0xe598435df0cdf5d22bdd5082d557f75f9180a0a8,BUY,86498068750018438192524977941980476748299785729870940867089250086714498791178,0.997,746.17,1767080555
0x155fb22a85b9a6e6d30d770bd7955c4b353b0a286804ec85e76dd8b6e9f0c39b_1767080617,0x2c3dce8515854f167dc523745a6b9d98d22ec9266d9f4921f62fd3e4bf1cfa1b,0xe0ac495d614837fc172dfd0e99af379a27b82d06,SELL,86498068750018438192524977941980476748299785729870940867089250086714498791178,0.996,125.0,1767080617
0x8aaa5a7c8b15e9c792f864dafd0c59d4006e06e5d08cb2414e25e36a20899296_1767080725,0x2c3dce8515854f167dc523745a6b9d98d22ec9266d9f4921f62fd3e4bf1cfa1b,0x3bb272902031df6f0a1693554ded10c5b5478155,SELL,86498068750018438192524977941980476748299785729870940867089250086714498791178,0.996,3.7,1767080725
0xe86b4b140ee18677c6144686f2436518f8f217fe07d78c0a5600dfc7538a8102_1767080733,0x2c3dce8515854f167dc523745a6b9d98d22ec9266d9f4921f62fd3e4bf1cfa1b,0x652e22fe35b6f330d19d3e8214ad0986ebebef62,SELL,86498068750018438192524977941980476748299785729870940867089250086714498791178,0.996,22.86,1767080733
0xcdf680875f61420e9574b44ddce91d08deec902963bd5334c98707048ef5f1e2_1767080973,0x2c3dce8515854f167dc523745a6b9d98d22ec9266d9f4921f62fd3e4bf1cfa1b,0x0f7a66e2a445431787deeb24ee4483b80fccd37e,BUY,110290742709531333936637417418570910881285907663357514844586483587588568832794,0.004,975.67,1767080973
0x13b389ebce4d7a44e0b7f93278ed73ed1467256a7056276438b5423999229df6_1767081053,0x2c3dce8515854f167dc523745a6b9d98d22ec9266d9f4921f62fd3e4bf1cfa1b,0xdbadbc55778d44643efabdde735e2f0b35d42429,SELL,86498068750018438192524977941980476748299785729870940867089250086714498791178,0.995,8.12,1767081053
0xc356c4277fee7b3524ad221da235d81f9767b2b435161bc0f73864b2dd3b3d02_1767081549,0x2c3dce8515854f167dc523745a6b9d98d22ec9266d9f4921f62fd3e4bf1cfa1b,0xba88bcd6e865c9de1b9850f74f5ad6af90053138,BUY,86498068750018438192524977941980476748299785729870940867089250086714498791178,0.996,324.33,1767081549
0xa7d2ad586b0a07b02fdb8000bb8023f71649eb12f5fca0d126ce65f765f3eaef_1767082007,0x2c3dce8515854f167dc523745a6b9d98d22ec9266d9f4921f62fd3e4bf1cfa1b,0x286e9d432af6e51087f82dbd36db78fa124c2b47,BUY,110290742709531333936637417418570910881285907663357514844586483587588568832794,0.004,250.0,1767082007
0x01e02b8042e538d0e84af0e1b2dddbd36ec8da6b50895e6bb34776046dc15316_1767082097,0x2c3dce8515854f167dc523745a6b9d98d22ec9266d9f4921f62fd3e4bf1cfa1b,0x294d6426745e9c48c978b91478b91365af32b362,BUY,110290742709531333936637417418570910881285907663357514844586483587588568832794,0.004,250.0,1767082097
0x8e053484c31f5ecbbe77a41aae2944fd1810d555a933cc005ae6c84299911371_1767082097,0x2c3dce8515854f167dc523745a6b9d98d22ec9266d9f4921f62fd3e4bf1cfa1b,0x286e9d432af6e51087f82dbd36db78fa124c2b47,BUY,110290742709531333936637417418570910881285907663357514844586483587588568832794,0.004,250.0,1767082097
0xd4d8d13d244818908cdada66c58e8f48e0ef1f712fb8c6ce4dfb2219b86e6403_1767082931,0x2c3dce8515854f167dc523745a6b9d98d22ec9266d9f4921f62fd3e4bf1cfa1b,0x9102e934c41477c598e03817ffe44f43b8b5d6a9,BUY,86498068750018438192524977941980476748299785729870940867089250086714498791178,0.997,1.003,1767082931
0xfeff299952855e7404c0fd50fb53623d2264a7fdf3e2ef2b68dee4bfcfe03291_1767083517,0x2c3dce8515854f167dc523745a6b9d98d22ec9266d9f4921f62fd3e4bf1cfa1b,0xcb1cedf6d2b4f8d1b7b5de31afc2fc616b9bff82,BUY,110290742709531333936637417418570910881285907663357514844586483587588568832794,0.004,305.0,1767083517
0x82bb1c81158d836723a8001215f55ea61d1817fa857eaefbb23ca27642386dbb_1767083761,0x2c3dce8515854f167dc523745a6b9d98d22ec9266d9f4921f62fd3e4bf1cfa1b,0x491213da9c46715364098c7b8a08ae5398b3c24e,BUY,110290742709531333936637417418570910881285907663357514844586483587588568832794,0.004,500.0,1767083761
0x4b169db2a133ea1bce56b95102485137872e22afcc5fb1d9e1b55333f175bed4_1767084383,0x2c3dce8515854f167dc523745a6b9d98d22ec9266d9f4921f62fd3e4bf1cfa1b,0xd2399fc9ca036fa6b07f85c8d7d6cfbb775d2d6e,BUY,86498068750018438192524977941980476748299785729870940867089250086714498791178,0.997,1.003,1767084383
0xe81887be423c08d68df609f7e861d2457286fbb85a0f22456bd56ad99ec6fc9d_1767084517,0x2c3dce8515854f167dc523745a6b9d98d22ec9266d9f4921f62fd3e4bf1cfa1b,0x8c946f9ff47411f18b7245a5d0a28e16183e1175,BUY,110290742709531333936637417418570910881285907663357514844586483587588568832794,0.004,250.0,1767084517
0x296c56d316be8c272f227b9bb4ecee53fb97f0dff0054aa0932b6af1e8d6a6e6_1767084745,0x2c3dce8515854f167dc523745a6b9d98d22ec9266d9f4921f62fd3e4bf1cfa1b,0x6f4394c1fa596ac734fba65771d4e91edaeaa080,BUY,86498068750018438192524977941980476748299785729870940867089250086714498791178,0.997,23.5,1767084745
0xaa6313427bf68521cb833829448a4ba02fdc5aa07ac1672df88d7cc6aadabb80_1767085067,0x2c3dce8515854f167dc523745a6b9d98d22ec9266d9f4921f62fd3e4bf1cfa1b,0x74050873de0cd0d3ca4d6e5cedd3892c3c7e0e35,BUY,86498068750018438192524977941980476748299785729870940867089250086714498791178,0.9969999994610133,1.855333,1767085067
0x258a374916c94f48ae22679f574bcdd01d63db37ea2c700e0a4a850e0f49ac63_1767085123,0x2c3dce8515854f167dc523745a6b9d98d22ec9266d9f4921f62fd3e4bf1cfa1b,0x74050873de0cd0d3ca4d6e5cedd3892c3c7e0e35,SELL,86498068750018438192524977941980476748299785729870940867089250086714498791178,0.996,1.85,1767085123
0xd925df941419c9b41ece479a50e79df212464ab72d1289de1ac8e0d863094881_1767085251,0x2c3dce8515854f167dc523745a6b9d98d22ec9266d9f4921f62fd3e4bf1cfa1b,0x72aba86b25242d0f641deb0083ddf0e95bff1a3e,SELL,86498068750018438192524977941980476748299785729870940867089250086714498791178,0.996,89.12,1767085251
0x32858fce1d1a9717aa99fa77ee057352f567db62479f7502459bd5ac48873f7c_1767085673,0x2c3dce8515854f167dc523745a6b9d98d22ec9266d9f4921f62fd3e4bf1cfa1b,0x49b93fd90d65398e806043d931d544f091026521,SELL,86498068750018438192524977941980476748299785729870940867089250086714498791178,0.996,1.66,1767085673
0x4d52ee9116eb7bf3f612cd2ab8cc2843a4689c0404d28a4a8673a782be0b15dd_1767085851,0x2c3dce8515854f167dc523745a6b9d98d22ec9266d9f4921f62fd3e4bf1cfa1b,0xe598435df0cdf5d22bdd5082d557f75f9180a0a8,BUY,86498068750018438192524977941980476748299785729870940867089250086714498791178,0.997,559.79,1767085851
0xcc37ee4bf88b34ae6cc012b17fd7fd4e554ea96a37fd47be6fac8da7a7b14168_1767086109,0x2c3dce8515854f167dc523745a6b9d98d22ec9266d9f4921f62fd3e4bf1cfa1b,0x0cb067fb784e12df7880b1d33002ffb09d4201f6,SELL,86498068750018438192524977941980476748299785729870940867089250086714498791178,0.996,151.0,1767086109
0xa6b8fc759e334ce37dce3c8647b7d7ac3a8d843e48af526451427788d94fc66d_1767086277,0x2c3dce8515854f167dc523745a6b9d98d22ec9266d9f4921f62fd3e4bf1cfa1b,0x1c112dfba1fa40cd2f99da9b66723bf9a2cca9d5,BUY,86498068750018438192524977941980476748299785729870940867089250086714498791178,0.9979995079857505,2.004007,1767086277
0xdb76eb3501eaa9421f2de7ef1d4e9fb9c5689718560d661779297d768ded3182_1767086599,0x2c3dce8515854f167dc523745a6b9d98d22ec9266d9f4921f62fd3e4bf1cfa1b,0xb77d8c35d2fc979b2913cc09c3abd134042589ab,BUY,86498068750018438192524977941980476748299785729870940867089250086714498791178,0.998000007984,1.002004,1767086599
0x6effaf5a8e538cc451cff80a37e2ecfe2ee8b5f9bd6abde5c6f9d2c4b883d8d0_1767086607,0x2c3dce8515854f167dc523745a6b9d98d22ec9266d9f4921f62fd3e4bf1cfa1b,0x94f88749f15c910cf4653ad85095abeb13463ec6,SELL,86498068750018438192524977941980476748299785729870940867089250086714498791178,0.996,23.21,1767086607
0x3e4fdb41f8843bc7ef8261086e4c493d3ade7d7f34486b7440279858db578e26_1767086725,0x2c3dce8515854f167dc523745a6b9d98d22ec9266d9f4921f62fd3e4bf1cfa1b,0xb77d8c35d2fc979b2913cc09c3abd134042589ab,BUY,110290742709531333936637417418570910881285907663357514844586483587588568832794,0.004,250.0,1767086725
0x73ae26d6e87b6df56f57395bda7531c2cc210e7b3f33ee2df1dd6ff256cd0199_1767086735,0x2c3dce8515854f167dc523745a6b9d98d22ec9266d9f4921f62fd3e4bf1cfa1b,0x352119abedd7f9aef6c1c727e3bac76a23a283e2,BUY,86498068750018438192524977941980476748299785729870940867089250086714498791178,0.998000007984,1.002004,1767086735
0xcff1318b622d7a0cc42c1012a29017f41a217acf66b6b6706465fb1b13af392a_1767086753,0x2c3dce8515854f167dc523745a6b9d98d22ec9266d9f4921f62fd3e4bf1cfa1b,0x352119abedd7f9aef6c1c727e3bac76a23a283e2,BUY,110290742709531333936637417418570910881285907663357514844586483587588568832794,0.004,250.0,1767086753
0x0482e5d56243368d410f2d73dfc7b8fe3358f8b0262ccecee8cf4d0159616b13_1767086911,0x2c3dce8515854f167dc523745a6b9d98d22ec9266d9f4921f62fd3e4bf1cfa1b,0xb51df425bec8f91201d7a7be60c663fb5fd98dff,BUY,110290742709531333936637417418570910881285907663357514844586483587588568832794,0.004,2370.0,1767086911
0x959a732ea992b9a674e8d476ee7dd399614bec30c9f1c8774133cf32229fa2d2_1767086957,0x2c3dce8515854f167dc523745a6b9d98d22ec9266d9f4921f62fd3e4bf1cfa1b,0x34f63f74b71954f00b4d61b66f97ffeb506a0ba8,BUY,110290742709531333936637417418570910881285907663357514844586483587588568832794,0.004,250.0,1767086957
0x06832f79c9621e365a7d090bf7a16d384e63d08b003f964a1be35cdc6fc4d1bb_1767086963,0x2c3dce8515854f167dc523745a6b9d98d22ec9266d9f4921f62fd3e4bf1cfa1b,0xbd9f9b37d7aac4d2833e2040e3f3de339727a50f,SELL,86498068750018438192524977941980476748299785729870940867089250086714498791178,0.996,257.57,1767086963
0xca512f6f411fb70f89846a5d67f12583428a9c7d2e4fc5ff3029b1929cb125fd_1767087063,0x2c3dce8515854f167dc523745a6b9d98d22ec9266d9f4921f62fd3e4bf1cfa1b,0xb80e5a2eb559c0756de8dedbf669bc8657d5ce8e,BUY,86498068750018438192524977941980476748299785729870940867089250086714498791178,0.9979999079843901,10.020039,1767087063
0x1bc639efe8cc97f76063d8fb749fa37472c4149dd4b2beb642dced8aae5a2804_1767087093,0x2c3dce8515854f167dc523745a6b9d98d22ec9266d9f4921f62fd3e4bf1cfa1b,0x176ea74922794750c190ac0fb8f27f9345038f96,BUY,110290742709531333936637417418570910881285907663357514844586483587588568832794,0.004,250.0,1767087093
0x9b68a859a4ebd57d3dd9d3b216511b009b300ffcc78f51554f8b9721bcfd79b3_1767087097,0x2c3dce8515854f167dc523745a6b9d98d22ec9266d9f4921f62fd3e4bf1cfa1b,0xee57ffaad02a05e3b0e720733d57c69d37fd50d1,BUY,86498068750018438192524977941980476748299785729870940867089250086714498791178,0.9979998829844845,8.016031,1767087097
0xddeb222003615875855714aae221539874bdfd8865c8ca7f1c10c9f3582f1c54_1767087503,0x2c3dce8515854f167dc523745a6b9d98d22ec9266d9f4921f62fd3e4bf1cfa1b,0xb51df425bec8f91201d7a7be60c663fb5fd98dff,SELL,110290742709531333936637417418570910881285907663357514844586483587588568832794,0.0021420506329113925,2370.0,1767087503
0xa214d0a3da016af59e31b234c9a7c6507011d7a1bbe05a67785c9d10c55beca0_1767087599,0x2c3dce8515854f167dc523745a6b9d98d22ec9266d9f4921f62fd3e4bf1cfa1b,0x8ccdbf5897bdaa48c964a8fe73f731aa138d6e3c,BUY,86498068750018438192524977941980476748299785729870940867089250086714498791178,0.998000007984,1.002004,1767087599
0xd9787f6baba2be865896eb5b853d757ed874c15dc90aefe2cb36eec9001d971e_1767087651,0x2c3dce8515854f167dc523745a6b9d98d22ec9266d9f4921f62fd3e4bf1cfa1b,0xb345e5a823ec9f1583f49f84942ac95efc77557a,SELL,86498068750018438192524977941980476748299785729870940867089250086714498791178,0.996,30.92,1767087651
0xabfbd61373a7b4e192bbbc37960c2be8964edbf059ad6fa0fd31f17288644eb6_1767088437,0x2c3dce8515854f167dc523745a6b9d98d22ec9266d9f4921f62fd3e4bf1cfa1b,0xce3f6b3576caccbc7005787d09b519a0997b67c9,BUY,110290742709531333936637417418570910881285907663357514844586483587588568832794,0.004,2500.0,1767088437
0x930e3f96da9863aa15d32d3469169221e536bc20ebb7ada8098ebc9583648bb1_1767089027,0x2c3dce8515854f167dc523745a6b9d98d22ec9266d9f4921f62fd3e4bf1cfa1b,0x5d0cc21c87b69edde38f9002164735e9b1414934,BUY,110290742709531333936637417418570910881285907663357514844586483587588568832794,0.004,250.0,1767089027
0x7ffaf0c797be2bcecf9fd83e9ef7c11c2d8dfc6c5226d12a01acd253cad7eedd_1767089127,0x2c3dce8515854f167dc523745a6b9d98d22ec9266d9f4921f62fd3e4bf1cfa1b,0x09e99f7c666f672ad0bcf01f7c4c48dda38064e6,BUY,110290742709531333936637417418570910881285907663357514844586483587588568832794,0.00484551226666365,13435.112,1767089127
0x21dd04a8f7cc654f23dd61e0492d55f7ebc9c8eb096ec7ffed6585ccaa30633e_1767089209,0x2c3dce8515854f167dc523745a6b9d98d22ec9266d9f4921f62fd3e4bf1cfa1b,0x23ff1655dc6bd7b135789264bda956d0724394f5,BUY,110290742709531333936637417418570910881285907663357514844586483587588568832794,0.004,250.0,1767089209
0x8f2b7547a53eabce3648a6b2225f6333a6367c92fb3891a7ccf57d99677c5870_1767089373,0x2c3dce8515854f167dc523745a6b9d98d22ec9266d9f4921f62fd3e4bf1cfa1b,0x34758c7dce876a8a22a46c6fd61613bb94dbeea8,SELL,86498068750018438192524977941980476748299785729870940867089250086714498791178,0.996,399.89,1767089373
0x1f318f749119b1f91b58391ec51ce97a437f667886ca4f5db63d190775579159_1767091319,0x2c3dce8515854f167dc523745a6b9d98d22ec9266d9f4921f62fd3e4bf1cfa1b,0xb7b754bb08c280dcb866b4f5528adaea3128873b,BUY,110290742709531333936637417418570910881285907663357514844586483587588568832794,0.0048659278003563445,10070.022,1767091319
0x66467688ccd024b5cb2b100c67be692ecce2a7fd75331c86ce9e53fcf7970607_1767091353,0x2c3dce8515854f167dc523745a6b9d98d22ec9266d9f4921f62fd3e4bf1cfa1b,0x1c2dc35789d7bd7d0f89c9dbb5d3bf1c494a1b72,BUY,110290742709531333936637417418570910881285907663357514844586483587588568832794,0.005,2000.0,1767091353
0x833d3daaf86d7839b2941b6732eef42f569bc01d565f153948de28dff7ef20f3_1767091455,0x2c3dce8515854f167dc523745a6b9d98d22ec9266d9f4921f62fd3e4bf1cfa1b,0x52e718454f554c731fea3a8fbc032350f91fe3b4,SELL,86498068750018438192524977941980476748299785729870940867089250086714498791178,0.995,100.0,1767091455
0x9039b395539ce9663be3a0651eb155fa2c94b0f4a4dc61125708b4ce728c54cf_1767091507,0x2c3dce8515854f167dc523745a6b9d98d22ec9266d9f4921f62fd3e4bf1cfa1b,0x39e3a6a7be6a8193b03670558600b220a317952e,BUY,110290742709531333936637417418570910881285907663357514844586483587588568832794,0.005,200.0,1767091507
0x01c124ea4d6ef147fad275be971f8a200e1b03e7c1eea7ae59874d3f3144099d_1767092473,0x2c3dce8515854f167dc523745a6b9d98d22ec9266d9f4921f62fd3e4bf1cfa1b,0x3ee2bac7e28f9aae29e0afb4bb1faadba2bc8587,BUY,110290742709531333936637417418570910881285907663357514844586483587588568832794,0.005,200.0,1767092473
0x7ff20b3d302fb2a57095d5d991e30905673a63f00606209b5e45880c09fb25dd_1767092821,0x2c3dce8515854f167dc523745a6b9d98d22ec9266d9f4921f62fd3e4bf1cfa1b,0x1ee9a5fc09665909c0cce297c581703bfbb9197f,BUY,86498068750018438192524977941980476748299785729870940867089250086714498791178,0.997,1.003,1767092821
0x7ee506ccbeafb0352471641dcb75026b17657dca5b6e00166efef4d6c67273bb_1767093065,0x2c3dce8515854f167dc523745a6b9d98d22ec9266d9f4921f62fd3e4bf1cfa1b,0x23cc4d606d11eefaccb6609195322e1885284f5a,BUY,86498068750018438192524977941980476748299785729870940867089250086714498791178,0.997,101.0,1767093065
0x2020ee2db1800442f48a2f4bf8918be2123087c13aebaaffe45563556ca1a622_1767093155,0x2c3dce8515854f167dc523745a6b9d98d22ec9266d9f4921f62fd3e4bf1cfa1b,0x29cf6be13494a1a8e11ac7a4da2a6ae25d7a91bc,SELL,110290742709531333936637417418570910881285907663357514844586483587588568832794,0.003,15.77,1767093155
0x1cddcd86b1546290c5b5157449d9ee8b454f1e7f2a3fcc66fa919b18623ee085_1767093443,0x2c3dce8515854f167dc523745a6b9d98d22ec9266d9f4921f62fd3e4bf1cfa1b,0x97e51fb734200cf785655999259883258c3699d0,SELL,86498068750018438192524977941980476748299785729870940867089250086714498791178,0.996,16.87,1767093443
0x2ae2935d9374e76560f36833a9101473fdd45849b48c80ee30e22e7e2bfbba5c_1767093535,0x2c3dce8515854f167dc523745a6b9d98d22ec9266d9f4921f62fd3e4bf1cfa1b,0xb969bcd45888151ea4db702d0ac858b49e0e089e,BUY,110290742709531333936637417418570910881285907663357514844586483587588568832794,0.004,500.0,1767093535
0x1e6b720a4cc481c375864d92ce3aa09efc19b69f99cfb876fc738fc2be3bcc7d_1767093731,0x2c3dce8515854f167dc523745a6b9d98d22ec9266d9f4921f62fd3e4bf1cfa1b,0x06d3873a5d021c15969f416929fa89c57d1fac9b,BUY,110290742709531333936637417418570910881285907663357514844586483587588568832794,0.004,250.0,1767093731
0x064ad2daef5e67d27e98e33ab49c97fef57de8d81d449af4c6a0e3220cb48db7_1767093933,0x2c3dce8515854f167dc523745a6b9d98d22ec9266d9f4921f62fd3e4bf1cfa1b,0xd9070bbf770aafa405c366ba866bc286526b6d35,SELL,86498068750018438192524977941980476748299785729870940867089250086714498791178,0.996,9.09,1767093933
0xe63a357be739c8a8d8e70ee64d2fcdf277251671ab02906843ba5f215e40232f_1767094017,0x2c3dce8515854f167dc523745a6b9d98d22ec9266d9f4921f62fd3e4bf1cfa1b,0x2a912d8e7f45af5d70db761cb4a33bbf8ba45267,SELL,86498068750018438192524977941980476748299785729870940867089250086714498791178,0.996,2367.79,1767094017
0xaedeec32c9036fb8f7700443691680c85aab30338ceb2a0cdf37cbb7d2e53f0e_1767094037,0x2c3dce8515854f167dc523745a6b9d98d22ec9266d9f4921f62fd3e4bf1cfa1b,0x9ed31eaf4326775d2a402933567f640b95677575,BUY,110290742709531333936637417418570910881285907663357514844586483587588568832794,0.004,250.0,1767094037
0x4a70b7ae9e8f7ef70307d4f7e94e077165d02a0d8fda36ca93364e994781a74a_1767094123,0x2c3dce8515854f167dc523745a6b9d98d22ec9266d9f4921f62fd3e4bf1cfa1b,0x39daa1fd24ce6c93bb185bcd067be94d6580bca6,SELL,86498068750018438192524977941980476748299785729870940867089250086714498791178,0.996,3.7,1767094123
0x7b5252099aaccb72ea23e1859bb06546f0ab9c4cb6f1d43c3cfc2a8359463830_1767094223,0x2c3dce8515854f167dc523745a6b9d98d22ec9266d9f4921f62fd3e4bf1cfa1b,0xfd5d00c2dd9e2ae0fbd71a060d96c55595e23581,BUY,110290742709531333936637417418570910881285907663357514844586483587588568832794,0.004112112638989408,243.184,1767094223
0x00c6b82de734d050eeae3d04433315bdd2f54ab8e3b3e4e0c0fce2b728ebac65_1767094251,0x2c3dce8515854f167dc523745a6b9d98d22ec9266d9f4921f62fd3e4bf1cfa1b,0x39e3a6a7be6a8193b03670558600b220a317952e,BUY,110290742709531333936637417418570910881285907663357514844586483587588568832794,0.005,200.0,1767094251
0x5cd425f8730069920be535884aef27a887cd343a3312f9c9c70717e1f9ee665e_1767094547,0x2c3dce8515854f167dc523745a6b9d98d22ec9266d9f4921f62fd3e4bf1cfa1b,0x39e3a6a7be6a8193b03670558600b220a317952e,BUY,110290742709531333936637417418570910881285907663357514844586483587588568832794,0.005,600.0,1767094547
0xec4028a95ea2b10a9dd25a311f40ba65101d0c24518291ba82dfb9d5fe44c48f_1767094675,0x2c3dce8515854f167dc523745a6b9d98d22ec9266d9f4921f62fd3e4bf1cfa1b,0xfcea3d890ade9b0e351e8e7235444c724ef218cb,SELL,86498068750018438192524977941980476748299785729870940867089250086714498791178,0.995,3.7,1767094675
0x0d2074167dc6415b09bd7b56bd900e14839339864fe80566aa7a7c737752a26a_1767094741,0x2c3dce8515854f167dc523745a6b9d98d22ec9266d9f4921f62fd3e4bf1cfa1b,0x64677ef2439e839e4cc973d4954113a58375f408,SELL,110290742709531333936637417418570910881285907663357514844586483587588568832794,0.003,3.83,1767094741
0xb938b7a80d18f919ec90c05bf5806f1698379fc8cacc35b61f39a6ceb7267931_1767094769,0x2c3dce8515854f167dc523745a6b9d98d22ec9266d9f4921f62fd3e4bf1cfa1b,0x6dd9803d348022908f5b86a5078c7803954d56a6,SELL,110290742709531333936637417418570910881285907663357514844586483587588568832794,0.003,3.03,1767094769
0xcd53b62ed8fb7acb4a32628141fccaca82b41190c5c1cff38b9dfc0c72d2185e_1767094821,0x2c3dce8515854f167dc523745a6b9d98d22ec9266d9f4921f62fd3e4bf1cfa1b,0xa305d0c3b50ee61955f217d7a37c33478134a283,SELL,86498068750018438192524977941980476748299785729870940867089250086714498791178,0.995,2.31,1767094821
0x6157ab22b9851be8395d48fde3086d4f400a9fd0a90fa1bed22972642ee82f82_1767094905,0x2c3dce8515854f167dc523745a6b9d98d22ec9266d9f4921f62fd3e4bf1cfa1b,0x612bd45410943d12e80d2e936ecd757cbd0c0a62,BUY,110290742709531333936637417418570910881285907663357514844586483587588568832794,0.005,400.0,1767094905
0xd5f7e2649af86728b73e45c450f177ce0a89a31cc6fee71914d536fa493b9b46_1767095065,0x2c3dce8515854f167dc523745a6b9d98d22ec9266d9f4921f62fd3e4bf1cfa1b,0xdd4729e9caaa7762b65ad3bb2419c3212f42497b,BUY,110290742709531333936637417418570910881285907663357514844586483587588568832794,0.005131139965280239,19488.846665,1767095065
0xd103dc25f5f4bc523ce4f204622a0bafd950546b25d2b5d7ab11010a7fe1474f_1767095071,0x2c3dce8515854f167dc523745a6b9d98d22ec9266d9f4921f62fd3e4bf1cfa1b,0xcee853c7b514aaf5e892a0100105f5d5ffb8cf81,BUY,110290742709531333936637417418570910881285907663357514844586483587588568832794,0.006,500.0,1767095071
0x44c89df09bf0fd7fa65cfca562f829e426f3ec3dfd04f4c4126bf82ec231ee9e_1767095073,0x2c3dce8515854f167dc523745a6b9d98d22ec9266d9f4921f62fd3e4bf1cfa1b,0x628e5c534610bfe44c7850d2f8c068a05b021d80,BUY,86498068750018438192524977941980476748299785729870940867089250086714498791178,0.9969999999258179,13.480333,1767095073
0x36b8341fb7aa8dfed1a09b1a8f5c1285a4d705e71a2b8f94db1b99a0aacba81b_1767095073,0x2c3dce8515854f167dc523745a6b9d98d22ec9266d9f4921f62fd3e4bf1cfa1b,0xa9e14ca224d59339646dbf58f57f0e474b710de4,BUY,86498068750018438192524977941980476748299785729870940867089250086714498791178,0.9969999997977687,9.889666,1767095073
0xfbe9d2ee3b0c5bb577ed80956a11cd445d4b8e5de1b7de63fc5b47c2557f111e_1767095079,0x2c3dce8515854f167dc523745a6b9d98d22ec9266d9f4921f62fd3e4bf1cfa1b,0xa9e14ca224d59339646dbf58f57f0e474b710de4,BUY,86498068750018438192524977941980476748299785729870940867089250086714498791178,0.9969999997977687,9.889666,1767095079
0xd55da8b0bc40bd4ba220d081165dd211c28a216d20215c08b7024391ddab8ff3_1767095079,0x2c3dce8515854f167dc523745a6b9d98d22ec9266d9f4921f62fd3e4bf1cfa1b,0x628e5c534610bfe44c7850d2f8c068a05b021d80,BUY,86498068750018438192524977941980476748299785729870940867089250086714498791178,0.9969999997991901,9.959666,1767095079
0x0efa32752165696d9f10591007b53ebc2962816813130839dd8762b58ef6aad7_1767095181,0x2c3dce8515854f167dc523745a6b9d98d22ec9266d9f4921f62fd3e4bf1cfa1b,0xcee853c7b514aaf5e892a0100105f5d5ffb8cf81,BUY,110290742709531333936637417418570910881285907663357514844586483587588568832794,0.006000000060000001,166.666665,1767095181
0x42ce55e1c07c9cbf7b4612f7242af244c5b432c2deb6a8214b9e0355c3394aec_1767095189,0x2c3dce8515854f167dc523745a6b9d98d22ec9266d9f4921f62fd3e4bf1cfa1b,0xa9e14ca224d59339646dbf58f57f0e474b710de4,BUY,86498068750018438192524977941980476748299785729870940867089250086714498791178,0.9969999997977687,9.889666,1767095189
0x47d2ef090c35a58c57723bddee12b0807d99635a4865485cfbd5c7e298bbe23a_1767095189,0x2c3dce8515854f167dc523745a6b9d98d22ec9266d9f4921f62fd3e4bf1cfa1b,0x628e5c534610bfe44c7850d2f8c068a05b021d80,BUY,86498068750018438192524977941980476748299785729870940867089250086714498791178,0.9969999993957094,3.309666,1767095189
0x041364d865952b36fb045baab0096cf3991c201eff270436a749a947dd9d9519_1767095235,0x2c3dce8515854f167dc523745a6b9d98d22ec9266d9f4921f62fd3e4bf1cfa1b,0xb58120a869601abf58606505e15817ea1d5db496,BUY,110290742709531333936637417418570910881285907663357514844586483587588568832794,0.0060000000024,3333.333332,1767095235
0x8f4393b14e7f1cc890d5db58e4ed81de75ae8bb782b1af368891bff605a39846_1767095241,0x2c3dce8515854f167dc523745a6b9d98d22ec9266d9f4921f62fd3e4bf1cfa1b,0x05ddbe2edc2fcb293eb149028f45e93cec14305c,BUY,86498068750018438192524977941980476748299785729870940867089250086714498791178,0.997,1.414,1767095241
0x1c29e3df07eaae8d9ff6667c6a927fd6b945af76146c68599dad7a6ba4d355ae_1767095243,0x2c3dce8515854f167dc523745a6b9d98d22ec9266d9f4921f62fd3e4bf1cfa1b,0x628e5c534610bfe44c7850d2f8c068a05b021d80,BUY,86498068750018438192524977941980476748299785729870940867089250086714498791178,0.9969999999258179,13.480333,1767095243
0x6129a7b0c1add1bdbf90668991f5cb362828ab6ef011925034904ba424eb7411_1767095243,0x2c3dce8515854f167dc523745a6b9d98d22ec9266d9f4921f62fd3e4bf1cfa1b,0x39e3a6a7be6a8193b03670558600b220a317952e,BUY,110290742709531333936637417418570910881285907663357514844586483587588568832794,0.006,570.0,1767095243
0xd5ae02bbf6c1db5d20433c43f235b1ea0a6605c5af2c5eb3f2e469b8287accec_1767095245,0x2c3dce8515854f167dc523745a6b9d98d22ec9266d9f4921f62fd3e4bf1cfa1b,0xa9e14ca224d59339646dbf58f57f0e474b710de4,BUY,86498068750018438192524977941980476748299785729870940867089250086714498791178,0.9969999997977687,9.889666,1767095245
0x107c03b4fa0da57f49771b7f2af725f88061e0711acfe7869a115928e62e1af2_1767095251,0x2c3dce8515854f167dc523745a6b9d98d22ec9266d9f4921f62fd3e4bf1cfa1b,0xa9e14ca224d59339646dbf58f57f0e474b710de4,BUY,86498068750018438192524977941980476748299785729870940867089250086714498791178,0.9969999997977687,9.889666,1767095251
0x084962010f023f1c132572e11f59fcd5b00072f3406bafbc2b55ff346ad1f341_1767095251,0x2c3dce8515854f167dc523745a6b9d98d22ec9266d9f4921f62fd3e4bf1cfa1b,0x628e5c534610bfe44c7850d2f8c068a05b021d80,BUY,86498068750018438192524977941980476748299785729870940867089250086714498791178,0.997,11.354,1767095251
0xf879e5478977b7eaf99bef74b985ef20fec7b228977f52165b2222d4c2a815f3_1767095351,0x2c3dce8515854f167dc523745a6b9d98d22ec9266d9f4921f62fd3e4bf1cfa1b,0x79a2f22753d5be04b6bbc6843a02b1c7416e4c27,BUY,110290742709531333936637417418570910881285907663357514844586483587588568832794,0.006000000024,333.333332,1767095351
0x3ec68bcfd50734f9456f6acef74ba4717468ea1d50cd132161a2bab3f251e6e0_1767095359,0x2c3dce8515854f167dc523745a6b9d98d22ec9266d9f4921f62fd3e4bf1cfa1b,0x628e5c534610bfe44c7850d2f8c068a05b021d80,BUY,86498068750018438192524977941980476748299785729870940867089250086714498791178,0.9969999996983256,6.629666,1767095359
0x9f327dda20f2fb0cd4a512c8dddd57c0d693f8bd7bcb2a39bd0e26b0464ff568_1767095391,0x2c3dce8515854f167dc523745a6b9d98d22ec9266d9f4921f62fd3e4bf1cfa1b,0x79a2f22753d5be04b6bbc6843a02b1c7416e4c27,BUY,110290742709531333936637417418570910881285907663357514844586483587588568832794,0.006000000024,333.333332,1767095391
0xdaea4bb6b59a528cd1c88d525e6de44b1aeef0b8bc63029de5c0c5036eb60b6f_1767095401,0x2c3dce8515854f167dc523745a6b9d98d22ec9266d9f4921f62fd3e4bf1cfa1b,0x628e5c534610bfe44c7850d2f8c068a05b021d80,BUY,86498068750018438192524977941980476748299785729870940867089250086714498791178,0.9969999996983256,6.629666,1767095401
0x3f3d212858f0f66487fee0fcca6846fef0d4b073a4d80c681774fa3ebfafcb56_1767095577,0x2c3dce8515854f167dc523745a6b9d98d22ec9266d9f4921f62fd3e4bf1cfa1b,0xdd4729e9caaa7762b65ad3bb2419c3212f42497b,BUY,110290742709531333936637417418570910881285907663357514844586483587588568832794,0.0060000000024,3333.333332,1767095577
0xcb12afc7e0b0f85f7961e22fc2c071e4640285662dfad7b530a63aca355d06f5_1767095581,0x2c3dce8515854f167dc523745a6b9d98d22ec9266d9f4921f62fd3e4bf1cfa1b,0x05ddbe2edc2fcb293eb149028f45e93cec14305c,BUY,86498068750018438192524977941980476748299785729870940867089250086714498791178,0.997,1.414,1767095581
0x895d5b8845968f18eaa56391b874e17cc2121d6f85f76d98276e67fef2e31c7c_1767095587,0x2c3dce8515854f167dc523745a6b9d98d22ec9266d9f4921f62fd3e4bf1cfa1b,0x628e5c534610bfe44c7850d2f8c068a05b021d80,BUY,86498068750018438192524977941980476748299785729870940867089250086714498791178,0.9969999999258179,13.480333,1767095587
0x1c774361c373726d40a3234c90585184377d3451885c490eef2e3c72df188d81_1767095623,0x2c3dce8515854f167dc523745a6b9d98d22ec9266d9f4921f62fd3e4bf1cfa1b,0x5b07c21b2d9b3e8236c4efd7c9d72fc04ca2de95,SELL,110290742709531333936637417418570910881285907663357514844586483587588568832794,0.003,20.21,1767095623
0x4e05a9af23e9973c421aa186c0936cf72cd0da35d7ef1b2f5fdf654ee4320dbf_1767096345,0x2c3dce8515854f167dc523745a6b9d98d22ec9266d9f4921f62fd3e4bf1cfa1b,0xe7e3d55fecbdc8298d1960018cffcc44fb785a65,BUY,86498068750018438192524977941980476748299785729870940867089250086714498791178,0.997,11.033,1767096345
0x5b7ba2c5c56179ffece14b32822413d195cde877944c21acad4ff10bfe430123_1767096411,0x2c3dce8515854f167dc523745a6b9d98d22ec9266d9f4921f62fd3e4bf1cfa1b,0xc27830f67a48df607b661ac1417e4d96b2e9a116,SELL,86498068750018438192524977941980476748299785729870940867089250086714498791178,0.9910912353263184,328.82,1767096411
0xb89946c1b6ee53ded5db8f80019601bd454c6a3a5c5184d6419bac9bd2b6b970_1767096661,0x2c3dce8515854f167dc523745a6b9d98d22ec9266d9f4921f62fd3e4bf1cfa1b,0x1d145fd334642bd83be3dbcff3ed6a4fc57eabae,BUY,86498068750018438192524977941980476748299785729870940867089250086714498791178,0.9959997304158933,3.012047,1767096661
0xe36c84f25864c86e60ac4a4325d25d177182458cf0c3d4f6f71d397d91445128_1767096983,0x2c3dce8515854f167dc523745a6b9d98d22ec9266d9f4921f62fd3e4bf1cfa1b,0x6620dcebb344c7eafc3de90c73024b3fdf618a10,SELL,86498068750018438192524977941980476748299785729870940867089250086714498791178,0.992,3.7,1767096983
0x3a47f4bf45ad0290c824614839c194cf14e356b3d4038f3867ff28e44d4aead6_1767096997,0x2c3dce8515854f167dc523745a6b9d98d22ec9266d9f4921f62fd3e4bf1cfa1b,0x0776eb99a9825cb382575e1ce2d8c25bb6979d92,BUY,110290742709531333936637417418570910881285907663357514844586483587588568832794,0.008618708392431099,116.026666,1767096997
0xe162518dc81acc0a1f696f54a605522edf742e62b6d5a1009cb5ba2cf0aee470_1767097039,0x2c3dce8515854f167dc523745a6b9d98d22ec9266d9f4921f62fd3e4bf1cfa1b,0x79a2f22753d5be04b6bbc6843a02b1c7416e4c27,BUY,110290742709531333936637417418570910881285907663357514844586483587588568832794,0.009000000009,555.555555,1767097039
0x62706112b097571eef7f29694ef1446f911a2826fa0caf9f3b2e3fc0aab497e7_1767097093,0x2c3dce8515854f167dc523745a6b9d98d22ec9266d9f4921f62fd3e4bf1cfa1b,0xb7255a9fe6eb6c0ecdce65c4fe49136612bfbdf7,BUY,86498068750018438192524977941980476748299785729870940867089250086714498791178,0.995,2.01,1767097093
0x24bedf702f6cca8cb59ace6b243f4e2534fb5c1e515f0503a181b5517f1a414f_1767097155,0x2c3dce8515854f167dc523745a6b9d98d22ec9266d9f4921f62fd3e4bf1cfa1b,0xb7255a9fe6eb6c0ecdce65c4fe49136612bfbdf7,BUY,86498068750018438192524977941980476748299785729870940867089250086714498791178,0.995,2.01,1767097155
0x0806a39a06e295a3b19acfe6ef232bcb135fe384329b44f4635d87fbb70c5e14_1767097311,0x2c3dce8515854f167dc523745a6b9d98d22ec9266d9f4921f62fd3e4bf1cfa1b,0x98937189dd66c67995c75623803964faa172b2ce,BUY,110290742709531333936637417418570910881285907663357514844586483587588568832794,0.008,125.0,1767097311
0x43c015c0688895e259f4c45c582782e34c595dd10a89f628ab37879c58e9f4f7_1767097647,0x2c3dce8515854f167dc523745a6b9d98d22ec9266d9f4921f62fd3e4bf1cfa1b,0xcdb1f1ef8213c06911e4ba6a884176c5571e276c,BUY,86498068750018438192524977941980476748299785729870940867089250086714498791178,0.995,65.71,1767097647
0xf1ae150a4b1810458635adbdbb9c975c62ee60840212e1d5368f1879db26797a_1767097651,0x2c3dce8515854f167dc523745a6b9d98d22ec9266d9f4921f62fd3e4bf1cfa1b,0xcdb1f1ef8213c06911e4ba6a884176c5571e276c,BUY,86498068750018438192524977941980476748299785729870940867089250086714498791178,0.995,31.07,1767097651
0x237c8e40f41e0ff999c64e279c68c53304dbbce80254e9ad33ab816784eb6525_1767097833,0x2c3dce8515854f167dc523745a6b9d98d22ec9266d9f4921f62fd3e4bf1cfa1b,0xd786fe89305e38862f68503ed569fc439aa4057a,BUY,110290742709531333936637417418570910881285907663357514844586483587588568832794,0.006518783457330156,153.402856,1767097833
0x5213527e1adb867d1ce692b7a8b7e942567a058ff51f41207a5b749e075e9ce9_1767097935,0x2c3dce8515854f167dc523745a6b9d98d22ec9266d9f4921f62fd3e4bf1cfa1b,0xd786fe89305e38862f68503ed569fc439aa4057a,BUY,110290742709531333936637417418570910881285907663357514844586483587588568832794,0.0070000000028,714.285714,1767097935
0xfeb187ba0ac87dd4eda8f352a92080fee5bbae4fc47a33dfba51f9ec84bba3f2_1767097953,0x2c3dce8515854f167dc523745a6b9d98d22ec9266d9f4921f62fd3e4bf1cfa1b,0xcdb1f1ef8213c06911e4ba6a884176c5571e276c,BUY,86498068750018438192524977941980476748299785729870940867089250086714498791178,0.995,10.0,1767097953
0x7c5ee2c3cd34a6b6089fa9929065bda72b02ed5015a715426fff9a5984c1ea1b_1767098047,0x2c3dce8515854f167dc523745a6b9d98d22ec9266d9f4921f62fd3e4bf1cfa1b,0xd7f9b15ac0c0535fc65a6fae42a059642137cd5e,BUY,110290742709531333936637417418570910881285907663357514844586483587588568832794,0.007000000042,142.857142,1767098047
0xcb880c68590f99777cec3eb7ebdae59e78e5d060a9c64debeb4d04b5281db201_1767098653,0x2c3dce8515854f167dc523745a6b9d98d22ec9266d9f4921f62fd3e4bf1cfa1b,0x978a41b8bb224c405f71d241ea956fb272f4c358,BUY,86498068750018438192524977941980476748299785729870940867089250086714498791178,0.996,10.04,1767098653
0x4ba6c477ac66470aedfa23e7a4229e4d891127f1e9cc989f2fba8c5815c66f86_1767098679,0x2c3dce8515854f167dc523745a6b9d98d22ec9266d9f4921f62fd3e4bf1cfa1b,0x15369875b31a0d9841eb1fc732179336b203612e,BUY,110290742709531333936637417418570910881285907663357514844586483587588568832794,0.005833333347916666,171.428571,1767098679
0x8dd3fc585a19b8dd6f1ea8d53422c9c5b0b935bb44c4e93a02a8f74f47fa6d62_1767098777,0x2c3dce8515854f167dc523745a6b9d98d22ec9266d9f4921f62fd3e4bf1cfa1b,0x86ea4c164cb39cac91fdebe61f1edba021461d8d,BUY,110290742709531333936637417418570910881285907663357514844586483587588568832794,0.007000000042,142.857142,1767098777
0x284b09a75efde6335f67dc152b7ab4cac4fdc6a0260e740a88e103d946697afa_1767099121,0x2c3dce8515854f167dc523745a6b9d98d22ec9266d9f4921f62fd3e4bf1cfa1b,0x1392447344165a58483c7bc2d721f48f3c145c8c,BUY,86498068750018438192524977941980476748299785729870940867089250086714498791178,0.996,1.004,1767099121
0x6f08f4440383ad9837518eb1de268695ff473983eee361d4a767481630032ad3_1767099393,0x2c3dce8515854f167dc523745a6b9d98d22ec9266d9f4921f62fd3e4bf1cfa1b,0x4fd22bdf1bcbf17a83afd1b630259c125632943b,BUY,110290742709531333936637417418570910881285907663357514844586483587588568832794,0.007000000042,142.857142,1767099393
0xc54cebc8897a09fb546dc3eb0a93255062ab6658f96e9beb87259cd8503372a2_1767099515,0x2c3dce8515854f167dc523745a6b9d98d22ec9266d9f4921f62fd3e4bf1cfa1b,0x09eb0d63978f6946d3ae089e20f4316b425844dd,BUY,86498068750018438192524977941980476748299785729870940867089250086714498791178,0.996,10.04,1767099515
0x9c0129657400f12e32bbf6bb5cd23905ca5421b2def3f571a351a4445de88588_1767099607,0x2c3dce8515854f167dc523745a6b9d98d22ec9266d9f4921f62fd3e4bf1cfa1b,0x657c481562cfc0be075c5d558d8c8d885d0ab53c,BUY,110290742709531333936637417418570910881285907663357514844586483587588568832794,0.0070000000126,714.285713,1767099607
0x25a130afc9bbbd5e3c0ae058656b340ca84155a93ac850ec6cb8d0b7af2c5e83_1767099855,0x2c3dce8515854f167dc523745a6b9d98d22ec9266d9f4921f62fd3e4bf1cfa1b,0x9e27a466836ddbcc26daeb0d5f66caad69710e99,BUY,110290742709531333936637417418570910881285907663357514844586483587588568832794,0.006981673119406776,1145.857141,1767099855
0x7b48a500b28b4d714fb2e19d2658920aa1803e34cee2b50ccf7432e020971b53_1767099865,0x2c3dce8515854f167dc523745a6b9d98d22ec9266d9f4921f62fd3e4bf1cfa1b,0x628e5c534610bfe44c7850d2f8c068a05b021d80,BUY,86498068750018438192524977941980476748299785729870940867089250086714498791178,0.9949999509425664,8.663315,1767099865
0x62d206a10fa4e5dc5e3f016a628e110ee86a31a15a8f9cb8b6d2fe7ec4759658_1767100177,0x2c3dce8515854f167dc523745a6b9d98d22ec9266d9f4921f62fd3e4bf1cfa1b,0x52a2565fab9611d3163b0a4751ec99ceab5a376f,BUY,110290742709531333936637417418570910881285907663357514844586483587588568832794,0.007000000025666667,428.571427,1767100177
0xa2046539211b6a411c627cc41dfea1cb6bb0b704bdcf544df9c5f4a53f3b8599_1767100185,0x2c3dce8515854f167dc523745a6b9d98d22ec9266d9f4921f62fd3e4bf1cfa1b,0x628e5c534610bfe44c7850d2f8c068a05b021d80,BUY,86498068750018438192524977941980476748299785729870940867089250086714498791178,0.9949999484941082,8.542712,1767100185
0x279e2dcd6b92ceb8e9edadbb38ab58515e48abaa8fe5bff8cc06c61bba159f5b_1767100295,0x2c3dce8515854f167dc523745a6b9d98d22ec9266d9f4921f62fd3e4bf1cfa1b,0x7bc7267a633f4bfab2cc637b2567827e19268a02,BUY,110290742709531333936637417418570910881285907663357514844586483587588568832794,0.006194690320306994,161.42857,1767100295
0x24390c3fd6777e4bec8de6be9262ab5943b1a0978cfb5a6aff246bc357646bdb_1767100373,0x2c3dce8515854f167dc523745a6b9d98d22ec9266d9f4921f62fd3e4bf1cfa1b,0x2f6405e90f1a8b7ee9ba2951041c979fdd119138,BUY,110290742709531333936637417418570910881285907663357514844586483587588568832794,0.007000000091000001,142.857141,1767100373
0x6cb198ea07436e575b59403d9c50bdf6fd6c3be8933bc41217de9bcb67cacaac_1767100381,0x2c3dce8515854f167dc523745a6b9d98d22ec9266d9f4921f62fd3e4bf1cfa1b,0x628e5c534610bfe44c7850d2f8c068a05b021d80,BUY,86498068750018438192524977941980476748299785729870940867089250086714498791178,0.9949999453102479,2.834169,1767100381
0x6e68e30ff2af8c4c4aee5a43cec6fdeb91220ce1400afaebb81a480f47a12267_1767100419,0x2c3dce8515854f167dc523745a6b9d98d22ec9266d9f4921f62fd3e4bf1cfa1b,0xba861e1fca0ce9a6c5ee50c81254c2f6937ab2ac,BUY,110290742709531333936637417418570910881285907663357514844586483587588568832794,0.007000000025666667,428.571427,1767100419
0x9ed298323ec22a89a5895b5686c06b73b89a5391500df7c34a27d405e2405cd4_1767100427,0x2c3dce8515854f167dc523745a6b9d98d22ec9266d9f4921f62fd3e4bf1cfa1b,0x628e5c534610bfe44c7850d2f8c068a05b021d80,BUY,86498068750018438192524977941980476748299785729870940867089250086714498791178,0.9949999484941082,8.542712,1767100427
0xcce1a587f0564281127e839f4a99a9c7485be181fa8992aff2ba7d9e4c3b563f_1767100737,0x2c3dce8515854f167dc523745a6b9d98d22ec9266d9f4921f62fd3e4bf1cfa1b,0xd8f3790cc1896d89ed36fc415793e7163eea4c06,BUY,110290742709531333936637417418570910881285907663357514844586483587588568832794,0.007000000091000001,142.857141,1767100737
0xb771229cd8845c248aaaf3a4dd14d3e946f34f6bbb3cd1bd97d543c6474f61f0_1767100745,0x2c3dce8515854f167dc523745a6b9d98d22ec9266d9f4921f62fd3e4bf1cfa1b,0x628e5c534610bfe44c7850d2f8c068a05b021d80,BUY,86498068750018438192524977941980476748299785729870940867089250086714498791178,0.9939996919303734,2.837021,1767100745
0x9eb9a38f673b63f08468a46b96487f67f95867394a87c938252f1fa31488acf9_1767100843,0x2c3dce8515854f167dc523745a6b9d98d22ec9266d9f4921f62fd3e4bf1cfa1b,0xcdb1f1ef8213c06911e4ba6a884176c5571e276c,BUY,86498068750018438192524977941980476748299785729870940867089250086714498791178,0.994,556.94,1767100843
0xcdbca9ccd2535f02aa3f10829dfb2bb077f84d54fe1d68d957d45c3b870813da_1767101177,0x2c3dce8515854f167dc523745a6b9d98d22ec9266d9f4921f62fd3e4bf1cfa1b,0x4f19ed7b9046925ccb526ba3775b3a0ab45a79ef,BUY,110290742709531333936637417418570910881285907663357514844586483587588568832794,0.007,143.0,1767101177
0x2bd6164c36bb2717cdacd84943767b82676e8c3f825046fd639db72c2f8eeb32_1767101185,0x2c3dce8515854f167dc523745a6b9d98d22ec9266d9f4921f62fd3e4bf1cfa1b,0x628e5c534610bfe44c7850d2f8c068a05b021d80,BUY,86498068750018438192524977941980476748299785729870940867089250086714498791178,0.9949999453102479,2.834169,1767101185
0xdcb25936ba1fca752d32b3fe8d6d2ce164a76e0b24882d7a249e49d7666ba671_1767101187,0x2c3dce8515854f167dc523745a6b9d98d22ec9266d9f4921f62fd3e4bf1cfa1b,0x7fff822c173ec963cef2afe3b64d95dfcbe61f9f,BUY,110290742709531333936637417418570910881285907663357514844586483587588568832794,0.007000000042,285.714284,1767101187
0x8072e680bac94409169dbd39b82d0d7854494779a5e84255aade39e4fee14e68_1767101195,0x2c3dce8515854f167dc523745a6b9d98d22ec9266d9f4921f62fd3e4bf1cfa1b,0x628e5c534610bfe44c7850d2f8c068a05b021d80,BUY,86498068750018438192524977941980476748299785729870940867089250086714498791178,0.9949998703054631,4.934672,1767101195
0x30f2026282af98ab16f4eab9ced6377324ae2515ecfc700cf8911cb71fd8ab59_1767101583,0x2c3dce8515854f167dc523745a6b9d98d22ec9266d9f4921f62fd3e4bf1cfa1b,0x88dec155ce96d5beddccae8ec76b46863bba4d89,BUY,86498068750018438192524977941980476748299785729870940867089250086714498791178,0.9949996243872662,2.010049,1767101583
0xb8bae007dede11a5976bfb194d20b0736d9d6efc1045ec2cd7f319e00bd6d3a1_1767101631,0x2c3dce8515854f167dc523745a6b9d98d22ec9266d9f4921f62fd3e4bf1cfa1b,0x4be71aeeb7b190e1f331e75929dbe5cba0101b83,BUY,110290742709531333936637417418570910881285907663357514844586483587588568832794,0.007000000042,285.714284,1767101631
0x24c0f8e4920403d3fbdd3dc43c283820684071c6a29c960e12bb997689926a3a_1767101825,0x2c3dce8515854f167dc523745a6b9d98d22ec9266d9f4921f62fd3e4bf1cfa1b,0x64ef890654803935242b602497f088d4b9c5b728,BUY,110290742709531333936637417418570910881285907663357514844586483587588568832794,0.0070000000126,714.285713,1767101825
0x39cb29008ade0e8820f35ee40c64e1952a9a9274d12c42644926775218fcd0c8_1767101833,0x2c3dce8515854f167dc523745a6b9d98d22ec9266d9f4921f62fd3e4bf1cfa1b,0x628e5c534610bfe44c7850d2f8c068a05b021d80,BUY,86498068750018438192524977941980476748299785729870940867089250086714498791178,0.9949999961599479,11.718591,1767101833
0x38b52f32d97cee66bdce8877bb6a4b89ed0fea70cd501831b1d519afb402d8f5_1767101869,0x2c3dce8515854f167dc523745a6b9d98d22ec9266d9f4921f62fd3e4bf1cfa1b,0xe9a80665c18e8d750deaee4bf28ea32aa5ae416c,BUY,110290742709531333936637417418570910881285907663357514844586483587588568832794,0.007,3000.0,1767101869
0xfd300f326f4c1203a0d95f02020918dcaa547db28f028297f36b3e04e4eb89dc_1767101873,0x2c3dce8515854f167dc523745a6b9d98d22ec9266d9f4921f62fd3e4bf1cfa1b,0x05ddbe2edc2fcb293eb149028f45e93cec14305c,BUY,86498068750018438192524977941980476748299785729870940867089250086714498791178,0.9949999216534261,1.27638,1767101873
0x333562b450a72c398668e235ce86b5daae15b50243e60a3a1951e4b3ada4fdd0_1767101879,0x2c3dce8515854f167dc523745a6b9d98d22ec9266d9f4921f62fd3e4bf1cfa1b,0x628e5c534610bfe44c7850d2f8c068a05b021d80,BUY,86498068750018438192524977941980476748299785729870940867089250086714498791178,0.9949999763095209,13.507536,1767101879
0x694a43386aec51ee5d34e2ec0cb94b2387ef5cc76ed600208fe3fa84e347c4a2_1767101927,0x2c3dce8515854f167dc523745a6b9d98d22ec9266d9f4921f62fd3e4bf1cfa1b,0xc9f785392e54dc48a1ac4caa58b0941eea76d40c,BUY,86498068750018438192524977941980476748299785729870940867089250086714498791178,0.9949999797890621,48.241205,1767101927
0x0dd863156a15220522d624cf19d54300495a3702874df20cfe38b61bf8a5c318_1767102059,0x2c3dce8515854f167dc523745a6b9d98d22ec9266d9f4921f62fd3e4bf1cfa1b,0xc9f785392e54dc48a1ac4caa58b0941eea76d40c,SELL,86498068750018438192524977941980476748299785729870940867089250086714498791178,0.993,48.24,1767102059
0xe42aee289def11600ed91d19785e7bc2899ee52a9f21128bbab82602109171ea_1767102085,0x2c3dce8515854f167dc523745a6b9d98d22ec9266d9f4921f62fd3e4bf1cfa1b,0xc9f785392e54dc48a1ac4caa58b0941eea76d40c,BUY,86498068750018438192524977941980476748299785729870940867089250086714498791178,0.9949999797890621,48.241205,1767102085
0x19b903c59ac97093e868bfc57409cf8b99d34742e185e2ffa87b2523b58496de_1767102259,0x2c3dce8515854f167dc523745a6b9d98d22ec9266d9f4921f62fd3e4bf1cfa1b,0xe61b56e40a5d65ae38f7fe02b876be6b1629398d,SELL,86498068750018438192524977941980476748299785729870940867089250086714498791178,0.993,4.86,1767102259
0x3bbe8abad83cc21f40fa391e010c5b0ab5fdccf70e8cc0dc4f8ed58b73b15300_1767102407,0x2c3dce8515854f167dc523745a6b9d98d22ec9266d9f4921f62fd3e4bf1cfa1b,0x416b8dd22e63c7e73396ddff5aa46aef83e7bad6,BUY,110290742709531333936637417418570910881285907663357514844586483587588568832794,0.007,150.0,1767102407
0xd5fb29c68d945c4150d73ab04d79d1d374120eb409bba15085ab71c9c1eab9c6_1767102417,0x2c3dce8515854f167dc523745a6b9d98d22ec9266d9f4921f62fd3e4bf1cfa1b,0x628e5c534610bfe44c7850d2f8c068a05b021d80,BUY,86498068750018438192524977941980476748299785729870940867089250086714498791178,0.9949997865455097,2.974873,1767102417
0x251270ef91332f9101e9a23c7cbeac3cb147adf06b8be61b1e896eb1bca97866_1767102433,0x2c3dce8515854f167dc523745a6b9d98d22ec9266d9f4921f62fd3e4bf1cfa1b,0x176f2a8066cc1e11d99b56d5ae6ac77606ba0fa3,BUY,86498068750018438192524977941980476748299785729870940867089250086714498791178,0.995,10.0,1767102433
0x1b8cc4fa03da31b14c9c3734586149b34c526dec27e9e00650196923c582f018_1767102719,0x2c3dce8515854f167dc523745a6b9d98d22ec9266d9f4921f62fd3e4bf1cfa1b,0x491213da9c46715364098c7b8a08ae5398b3c24e,BUY,110290742709531333936637417418570910881285907663357514844586483587588568832794,0.007000000042,285.714284,1767102719
0xf12b8581cc53f654246545bc5e964c238d9a1e7dd513a0b2ea2d1c60c069e689_1767102727,0x2c3dce8515854f167dc523745a6b9d98d22ec9266d9f4921f62fd3e4bf1cfa1b,0xa4fdf2d028a5c1cd7bd73c5a1b78a1ff882e4060,BUY,86498068750018438192524977941980476748299785729870940867089250086714498791178,0.9949997104709211,1.226129,1767102727
0xae02ea1fabb09b3bb72022d09d7e193e519dd68bf2672474f24ed26a3d824dae_1767102749,0x2c3dce8515854f167dc523745a6b9d98d22ec9266d9f4921f62fd3e4bf1cfa1b,0xeca0c0888e34df59589c67fbe53dc7f298b5e8f8,SELL,86498068750018438192524977941980476748299785729870940867089250086714498791178,0.993,111.21,1767102749
0x12feeae1f6a2cf22fd7658a4df044430ad7c0712d6eb39e530833eddca731827_1767102757,0x2c3dce8515854f167dc523745a6b9d98d22ec9266d9f4921f62fd3e4bf1cfa1b,0x628e5c534610bfe44c7850d2f8c068a05b021d80,BUY,86498068750018438192524977941980476748299785729870940867089250086714498791178,0.9949995547486511,2.201004,1767102757
0x792151773f6f04f30db5d1d41a38766f3149c035cd71fe7c8eaff5868ebbff31_1767102811,0x2c3dce8515854f167dc523745a6b9d98d22ec9266d9f4921f62fd3e4bf1cfa1b,0xcd9607c4a676b7815f10bb8bc25355414e47cbdc,SELL,86498068750018438192524977941980476748299785729870940867089250086714498791178,0.993,13.43,1767102811
0x510071c4f84c30d59a51e1b0801bc637636005d73e60e7c2acb588e63c59b630_1767103007,0x2c3dce8515854f167dc523745a6b9d98d22ec9266d9f4921f62fd3e4bf1cfa1b,0x33df427ad045fbe49dabbf9f6676df72b745efcc,BUY,86498068750018438192524977941980476748299785729870940867089250086714498791178,0.9949991243990193,1.005024,1767103007
0x86c2a3f1c77b0d6e1ff3e15f83e1d8ee1c5b6a558654521c90deddcf02b7111b_1767103559,0x2c3dce8515854f167dc523745a6b9d98d22ec9266d9f4921f62fd3e4bf1cfa1b,0xcdb1f1ef8213c06911e4ba6a884176c5571e276c,BUY,86498068750018438192524977941980476748299785729870940867089250086714498791178,0.994,130.0,1767103559
0x5c7e296106dd42c731f578303f0fb06f88809e7c5673b07e880dae845425672a_1767103559,0x2c3dce8515854f167dc523745a6b9d98d22ec9266d9f4921f62fd3e4bf1cfa1b,0xe86c7cbaf60872f136cd5a1627a6c88ef3e1bb51,BUY,110290742709531333936637417418570910881285907663357514844586483587588568832794,0.007717413030543205,6478.855,1767103559
0x5c13ea1916318a3c41e8beb5cb0b94b1157a271ae903cf8c46a0090ef063e952_1767103893,0x2c3dce8515854f167dc523745a6b9d98d22ec9266d9f4921f62fd3e4bf1cfa1b,0xe5575fcfeea0784f927ee55bed95787c94b17e8c,BUY,110290742709531333936637417418570910881285907663357514844586483587588568832794,0.008188486059465101,28308.04111,1767103893
0x59bf6311130aa8cb4f75372c906a754d6179b9a63075d85ab43010ffef30e5fc_1767103897,0x2c3dce8515854f167dc523745a6b9d98d22ec9266d9f4921f62fd3e4bf1cfa1b,0x05ddbe2edc2fcb293eb149028f45e93cec14305c,BUY,86498068750018438192524977941980476748299785729870940867089250086714498791178,0.994,4.2655,1767103897
0xfb556cb34647d13a6ddcd95e507906ecb270d34dec85c7a98ecfce894f015738_1767103931,0x2c3dce8515854f167dc523745a6b9d98d22ec9266d9f4921f62fd3e4bf1cfa1b,0x7dc78f164c24366145a9334c8ef8f59c3bd40a2b,SELL,86498068750018438192524977941980476748299785729870940867089250086714498791178,0.991,154.1,1767103931
0xc7a1e709c95e6c9af0843292a310caa5b478232bf5e41861ee298b2c523a41fe_1767103935,0x2c3dce8515854f167dc523745a6b9d98d22ec9266d9f4921f62fd3e4bf1cfa1b,0xcdb1f1ef8213c06911e4ba6a884176c5571e276c,BUY,86498068750018438192524977941980476748299785729870940867089250086714498791178,0.994,23.1,1767103935
0x384f4ffb661c7b2adcd925c38bac553797a245ee9c95e9a7163fcac5033a1862_1767103973,0x2c3dce8515854f167dc523745a6b9d98d22ec9266d9f4921f62fd3e4bf1cfa1b,0x4ad20dedd07a47c3fc50b423d4558be3490c54bd,SELL,86498068750018438192524977941980476748299785729870940867089250086714498791178,0.9920695369287856,393.46,1767103973
0x93545e09efcdec4e6e4d4e13a8ce1d59820c2256b7006d8d4d87a5957e6b0780_1767104045,0x2c3dce8515854f167dc523745a6b9d98d22ec9266d9f4921f62fd3e4bf1cfa1b,0xed04895e5368b4ab0d8a3ab525e378726b487419,BUY,110290742709531333936637417418570910881285907663357514844586483587588568832794,0.008,533.9,1767104045
0x49d2caeefc3091bed0644a5656b25edd94716fcbf766d3f45e813aba88f229e2_1767104067,0x2c3dce8515854f167dc523745a6b9d98d22ec9266d9f4921f62fd3e4bf1cfa1b,0xcdb1f1ef8213c06911e4ba6a884176c5571e276c,BUY,86498068750018438192524977941980476748299785729870940867089250086714498791178,0.992,300.0,1767104067
0x505f5b30651d88ac5e7ae4c303d3144c7fc1c62c0daf85ce017b08961afd4023_1767104153,0x2c3dce8515854f167dc523745a6b9d98d22ec9266d9f4921f62fd3e4bf1cfa1b,0xed04895e5368b4ab0d8a3ab525e378726b487419,BUY,110290742709531333936637417418570910881285907663357514844586483587588568832794,0.009000000007737775,2067.777776,1767104153
0xf20caa12c0cf4a721e94b2ea107c098c874708c47965bac31d90ed349425d442_1767104685,0x2c3dce8515854f167dc523745a6b9d98d22ec9266d9f4921f62fd3e4bf1cfa1b,0x8a9df473b8ae38a1342b126ad8a2e25e814d69fb,BUY,110290742709531333936637417418570910881285907663357514844586483587588568832794,0.00900000002057143,777.777776,1767104685
0x802d7b58047ad4907e3cb1929e9719c63e384204c6ddbfc905c3d3fb8a854373_1767105223,0x2c3dce8515854f167dc523745a6b9d98d22ec9266d9f4921f62fd3e4bf1cfa1b,0x2377eeebcacd30e195c697f54d114c64cf331481,BUY,110290742709531333936637417418570910881285907663357514844586483587588568832794,0.008,462.5,1767105223
0xcd0354760cf1a1f903de5aa69a4c0ab738b8beb9ac31380b0b77e0c0ac9e8ba5_1767105267,0x2c3dce8515854f167dc523745a6b9d98d22ec9266d9f4921f62fd3e4bf1cfa1b,0x364f935ccafae7bb980616b81999239ed816562c,BUY,86498068750018438192524977941980476748299785729870940867089250086714498791178,0.9949999243799755,5.025124,1767105267
0xc0237bd58a54b3a5a9145a913c0893223b90beb64b2c16027101b6348ef8ccaa_1767105307,0x2c3dce8515854f167dc523745a6b9d98d22ec9266d9f4921f62fd3e4bf1cfa1b,0x84edcfbbbb07f5b7b734de2a1d3b3437a106a7c7,BUY,86498068750018438192524977941980476748299785729870940867089250086714498791178,0.9949991243990193,1.005024,1767105307
0x54eaf552685d6f4db09f49b845584bcadb69884f42440921b34ceea1f8b22f25_1767105401,0x2c3dce8515854f167dc523745a6b9d98d22ec9266d9f4921f62fd3e4bf1cfa1b,0x2d0660cac4d9877729e4e78a591da61658d6a80d,BUY,86498068750018438192524977941980476748299785729870940867089250086714498791178,0.995,20.1004,1767105401
0x20f0c0b70d47f4de724c357834379e78865f68e164295520e7b9497808718195_1767105647,0x2c3dce8515854f167dc523745a6b9d98d22ec9266d9f4921f62fd3e4bf1cfa1b,0xcdb1f1ef8213c06911e4ba6a884176c5571e276c,SELL,86498068750018438192524977941980476748299785729870940867089250086714498791178,0.993,426.7,1767105647
0x470fb2962c38e19d938ddab92687bfd8c385505ed3d6c4a84d9b708d7c887c70_1767105711,0x2c3dce8515854f167dc523745a6b9d98d22ec9266d9f4921f62fd3e4bf1cfa1b,0xf2d29222ad7a9b984a799dd6064a4a14110bc866,SELL,86498068750018438192524977941980476748299785729870940867089250086714498791178,0.992,4.16,1767105711
0xe060bb65f3c29f35b5f79f3184e6b1198b1d10b783001531fe14a6b55e95b384_1767105885,0x2c3dce8515854f167dc523745a6b9d98d22ec9266d9f4921f62fd3e4bf1cfa1b,0x12bde4eae37239f1f95bdf72e5f208d8182cee48,BUY,86498068750018438192524977941980476748299785729870940867089250086714498791178,0.995,10.0502,1767105885
0xe726c8cc0f5eee0e11b24ae7f8e7670a9e12313f14865c660034fcea650a828f_1767106051,0x2c3dce8515854f167dc523745a6b9d98d22ec9266d9f4921f62fd3e4bf1cfa1b,0x42517371065740797ad771c0bc7ecbf53452fa50,BUY,110290742709531333936637417418570910881285907663357514844586483587588568832794,0.008,125.0,1767106051
0x519685bba86a7508949b843c7d1385072d119ad9b87e5e8db2d7a056f0874999_1767106061,0x2c3dce8515854f167dc523745a6b9d98d22ec9266d9f4921f62fd3e4bf1cfa1b,0x628e5c534610bfe44c7850d2f8c068a05b021d80,BUY,86498068750018438192524977941980476748299785729870940867089250086714498791178,0.995,2.4824,1767106061
0x2c6c37c56fb55f606b24fc63c93fc2feb553430771a88118cd1ca7097b67cfc4_1767106203,0x2c3dce8515854f167dc523745a6b9d98d22ec9266d9f4921f62fd3e4bf1cfa1b,0xfc7a9e26dbc8626ab39ef6283714829f0edde98f,BUY,110290742709531333936637417418570910881285907663357514844586483587588568832794,0.008,196.25,1767106203
0x3a7b6bd0c376464b3babd81b611deed3f6965b6d4bc28d6fdc40609f4e194272_1767106885,0x2c3dce8515854f167dc523745a6b9d98d22ec9266d9f4921f62fd3e4bf1cfa1b,0xcdb1f1ef8213c06911e4ba6a884176c5571e276c,SELL,86498068750018438192524977941980476748299785729870940867089250086714498791178,0.992,700.0,1767106885
0x54ccca067bfe1942af7f865863751d6ccbdb8c599b61f56f31541d4899be7c3f_1767106961,0x2c3dce8515854f167dc523745a6b9d98d22ec9266d9f4921f62fd3e4bf1cfa1b,0xef02ae62bf79392eaaa2c7a4a07daa872d444f7e,BUY,86498068750018438192524977941980476748299785729870940867089250086714498791178,0.995,1.0452,1767106961
0x66baf7ba65c1b71538c65ffe64c97474ad207b315cbb700b061e5ccfa4432a41_1767106975,0x2c3dce8515854f167dc523745a6b9d98d22ec9266d9f4921f62fd3e4bf1cfa1b,0xac56ec492200086cf2f52b39376c139b8b5e22ed,BUY,86498068750018438192524977941980476748299785729870940867089250086714498791178,0.995,10.0502,1767106975
0xb10f3bb6ae0a7a5b766a12bbeaf234aa77d9278b88fc9fb3483896354bcd0741_1767107315,0x2c3dce8515854f167dc523745a6b9d98d22ec9266d9f4921f62fd3e4bf1cfa1b,0x449f9793e3c3f1af12203c96f078d4db9719913b,SELL,86498068750018438192524977941980476748299785729870940867089250086714498791178,0.993,50.25,1767107315
0xacf87cdbc32240f6d8187ae64bcf33f55f768098fd00e5e429491b6b1ce989ab_1767107535,0x2c3dce8515854f167dc523745a6b9d98d22ec9266d9f4921f62fd3e4bf1cfa1b,0xcdb1f1ef8213c06911e4ba6a884176c5571e276c,SELL,86498068750018438192524977941980476748299785729870940867089250086714498791178,0.993,3500.0,1767107535
0x8ebd8bfc9b4687303858a9af9e26c1367db22bfb9b9e5bf088da63c130f72f57_1767107911,0x2c3dce8515854f167dc523745a6b9d98d22ec9266d9f4921f62fd3e4bf1cfa1b,0x73840b6d32bde68a310b4c847ea74da575c5d37a,BUY,110290742709531333936637417418570910881285907663357514844586483587588568832794,0.007000000091000001,142.857141,1767107911
0xf7484af53100eb20a2ce4fa6e80ac72397ad700da5719bee691057d094d11733_1767107981,0x2c3dce8515854f167dc523745a6b9d98d22ec9266d9f4921f62fd3e4bf1cfa1b,0xfdf844db01c7c7e6e73d46d832320dbe443bf7b4,SELL,86498068750018438192524977941980476748299785729870940867089250086714498791178,0.993,433.33,1767107981
0x58d5c328b81f3ea45dedaeeb937143aa3aa44d866914a1ccb42765758764ff06_1767108233,0x2c3dce8515854f167dc523745a6b9d98d22ec9266d9f4921f62fd3e4bf1cfa1b,0x3797bcdef505679ffb35e26620f8c14c1c8451ee,SELL,86498068750018438192524977941980476748299785729870940867089250086714498791178,0.993,1.93,1767108233
0xb0cd94696b95bd2a9b800d9e1ccdf0cb05e162bc7a483208d70a6ca02845226d_1767108395,0x2c3dce8515854f167dc523745a6b9d98d22ec9266d9f4921f62fd3e4bf1cfa1b,0xb969bcd45888151ea4db702d0ac858b49e0e089e,SELL,110290742709531333936637417418570910881285907663357514844586483587588568832794,0.00414268,500.0,1767108395
0x89cb7ea5fce3d59295dbc900396e1f86eba5b741f291ddeea9ef1c62b3b1df6f_1767108405,0x2c3dce8515854f167dc523745a6b9d98d22ec9266d9f4921f62fd3e4bf1cfa1b,0xeccab812c0c6256ccdef7a9a3a7cd114947f6a15,SELL,86498068750018438192524977941980476748299785729870940867089250086714498791178,0.993,10.0,1767108405
0xf3112fc393b5a1ab3e13495f3fef6c8673acccb4001af9b886ed3128a0c16fe2_1767108467,0x2c3dce8515854f167dc523745a6b9d98d22ec9266d9f4921f62fd3e4bf1cfa1b,0xedf3d0678e238fb685960523c43f7b3fe82d5eaa,SELL,86498068750018438192524977941980476748299785729870940867089250086714498791178,0.993,8.75,1767108467
0xb566923c9a9935ba3c9a60cef5723b0956c3b18ad0255175e6bdb77b5d19e934_1767108559,0x2c3dce8515854f167dc523745a6b9d98d22ec9266d9f4921f62fd3e4bf1cfa1b,0x6a54e4d04bed7ca8330b8a8a5da5331c71850694,SELL,86498068750018438192524977941980476748299785729870940867089250086714498791178,0.993,3.34,1767108559
0x119f62a96ab706b7ac2f1f521e605ca1685be9365b1e347a91d72d63eda9b855_1767108637,0x2c3dce8515854f167dc523745a6b9d98d22ec9266d9f4921f62fd3e4bf1cfa1b,0xa6b7ebd5ce137c3b5d56f896a52eba71702bd5f3,SELL,110290742709531333936637417418570910881285907663357514844586483587588568832794,0.004,50.0,1767108637
0x57dba8cdd86f11dc8474ad1847c0cf837b369a3e4659f10fd4ca87defc715e9a_1767108827,0x2c3dce8515854f167dc523745a6b9d98d22ec9266d9f4921f62fd3e4bf1cfa1b,0xa9456cecf9d6fb545f6408e0e2dbbfa307d7bae6,BUY,86498068750018438192524977941980476748299785729870940867089250086714498791178,0.996,1.10425,1767108827
0x9527672f42638e88553ce3df74052379d09f238db3901e9286a888911680977a_1767109003,0x2c3dce8515854f167dc523745a6b9d98d22ec9266d9f4921f62fd3e4bf1cfa1b,0xa9456cecf9d6fb545f6408e0e2dbbfa307d7bae6,BUY,86498068750018438192524977941980476748299785729870940867089250086714498791178,0.996,1.004,1767109003
0x7aa6c1429e59457f7fc1c9a02e0f852312590b6f9d0b1d94f2b4c15bf4702821_1767109091,0x2c3dce8515854f167dc523745a6b9d98d22ec9266d9f4921f62fd3e4bf1cfa1b,0xe358d7db4571c0934529a7032f6e2576d2116878,BUY,110290742709531333936637417418570910881285907663357514844586483587588568832794,0.007000000091000001,142.857141,1767109091
0xf71e4f1cfe11dcb867ee26e8cb94793c674dabcc20ce599edff6aac2f9e95496_1767109353,0x2c3dce8515854f167dc523745a6b9d98d22ec9266d9f4921f62fd3e4bf1cfa1b,0x9044f0d63a2dbc9515e56be6aa8259fcdda1e66f,BUY,110290742709531333936637417418570910881285907663357514844586483587588568832794,0.007000000091000001,142.857141,1767109353
0xd6176de9416ee490d8f028cbde7233a03c8a140f1ba8d50614e06a1a1ee84a0a_1767109355,0x2c3dce8515854f167dc523745a6b9d98d22ec9266d9f4921f62fd3e4bf1cfa1b,0x5f53d058f828f12a0ae25450ac8f6e6b514f41bd,BUY,110290742709531333936637417418570910881285907663357514844586483587588568832794,0.007000000091000001,142.857141,1767109355
0xecd843db1de53748d04f8ee5f186537cb517eb1e12325c449d49a23f5fb2d62c_1767109443,0x2c3dce8515854f167dc523745a6b9d98d22ec9266d9f4921f62fd3e4bf1cfa1b,0xa9456cecf9d6fb545f6408e0e2dbbfa307d7bae6,SELL,86498068750018438192524977941980476748299785729870940867089250086714498791178,0.993,2.1,1767109443
0xcd096ac0c0bcfeaf53884b07e663a9da7c78894785b3374377eb5fb522f1e609_1767109455,0x2c3dce8515854f167dc523745a6b9d98d22ec9266d9f4921f62fd3e4bf1cfa1b,0xa9456cecf9d6fb545f6408e0e2dbbfa307d7bae6,BUY,86498068750018438192524977941980476748299785729870940867089250086714498791178,0.996,1.004,1767109455
0xcf59d33ca06180822ed50c7d1ecaef7e086fa16e191b06da2001c52a8b407a19_1767109823,0x2c3dce8515854f167dc523745a6b9d98d22ec9266d9f4921f62fd3e4bf1cfa1b,0x3b64f0df8eb1e72026f70e70b02f7c6dd67ad59e,BUY,110290742709531333936637417418570910881285907663357514844586483587588568832794,0.0070000000126,714.285713,1767109823
0x30ac56e7b99f2deb4217c03fbba1da7089af0fdc6c61e8b9585cc438cd4abba8_1767109967,0x2c3dce8515854f167dc523745a6b9d98d22ec9266d9f4921f62fd3e4bf1cfa1b,0x2a5f1a4f2401bb06ab786e4685f8fdbba550e226,BUY,110290742709531333936637417418570910881285907663357514844586483587588568832794,0.007,162.0,1767109967
0x81667d36ead0f7657225c198216cbdd6ba2731907f3730460ee043de03b9feba_1767110017,0x2c3dce8515854f167dc523745a6b9d98d22ec9266d9f4921f62fd3e4bf1cfa1b,0xd7570beffd50344c7c2b1d11628a6d7ff8132626,BUY,110290742709531333936637417418570910881285907663357514844586483587588568832794,0.007000000055395684,198.571427,1767110017
0xaad36e77a13594c3008df5364da1f62b08972bbd4bdd9258099af4e5eac7ea8c_1767110143,0x2c3dce8515854f167dc523745a6b9d98d22ec9266d9f4921f62fd3e4bf1cfa1b,0xa9456cecf9d6fb545f6408e0e2dbbfa307d7bae6,BUY,86498068750018438192524977941980476748299785729870940867089250086714498791178,0.996,1.004,1767110143
0x84687c493ce98f1c9ac06160aa9c50449f0ec3260646c47d54a41aa9520be8bf_1767110221,0x2c3dce8515854f167dc523745a6b9d98d22ec9266d9f4921f62fd3e4bf1cfa1b,0x9f923f82ca0db95bd3c13d3dfaf22cd330ad5c90,BUY,110290742709531333936637417418570910881285907663357514844586483587588568832794,0.0070000000126,714.285713,1767110221
0x39f3d378c2670a910e8eb7621024183024783f4af7c89a0facf6cd8dfa0796a8_1767110373,0x2c3dce8515854f167dc523745a6b9d98d22ec9266d9f4921f62fd3e4bf1cfa1b,0x50a1438b529f8c4e7da7bf8a8656529fa7561943,BUY,110290742709531333936637417418570910881285907663357514844586483587588568832794,0.0070000000077,1428.571427,1767110373
0x984d8cb98077c96d4a40541d1698d650078d85a1878ef9f68568560776a582f0_1767110375,0x2c3dce8515854f167dc523745a6b9d98d22ec9266d9f4921f62fd3e4bf1cfa1b,0x5c67ca3650463cbb70fcc1ff918ae12edfdd0cac,BUY,110290742709531333936637417418570910881285907663357514844586483587588568832794,0.007000000091000001,142.857141,1767110375
0x2f678e7f89737bcfbeae90c680b7ae69e54c69709cbd0545c31218b99b0aae52_1767110433,0x2c3dce8515854f167dc523745a6b9d98d22ec9266d9f4921f62fd3e4bf1cfa1b,0x4eb601e831ba73bbc8e9f9f60aa636af632a5e8a,SELL,86498068750018438192524977941980476748299785729870940867089250086714498791178,0.993,12.38,1767110433
0x9bb43a145b8ac733f8db4fc48eb6cd61ed2594cc2dd66a4168d09d9f5e0130ad_1767110449,0x2c3dce8515854f167dc523745a6b9d98d22ec9266d9f4921f62fd3e4bf1cfa1b,0xd8f3790cc1896d89ed36fc415793e7163eea4c06,BUY,110290742709531333936637417418570910881285907663357514844586483587588568832794,0.007000000091000001,142.857141,1767110449
0x3c211ff9125c0eaf51e739be045632043ed1f95667728f3b5f3b0bcd8da55d2d_1767110511,0x2c3dce8515854f167dc523745a6b9d98d22ec9266d9f4921f62fd3e4bf1cfa1b,0x2a5f1a4f2401bb06ab786e4685f8fdbba550e226,BUY,110290742709531333936637417418570910881285907663357514844586483587588568832794,0.007,1500.0,1767110511
0x995c4f0e093b45496863625d17657c6e79d818e8c73a3881255b3056abf63161_1767110683,0x2c3dce8515854f167dc523745a6b9d98d22ec9266d9f4921f62fd3e4bf1cfa1b,0x2a5f1a4f2401bb06ab786e4685f8fdbba550e226,BUY,86498068750018438192524977941980476748299785729870940867089250086714498791178,0.996,219.87,1767110683
0xa048bd2be15e9bc7e3ce85598221580535369faf36c6e845f0a893e8b0abfcc4_1767110753,0x2c3dce8515854f167dc523745a6b9d98d22ec9266d9f4921f62fd3e4bf1cfa1b,0xa9456cecf9d6fb545f6408e0e2dbbfa307d7bae6,BUY,86498068750018438192524977941980476748299785729870940867089250086714498791178,0.996,1.004,1767110753
0x8ca65a13d505772e3951e8205bc3288e17fefce9972ce2313bb94aa382d75b1b_1767110785,0x2c3dce8515854f167dc523745a6b9d98d22ec9266d9f4921f62fd3e4bf1cfa1b,0x87eab0e4f77752115b222d51a8de1f8aa1551d69,SELL,86498068750018438192524977941980476748299785729870940867089250086714498791178,0.993,15.24,1767110785
0x18b703c432b8d9ba2ee2e045615003577e891debc3a234b920a6a5802bbe98c4_1767110811,0x2c3dce8515854f167dc523745a6b9d98d22ec9266d9f4921f62fd3e4bf1cfa1b,0xa9456cecf9d6fb545f6408e0e2dbbfa307d7bae6,BUY,86498068750018438192524977941980476748299785729870940867089250086714498791178,0.996,1.004,1767110811
0xf4864cf962d03d3edd7885bfdcd865d1801ac3a668d5fe4631ec3ba2ac2f1a52_1767110867,0x2c3dce8515854f167dc523745a6b9d98d22ec9266d9f4921f62fd3e4bf1cfa1b,0xa9456cecf9d6fb545f6408e0e2dbbfa307d7bae6,SELL,86498068750018438192524977941980476748299785729870940867089250086714498791178,0.993,4.02,1767110867
0x53de8ea339aa0da39c94dd1fca4eeec46fc33c1ff3d4ce59fe3f0fe1e8377d56_1767110997,0x2c3dce8515854f167dc523745a6b9d98d22ec9266d9f4921f62fd3e4bf1cfa1b,0x7097da45b2c5327c02a618cd9d77e5d428f2d7b8,BUY,110290742709531333936637417418570910881285907663357514844586483587588568832794,0.0070000000077,1428.571427,1767110997
0x981b72bc9ff84f4b681ba4723a99a652555211b34d089784ee4f5fd22831e090_1767111007,0x2c3dce8515854f167dc523745a6b9d98d22ec9266d9f4921f62fd3e4bf1cfa1b,0xa9456cecf9d6fb545f6408e0e2dbbfa307d7bae6,BUY,86498068750018438192524977941980476748299785729870940867089250086714498791178,0.996,1.004,1767111007
0xfcddaf157419ab6faacf3dc8f3f9664135517670feed68997aec55760266103b_1767111113,0x2c3dce8515854f167dc523745a6b9d98d22ec9266d9f4921f62fd3e4bf1cfa1b,0x4fd22bdf1bcbf17a83afd1b630259c125632943b,BUY,110290742709531333936637417418570910881285907663357514844586483587588568832794,0.007000000025666667,428.571427,1767111113
0xe877883a5a88a9204ef5b63e81a5d5a4ef79b9d9a09a70e41661bd29bb29b4cb_1767111367,0x2c3dce8515854f167dc523745a6b9d98d22ec9266d9f4921f62fd3e4bf1cfa1b,0xa9456cecf9d6fb545f6408e0e2dbbfa307d7bae6,BUY,86498068750018438192524977941980476748299785729870940867089250086714498791178,0.996,1.004,1767111367
0x209e7123c5172fb346bea439914cce1898769c429e82f5e5b73d8a8e2a0229a3_1767111793,0x2c3dce8515854f167dc523745a6b9d98d22ec9266d9f4921f62fd3e4bf1cfa1b,0xa9456cecf9d6fb545f6408e0e2dbbfa307d7bae6,BUY,86498068750018438192524977941980476748299785729870940867089250086714498791178,0.996,1.004,1767111793
0x9d74101c001d4e277ab76284c24edb07fb815ee7af60584d048b19f08bbfe3bc_1767111841,0x2c3dce8515854f167dc523745a6b9d98d22ec9266d9f4921f62fd3e4bf1cfa1b,0x491213da9c46715364098c7b8a08ae5398b3c24e,BUY,110290742709531333936637417418570910881285907663357514844586483587588568832794,0.007000000091000001,142.857141,1767111841
0x4635680250ea5d577894e0843f08ceb36fd12e50c2c6be511c9f72b754c6c3df_1767111891,0x2c3dce8515854f167dc523745a6b9d98d22ec9266d9f4921f62fd3e4bf1cfa1b,0xa9456cecf9d6fb545f6408e0e2dbbfa307d7bae6,SELL,86498068750018438192524977941980476748299785729870940867089250086714498791178,0.993,3.01,1767111891
0x3b87055b24b327f6262a775094ea13fd566f2b188e7104d89698679c3931baae_1767111911,0x2c3dce8515854f167dc523745a6b9d98d22ec9266d9f4921f62fd3e4bf1cfa1b,0x70b4f8a55821dee62d7d8e098c062190f65b4e6e,BUY,110290742709531333936637417418570910881285907663357514844586483587588568832794,0.007000000091000001,142.857141,1767111911
0x1144d6539a9f61b6efecfed400480c91ef9b066c6fd96925a79eade8b0a553e2_1767112217,0x2c3dce8515854f167dc523745a6b9d98d22ec9266d9f4921f62fd3e4bf1cfa1b,0x2150d0878c2514c81fbded2a7e309abb89c9581b,BUY,110290742709531333936637417418570910881285907663357514844586483587588568832794,0.0070000000224,357.142856,1767112217
0xb4fcd0cdb46966df201495d72fa3444686a0090fa228e99ab38502e2cbb60b77_1767112231,0x2c3dce8515854f167dc523745a6b9d98d22ec9266d9f4921f62fd3e4bf1cfa1b,0x54cc3d2ce23e6b9dbb4ec7d74fb04b945430204c,BUY,110290742709531333936637417418570910881285907663357514844586483587588568832794,0.007000000091000001,142.857141,1767112231
0x905deebb3c67ec122c1804f946d153aad6d83b3bb56f57085113b4ba548c11da_1767112321,0x2c3dce8515854f167dc523745a6b9d98d22ec9266d9f4921f62fd3e4bf1cfa1b,0xa8db1acf83d9a28cf1c892af6b493ee0bd47bbdd,BUY,110290742709531333936637417418570910881285907663357514844586483587588568832794,0.006000000060000001,166.666665,1767112321
0xb71c7cc78abf43d15ed598f5a2e295282be772b4c25e1773c342db413c058da4_1767112355,0x2c3dce8515854f167dc523745a6b9d98d22ec9266d9f4921f62fd3e4bf1cfa1b,0x657c481562cfc0be075c5d558d8c8d885d0ab53c,BUY,110290742709531333936637417418570910881285907663357514844586483587588568832794,0.006,1250.0,1767112355
0xa476114f6193bb00340d70485dfae5e751613f3527d637cd7bc7c25505023c71_1767112411,0x2c3dce8515854f167dc523745a6b9d98d22ec9266d9f4921f62fd3e4bf1cfa1b,0x81d131a7b47d012ac448c165a41b152ecf9b4e30,SELL,110290742709531333936637417418570910881285907663357514844586483587588568832794,0.004,37.31,1767112411
0xee9c317a523d5399d72ddb5aa5c37b245bcc8969bab1c894d527e3a041b73b07_1767112487,0x2c3dce8515854f167dc523745a6b9d98d22ec9266d9f4921f62fd3e4bf1cfa1b,0xa9456cecf9d6fb545f6408e0e2dbbfa307d7bae6,BUY,86498068750018438192524977941980476748299785729870940867089250086714498791178,0.996,1.004,1767112487
0xb21d64f1b806db6ed9b739349f11c85213f4d35251ef0b523f530b8526d76e1d_1767112529,0x2c3dce8515854f167dc523745a6b9d98d22ec9266d9f4921f62fd3e4bf1cfa1b,0x657c481562cfc0be075c5d558d8c8d885d0ab53c,BUY,110290742709531333936637417418570910881285907663357514844586483587588568832794,0.0054725274725274725,2275.0,1767112529
0x12c22f3a267cfa209d1e05a5722b73aa809716821b262b642dd331d4d77231df_1767112661,0x2c3dce8515854f167dc523745a6b9d98d22ec9266d9f4921f62fd3e4bf1cfa1b,0xe8a7c0b2c78dceb49b2bb0817ff37bf13b20c690,BUY,86498068750018438192524977941980476748299785729870940867089250086714498791178,0.996,1.004,1767112661
0x3310aba457f669c2cea5665182cad013a906083222a423425d229e3767a0c8a6_1767112691,0x2c3dce8515854f167dc523745a6b9d98d22ec9266d9f4921f62fd3e4bf1cfa1b,0xe8a7c0b2c78dceb49b2bb0817ff37bf13b20c690,SELL,86498068750018438192524977941980476748299785729870940867089250086714498791178,0.994,1.0,1767112691
0x63e23b7183a82046bfb8cdd921da6efceedf8e897362d994b64dcd1ff8901a9e_1767112807,0x2c3dce8515854f167dc523745a6b9d98d22ec9266d9f4921f62fd3e4bf1cfa1b,0x6233c2523f37e795d2604fe5128e0b625b389b17,BUY,86498068750018438192524977941980476748299785729870940867089250086714498791178,0.996,11.04,1767112807
0x4850704fd2e2bb57f26203bc6523608e324ae081479607bfede88668e0f18bed_1767112827,0x2c3dce8515854f167dc523745a6b9d98d22ec9266d9f4921f62fd3e4bf1cfa1b,0xa9456cecf9d6fb545f6408e0e2dbbfa307d7bae6,BUY,86498068750018438192524977941980476748299785729870940867089250086714498791178,0.996,1.004,1767112827
0x76a1eb55acfbc9503906181bbb7d35fddc7a856cbead08f40007fabf9d7992c4_1767112829,0x2c3dce8515854f167dc523745a6b9d98d22ec9266d9f4921f62fd3e4bf1cfa1b,0xbacd00c9080a82ded56f504ee8810af732b0ab35,BUY,86498068750018438192524977941980476748299785729870940867089250086714498791178,0.9967570050907351,7270.07,1767112829
0x5d9757308a909dc194ae997c6e54e50cb4f65bb23bdf2aa090d1dc6007639a12_1767112841,0x2c3dce8515854f167dc523745a6b9d98d22ec9266d9f4921f62fd3e4bf1cfa1b,0xfc3381cc84fecd26e87c9ef05020b7ba712e9636,BUY,86498068750018438192524977941980476748299785729870940867089250086714498791178,0.9979999679841585,25.050099,1767112841
0xc7d4e6416e5ce5492ad24ef5a50c2c478c13643c9f9f2f9c487b59df035a45ed_1767112935,0x2c3dce8515854f167dc523745a6b9d98d22ec9266d9f4921f62fd3e4bf1cfa1b,0xa9456cecf9d6fb545f6408e0e2dbbfa307d7bae6,SELL,86498068750018438192524977941980476748299785729870940867089250086714498791178,0.994,2.01,1767112935
0x744d9f7c7c8ac9949cb5e04c796f2be2cd17827352278db0d47f2c55e426087a_1767112943,0x2c3dce8515854f167dc523745a6b9d98d22ec9266d9f4921f62fd3e4bf1cfa1b,0xa9456cecf9d6fb545f6408e0e2dbbfa307d7bae6,BUY,86498068750018438192524977941980476748299785729870940867089250086714498791178,0.998000007984,1.002004,1767112943
0x0b430aed19f65a0b59a2ded5341fb09dbc2587984d07d0cbeadcf64d82e41d40_1767113011,0x2c3dce8515854f167dc523745a6b9d98d22ec9266d9f4921f62fd3e4bf1cfa1b,0xa9456cecf9d6fb545f6408e0e2dbbfa307d7bae6,BUY,86498068750018438192524977941980476748299785729870940867089250086714498791178,0.998000007984,1.002004,1767113011
0x467090917911b1f258a2ab52007ace52ab4ce97fd1da51ed4b4f125dc511ff8b_1767113245,0x2c3dce8515854f167dc523745a6b9d98d22ec9266d9f4921f62fd3e4bf1cfa1b,0x5d299015e37aacee1cdd2287f4a036bce581af70,BUY,110290742709531333936637417418570910881285907663357514844586483587588568832794,0.0060000000015,6666.666665,1767113245
0x3f1f1eecf5140a46dc06fca0af160fe38a069c89a5e28c50c2da6b5e51d2b816_1767113553,0x2c3dce8515854f167dc523745a6b9d98d22ec9266d9f4921f62fd3e4bf1cfa1b,0xcdb1f1ef8213c06911e4ba6a884176c5571e276c,SELL,86498068750018438192524977941980476748299785729870940867089250086714498791178,0.996,145.03,1767113553
0xaf781e31f75bf5a4baf0d14e011f5f6c55cbabdc9341f9eab5cefe3330c5c1d5_1767113587,0x2c3dce8515854f167dc523745a6b9d98d22ec9266d9f4921f62fd3e4bf1cfa1b,0x4428650748d4513596cd7002d2b8fa163c1fdb3a,BUY,86498068750018438192524977941980476748299785729870940867089250086714498791178,0.997,1.003,1767113587
0x99d092d10c6bd1bb004f727a0b0bbdcfbb4e809c7d308cf1d5db6b06f57d8903_1767113647,0x2c3dce8515854f167dc523745a6b9d98d22ec9266d9f4921f62fd3e4bf1cfa1b,0x4428650748d4513596cd7002d2b8fa163c1fdb3a,SELL,86498068750018438192524977941980476748299785729870940867089250086714498791178,0.995,1.0,1767113647
0xba7ebfbabe5b931b4d17ea7a658eb7e2f024a141c0e79f8077a716a8df0c76e4_1767113783,0x2c3dce8515854f167dc523745a6b9d98d22ec9266d9f4921f62fd3e4bf1cfa1b,0x239e742025d5b25f2fe64d0744f4f4fe7deb3ac6,BUY,110290742709531333936637417418570910881285907663357514844586483587588568832794,0.005978732794200449,11708.166665,1767113783
0xea7aa44f684539e9fa7fcfe7e09382a579a6068131eaee23492cff3c35635ed3_1767113841,0x2c3dce8515854f167dc523745a6b9d98d22ec9266d9f4921f62fd3e4bf1cfa1b,0x2f6405e90f1a8b7ee9ba2951041c979fdd119138,SELL,110290742709531333936637417418570910881285907663357514844586483587588568832794,0.003,142.85,1767113841
0x4f9f1d146734bb4704c20e7dd52218573a8fafb0502ed549d2b9913fd54e9c9c_1767114135,0x2c3dce8515854f167dc523745a6b9d98d22ec9266d9f4921f62fd3e4bf1cfa1b,0xa9335a2b5e88645ee5bb552d8675626ed0d94e84,BUY,110290742709531333936637417418570910881285907663357514844586483587588568832794,0.006000000060000001,166.666665,1767114135
0x0416acfb17ad841c9c11d83997c61e8c1a975e8fc66eb937b86d414889245581_1767114153,0x2c3dce8515854f167dc523745a6b9d98d22ec9266d9f4921f62fd3e4bf1cfa1b,0x3863cf6aaf13dcec8aeb514c318a1bd9d95db0db,BUY,110290742709531333936637417418570910881285907663357514844586483587588568832794,0.006000000060000001,166.666665,1767114153
0xb91a662d2044cf9639a12634d470464ca9146e35e282f42c7413023cf330a949_1767114231,0x2c3dce8515854f167dc523745a6b9d98d22ec9266d9f4921f62fd3e4bf1cfa1b,0xa9456cecf9d6fb545f6408e0e2dbbfa307d7bae6,BUY,86498068750018438192524977941980476748299785729870940867089250086714498791178,0.997,1.003,1767114231
0x25f0cadf79f5c56df107ed90cd7ce703b85dc0a587b34709dc18be05078a5fdf_1767114255,0x2c3dce8515854f167dc523745a6b9d98d22ec9266d9f4921f62fd3e4bf1cfa1b,0x3863cf6aaf13dcec8aeb514c318a1bd9d95db0db,BUY,110290742709531333936637417418570910881285907663357514844586483587588568832794,0.006000000024,333.333332,1767114255
0x048155d7b323bbd5f9f5dc28b4ec84f74cb6baa31b14ffc0a9796cc288f1c397_1767114395,0x2c3dce8515854f167dc523745a6b9d98d22ec9266d9f4921f62fd3e4bf1cfa1b,0x70b4f8a55821dee62d7d8e098c062190f65b4e6e,SELL,110290742709531333936637417418570910881285907663357514844586483587588568832794,0.003,142.85,1767114395
0x037affc2dd2a3a56011025740137584a6d38405549358ec15f9f8129fb09b0ca_1767114519,0x2c3dce8515854f167dc523745a6b9d98d22ec9266d9f4921f62fd3e4bf1cfa1b,0x05b715438364f61cb7199779be4692182e2a8363,BUY,110290742709531333936637417418570910881285907663357514844586483587588568832794,0.006,1000.0,1767114519
0x4aa66b2c3af455734afa3d68e53f6efb5962aaaabcf1b521946b77966cad821e_1767114611,0x2c3dce8515854f167dc523745a6b9d98d22ec9266d9f4921f62fd3e4bf1cfa1b,0x9d81290ed99cb970aa7711af54c10ce5661f5d42,BUY,110290742709531333936637417418570910881285907663357514844586483587588568832794,0.0060000000096,833.333332,1767114611
0xd6bb8e3332a2a659b3dd6a098c0552a0e912ebc261d68e1fd0b2d95020d4ffaf_1767114971,0x2c3dce8515854f167dc523745a6b9d98d22ec9266d9f4921f62fd3e4bf1cfa1b,0xbfc0737e3f80622e67407d5c8df210e2a306ab69,BUY,110290742709531333936637417418570910881285907663357514844586483587588568832794,0.0060000000096,833.333332,1767114971
0x50d3db0a6d2ee948c7ab845cd3d4cb96507eeba5d1cfbc9212840dc63df24039_1767115011,0x2c3dce8515854f167dc523745a6b9d98d22ec9266d9f4921f62fd3e4bf1cfa1b,0xed5d2b4fb318e5f2654b01ab4eea9bf93fa7bc81,BUY,86498068750018438192524977941980476748299785729870940867089250086714498791178,0.997,20.06,1767115011
0xe25bbf855f4d7b8ac48f1a04bad76e0f521919caecff67860f76a3da3cbcd929_1767115541,0x2c3dce8515854f167dc523745a6b9d98d22ec9266d9f4921f62fd3e4bf1cfa1b,0xcb1cedf6d2b4f8d1b7b5de31afc2fc616b9bff82,BUY,110290742709531333936637417418570910881285907663357514844586483587588568832794,0.006,500.0,1767115541
0xcc0779f5fc24fbe9e92c446a050deda46c95130c638620812119b9a319a9b38f_1767115563,0x2c3dce8515854f167dc523745a6b9d98d22ec9266d9f4921f62fd3e4bf1cfa1b,0xd786fe89305e38862f68503ed569fc439aa4057a,SELL,110290742709531333936637417418570910881285907663357514844586483587588568832794,0.003,867.68,1767115563
0x84c698d157cf99272a3425b105e5b203d42a9c3c5488a878bfedef0ae889c953_1767115567,0x2c3dce8515854f167dc523745a6b9d98d22ec9266d9f4921f62fd3e4bf1cfa1b,0x05ddbe2edc2fcb293eb149028f45e93cec14305c,SELL,86498068750018438192524977941980476748299785729870940867089250086714498791178,0.994,0.07,1767115567
0x4f859b6ed6b2ba1eb48e9da2d08f204ebe6afd2595895d380dbabf48ef04a3d0_1767115571,0x2c3dce8515854f167dc523745a6b9d98d22ec9266d9f4921f62fd3e4bf1cfa1b,0xa9e14ca224d59339646dbf58f57f0e474b710de4,SELL,86498068750018438192524977941980476748299785729870940867089250086714498791178,0.994,49.44,1767115571
0x7b5c866d8fba0d0fb8b522aaa8de209cd02775ef5311d430e449d1dce5fcb30e_1767115571,0x2c3dce8515854f167dc523745a6b9d98d22ec9266d9f4921f62fd3e4bf1cfa1b,0x628e5c534610bfe44c7850d2f8c068a05b021d80,SELL,86498068750018438192524977941980476748299785729870940867089250086714498791178,0.994,150.39,1767115571
0xe7c114fdc0324271d04c4c1a4c3668964ee9206b4786153cce779fe1882f2fce_1767115589,0x2c3dce8515854f167dc523745a6b9d98d22ec9266d9f4921f62fd3e4bf1cfa1b,0xa9456cecf9d6fb545f6408e0e2dbbfa307d7bae6,BUY,86498068750018438192524977941980476748299785729870940867089250086714498791178,0.9969990269270036,1.003008,1767115589
0xc6b33fdd280637a5ae823d6e7fa5728934d5704f99dd75c888f6d93905b790a1_1767115875,0x2c3dce8515854f167dc523745a6b9d98d22ec9266d9f4921f62fd3e4bf1cfa1b,0xa9456cecf9d6fb545f6408e0e2dbbfa307d7bae6,BUY,86498068750018438192524977941980476748299785729870940867089250086714498791178,0.9969990269270036,1.003008,1767115875
0xf2acabc49a3c4c1393a4bc7bbfab27cc82de6d69c7eae2ebc9707f03ad262130_1767115943,0x2c3dce8515854f167dc523745a6b9d98d22ec9266d9f4921f62fd3e4bf1cfa1b,0x05ddbe2edc2fcb293eb149028f45e93cec14305c,SELL,86498068750018438192524977941980476748299785729870940867089250086714498791178,0.994,8.29,1767115943
0xf18dddbfc7d51c8a14aeca2b805f7410dc06e9947e4522572a51fe3ca2d8f8d2_1767116181,0x2c3dce8515854f167dc523745a6b9d98d22ec9266d9f4921f62fd3e4bf1cfa1b,0xca0cc8aab1ac556a55855819aca89aaba55caffd,BUY,110290742709531333936637417418570910881285907663357514844586483587588568832794,0.006000000060000001,166.666665,1767116181
0x936c635ec57a4317c0ab4ca39fcc83382bf5d75aab2fdfc618dd5b010c6fe101_1767116201,0x2c3dce8515854f167dc523745a6b9d98d22ec9266d9f4921f62fd3e4bf1cfa1b,0x7daef76de700d44bd802d1b057140f7da0120d23,BUY,110290742709531333936637417418570910881285907663357514844586483587588568832794,0.006000000060000001,166.666665,1767116201
0x1eb78ca72bee4b5b34b5c1f793d2910c647ffbbefd1bd47b95a8f9461149d692_1767116347,0x2c3dce8515854f167dc523745a6b9d98d22ec9266d9f4921f62fd3e4bf1cfa1b,0x818bc4f8d59780524de4a44695f8db26e157ea84,BUY,110290742709531333936637417418570910881285907663357514844586483587588568832794,0.006000000060000001,166.666665,1767116347
0xd2dc1233f59da607d96fd4be6a90424c5096cc1f7a089badd7f5e99844b305b2_1767116369,0x2c3dce8515854f167dc523745a6b9d98d22ec9266d9f4921f62fd3e4bf1cfa1b,0xca0cc8aab1ac556a55855819aca89aaba55caffd,BUY,110290742709531333936637417418570910881285907663357514844586483587588568832794,0.006000000024,333.333332,1767116369
0xce7dc3d6ca5bc4e9113bc7ce74e573a4af6d69071eb6b167b097f1adb0bf59b9_1767116533,0x2c3dce8515854f167dc523745a6b9d98d22ec9266d9f4921f62fd3e4bf1cfa1b,0x34ad960f2b4141b99927b354d0d651504997040a,BUY,110290742709531333936637417418570910881285907663357514844586483587588568832794,0.006000000006,1666.666665,1767116533
0x8427beaf7cec87c5d6d33c4a0f8573c032ebace17a150e4498ac63f0c340567e_1767116807,0x2c3dce8515854f167dc523745a6b9d98d22ec9266d9f4921f62fd3e4bf1cfa1b,0x2150d0878c2514c81fbded2a7e309abb89c9581b,BUY,110290742709531333936637417418570910881285907663357514844586483587588568832794,0.006000000024,333.333332,1767116807
0x6dcefa6c3183a1fcdbca1ba2d992a10d24f594edfeb67d6df05a7032c8bb0fae_1767116993,0x2c3dce8515854f167dc523745a6b9d98d22ec9266d9f4921f62fd3e4bf1cfa1b,0xcee853c7b514aaf5e892a0100105f5d5ffb8cf81,BUY,110290742709531333936637417418570910881285907663357514844586483587588568832794,0.0060000000024,833.333333,1767116993
0x72c94266551662db9df6b28c810756578951a0dcd811ca6013b2ca6b5be15aa6_1767117121,0x2c3dce8515854f167dc523745a6b9d98d22ec9266d9f4921f62fd3e4bf1cfa1b,0xb27bd82981477a12de3cb669662fb9aedf9f17d6,BUY,86498068750018438192524977941980476748299785729870940867089250086714498791178,0.996,606.0,1767117121
0xa43c0a28ba8130fff6bbd2f465baec582b54d17c5219f4fb18127c01a7f3e4fd_1767117137,0x2c3dce8515854f167dc523745a6b9d98d22ec9266d9f4921f62fd3e4bf1cfa1b,0xcee853c7b514aaf5e892a0100105f5d5ffb8cf81,BUY,110290742709531333936637417418570910881285907663357514844586483587588568832794,0.006000000001330377,1503.333333,1767117137
0x3dc2fde2089af35118f7fe4de11372c700871aceb55d00cc3d958c99bff58e61_1767117235,0x2c3dce8515854f167dc523745a6b9d98d22ec9266d9f4921f62fd3e4bf1cfa1b,0x9a3fa403a6666eef75f92f181fcf13f9c051914a,SELL,110290742709531333936637417418570910881285907663357514844586483587588568832794,0.004,0.08,1767117235
0x1d2eba0472e19d1fbbfc9091d84897c05caa329df965c79c3e168c28e00848fa_1767117485,0x2c3dce8515854f167dc523745a6b9d98d22ec9266d9f4921f62fd3e4bf1cfa1b,0x3477f9dd89927a1b99cfc045ddff7bd290d5310c,BUY,86498068750018438192524977941980476748299785729870940867089250086714498791178,0.996,100.4015,1767117485
0xfec0f698fdcc2a6440f26d9507911b5f5d78d379e0080b4be3f3297398eda4c9_1767117519,0x2c3dce8515854f167dc523745a6b9d98d22ec9266d9f4921f62fd3e4bf1cfa1b,0xe3d7097b619590cf2d5970251db19d23f42d2413,BUY,110290742709531333936637417418570910881285907663357514844586483587588568832794,0.0070000000126,714.285713,1767117519
0xbd188ad07517d653688e079a96af313a2de4ac9771b32addd5eda2f4ee8eaac2_1767117527,0x2c3dce8515854f167dc523745a6b9d98d22ec9266d9f4921f62fd3e4bf1cfa1b,0x85ad8871509d5839ed0e2858b9fcbbbc3bb5cb10,BUY,110290742709531333936637417418570910881285907663357514844586483587588568832794,0.0070000000028,2857.142856,1767117527
0x5c42aa06f24ebf1af56b085aa6af1e5aebcdc86b24c961e5c55d1117a2fa4f88_1767117727,0x2c3dce8515854f167dc523745a6b9d98d22ec9266d9f4921f62fd3e4bf1cfa1b,0xfa84f2d7aa990052e067bece91aca5ae1563bab7,BUY,86498068750018438192524977941980476748299785729870940867089250086714498791178,0.996,26.10425,1767117727
0xc34bfe224cf9d54ca78742b45d77467208baa4789ffb15ac4e0a59e5e79c9b2e_1767117871,0x2c3dce8515854f167dc523745a6b9d98d22ec9266d9f4921f62fd3e4bf1cfa1b,0xe3d7097b619590cf2d5970251db19d23f42d2413,BUY,110290742709531333936637417418570910881285907663357514844586483587588568832794,0.007000000041552512,312.857141,1767117871
0x00fa929353ec1bebd0c3cb171ade6b453a72190d5943f4e7dd9fc04da1dcacd9_1767117969,0x2c3dce8515854f167dc523745a6b9d98d22ec9266d9f4921f62fd3e4bf1cfa1b,0x2453d7dec5e6b76d2c97fbb5c87f93467bd1156a,SELL,86498068750018438192524977941980476748299785729870940867089250086714498791178,0.993,8.33,1767117969
0x6701dc28a824d80b981f60e0d84d539dfa9f7759b47482fb25c5e8add4dcf270_1767118371,0x2c3dce8515854f167dc523745a6b9d98d22ec9266d9f4921f62fd3e4bf1cfa1b,0x632e404bf58ce8619a173d54d3b0e1828d9d1e5a,BUY,110290742709531333936637417418570910881285907663357514844586483587588568832794,0.006000000008571428,1166.666665,1767118371
0x3a0deae94df51dc169a07aa6092d1dd5c4782b352daa76779afc7dd436443eee_1767118387,0x2c3dce8515854f167dc523745a6b9d98d22ec9266d9f4921f62fd3e4bf1cfa1b,0x1d12b03e647b9d7f07bcabaeb68d010f5384ab54,BUY,110290742709531333936637417418570910881285907663357514844586483587588568832794,0.006000000008261618,968.333332,1767118387
0xfa24390454f46718b79926de5794aed5dca88dca9aa463c82994bd50840435b9_1767118397,0x2c3dce8515854f167dc523745a6b9d98d22ec9266d9f4921f62fd3e4bf1cfa1b,0x632e404bf58ce8619a173d54d3b0e1828d9d1e5a,SELL,110290742709531333936637417418570910881285907663357514844586483587588568832794,0.004460554060308916,1166.66,1767118397
0x2111b87aa8677514742068e3f0e73afea3be0b410a7d49bea0ff6b3c0c62fd64_1767118405,0x2c3dce8515854f167dc523745a6b9d98d22ec9266d9f4921f62fd3e4bf1cfa1b,0x5c462c9b739df67118ebb3331f44a4ac9feca137,BUY,110290742709531333936637417418570910881285907663357514844586483587588568832794,0.006000000024,333.333332,1767118405
0x75c7d10aecdd4af7ecb45d0abc70ae05bd937de543162d0a8209cdfa0822d44a_1767118595,0x2c3dce8515854f167dc523745a6b9d98d22ec9266d9f4921f62fd3e4bf1cfa1b,0xcee853c7b514aaf5e892a0100105f5d5ffb8cf81,BUY,110290742709531333936637417418570910881285907663357514844586483587588568832794,0.006000000000731707,13666.666665,1767118595
0x80af6b037ce5cc6269ac1bd2f6643b3560eef37f81d98479c869dbd84cd3ccc7_1767118729,0x2c3dce8515854f167dc523745a6b9d98d22ec9266d9f4921f62fd3e4bf1cfa1b,0x5e308d5f1c5c4f22e70213738578c58b18969652,BUY,110290742709531333936637417418570910881285907663357514844586483587588568832794,0.0060000000024,3333.333332,1767118729
0x510ed426bc47f57812d7d24d8fd4498eea1afa80b98ab08b07b61967f13ecd46_1767118801,0x2c3dce8515854f167dc523745a6b9d98d22ec9266d9f4921f62fd3e4bf1cfa1b,0xe3d7097b619590cf2d5970251db19d23f42d2413,BUY,110290742709531333936637417418570910881285907663357514844586483587588568832794,0.006,500.0,1767118801
0xbf4cf6298d4748265336742be3f40666cd79cf321a011baff79f5f5cdc8afd12_1767119123,0x2c3dce8515854f167dc523745a6b9d98d22ec9266d9f4921f62fd3e4bf1cfa1b,0x35058a9fae17b795a5a36ae041770f19b4564b43,BUY,110290742709531333936637417418570910881285907663357514844586483587588568832794,0.006000000060000001,166.666665,1767119123
0x6a777ce0e00689b7a12337b3d9503e07a72c6e1cc564a29c9fb7b717e779d258_1767119607,0x2c3dce8515854f167dc523745a6b9d98d22ec9266d9f4921f62fd3e4bf1cfa1b,0x3bea95fa9eace38f1f9cccb489c31251f992f95a,BUY,110290742709531333936637417418570910881285907663357514844586483587588568832794,0.0060000000096,833.333332,1767119607
0xe2d6374c00305e0999befd945b776b47108cf5309bede9b5df681fb18a1993a1_1767119807,0x2c3dce8515854f167dc523745a6b9d98d22ec9266d9f4921f62fd3e4bf1cfa1b,0x657c481562cfc0be075c5d558d8c8d885d0ab53c,BUY,110290742709531333936637417418570910881285907663357514844586483587588568832794,0.006,1500.0,1767119807
0x31d32309230284e4e0462b69cdd3ce231940f722b6b11c23b12871dfda4d7f4f_1767119813,0x2c3dce8515854f167dc523745a6b9d98d22ec9266d9f4921f62fd3e4bf1cfa1b,0xca0cc8aab1ac556a55855819aca89aaba55caffd,BUY,110290742709531333936637417418570910881285907663357514844586483587588568832794,0.006000000024,333.333332,1767119813
0x271578944e2058e85758596e7946ce6a78df0d4627789f0150ec3408b2521f3a_1767120079,0x2c3dce8515854f167dc523745a6b9d98d22ec9266d9f4921f62fd3e4bf1cfa1b,0xbb4392c333c4f3ef161d0b8497f09146fd939d70,SELL,86498068750018438192524977941980476748299785729870940867089250086714498791178,0.994,150.0,1767120079
0x1e0ad52807d90f0d50975f672a377d87d5a3a6264e079a15491277db86539d89_1767120925,0x2c3dce8515854f167dc523745a6b9d98d22ec9266d9f4921f62fd3e4bf1cfa1b,0xcee853c7b514aaf5e892a0100105f5d5ffb8cf81,BUY,110290742709531333936637417418570910881285907663357514844586483587588568832794,0.006000000060000001,166.666665,1767120925
0x4ccf9905be6c8e0f38349f5cd9e14661acc75c8bb1b628b000f0663d63c1c183_1767120935,0x2c3dce8515854f167dc523745a6b9d98d22ec9266d9f4921f62fd3e4bf1cfa1b,0x8a68f8fe67eaed78856c5835f0e57437f02d22df,BUY,110290742709531333936637417418570910881285907663357514844586483587588568832794,0.006000000060000001,166.666665,1767120935
0x9078530c42664929a44faebd76f2299bd09fdcbb8c5312bf8402bef45c2bb7cb_1767121085,0x2c3dce8515854f167dc523745a6b9d98d22ec9266d9f4921f62fd3e4bf1cfa1b,0x0776eb99a9825cb382575e1ce2d8c25bb6979d92,BUY,110290742709531333936637417418570910881285907663357514844586483587588568832794,0.006000000060000001,166.666665,1767121085
0x224416fe27c0dd8a8daa920ea780c1af1f638a403e619aa917e62f4bb9c35abe_1767121273,0x2c3dce8515854f167dc523745a6b9d98d22ec9266d9f4921f62fd3e4bf1cfa1b,0x314dc5a2e46316b994004ec1605de3a8787a3500,BUY,86498068750018438192524977941980476748299785729870940867089250086714498791178,0.995,80.402,1767121273
0xde30833f4a2bc0fa25c9ec7986d7c46572b671e74dd3fd4a60ef459e4363a082_1767121437,0x2c3dce8515854f167dc523745a6b9d98d22ec9266d9f4921f62fd3e4bf1cfa1b,0xcc6084792e2456e0bfde12e77cbd6c42d2d7a16f,BUY,110290742709531333936637417418570910881285907663357514844586483587588568832794,0.0060000000006,16666.666665,1767121437
0x6b496e7831eea4db5c7f8feb37334b85a32e82df6e622db88c167f3919f99391_1767121455,0x2c3dce8515854f167dc523745a6b9d98d22ec9266d9f4921f62fd3e4bf1cfa1b,0xbc035e437c15311e36d63d596ee7224f2d836bd6,BUY,110290742709531333936637417418570910881285907663357514844586483587588568832794,0.006000000060000001,166.666665,1767121455
0x06dfad5e6598e9b49acb388e119e7b3f1f7585e17a0e4aeb61ee13cf46b7ec77_1767121525,0x2c3dce8515854f167dc523745a6b9d98d22ec9266d9f4921f62fd3e4bf1cfa1b,0xb53e67e419fff26db290c01cb795231b232032cf,BUY,110290742709531333936637417418570910881285907663357514844586483587588568832794,0.006000000008571428,1166.666665,1767121525
0x24bd6db50e054bb5cb44844ad95b64b80ecfe8b2da0403c002e0b00a30f29d2a_1767122137,0x2c3dce8515854f167dc523745a6b9d98d22ec9266d9f4921f62fd3e4bf1cfa1b,0x8c60ceefed1df4a39b30f941deab937bdf860b12,BUY,110290742709531333936637417418570910881285907663357514844586483587588568832794,0.006000000002142857,4666.666665,1767122137
0x71970b9e9681e69bc5522a619bffd88e54f729dd740e7baa09ef4f1a758e61b5_1767122165,0x2c3dce8515854f167dc523745a6b9d98d22ec9266d9f4921f62fd3e4bf1cfa1b,0xa137e565d30bbb077a0959e3b3a07e1ec26906d7,SELL,86498068750018438192524977941980476748299785729870940867089250086714498791178,0.994,40.0,1767122165
0xc70c31fc17d42b4fbfef7eb3894c6ec8fac172347143fef801feb91e417836d3_1767122239,0x2c3dce8515854f167dc523745a6b9d98d22ec9266d9f4921f62fd3e4bf1cfa1b,0xfdd1d088cba0c1ce107845d052b55d18416a2925,BUY,110290742709531333936637417418570910881285907663357514844586483587588568832794,0.006000000060000001,166.666665,1767122239
0xadb82326cd13c6f14d4d67ca136b74a7fb9c68d87d767db1df2643a12e0076f5_1767122355,0x2c3dce8515854f167dc523745a6b9d98d22ec9266d9f4921f62fd3e4bf1cfa1b,0x8c60ceefed1df4a39b30f941deab937bdf860b12,BUY,110290742709531333936637417418570910881285907663357514844586483587588568832794,0.0060000000024,3333.333332,1767122355
0xf637698140cd0376c3b271f36c783bf7a156c9bceb7c4f8ab953cd41e54eafc1_1767122409,0x2c3dce8515854f167dc523745a6b9d98d22ec9266d9f4921f62fd3e4bf1cfa1b,0xb8ad2849635c9ce413f1fdd2e7b364bbfafeff58,SELL,110290742709531333936637417418570910881285907663357514844586483587588568832794,0.005,100.0,1767122409
0xc8a40b2f3057e7d0eae1345588097a9d077400543ad7eda0b90d5e754f429476_1767122491,0x2c3dce8515854f167dc523745a6b9d98d22ec9266d9f4921f62fd3e4bf1cfa1b,0xd2e9ab28c6bc4d09a08fa65a0afc4aaabb2e2cbf,BUY,86498068750018438192524977941980476748299785729870940867089250086714498791178,0.995,46.4622,1767122491
0x5a238c41aab29c138cd282e71656b08581ab8498fd83a659ecc71592c6cfdafd_1767122739,0x2c3dce8515854f167dc523745a6b9d98d22ec9266d9f4921f62fd3e4bf1cfa1b,0x43ec89f3f28ac46facf4e15e8cc851a9c4e2e7e0,BUY,110290742709531333936637417418570910881285907663357514844586483587588568832794,0.0065523561483805896,763.084284,1767122739
0xeb3f01d6fad3a562e2aa29feaca3841a2e054465326abb105d74463863415a69_1767122871,0x2c3dce8515854f167dc523745a6b9d98d22ec9266d9f4921f62fd3e4bf1cfa1b,0x90cd2dbd5b3d12f372bc95a9480a1fcec506c416,SELL,86498068750018438192524977941980476748299785729870940867089250086714498791178,0.993,45.45,1767122871
0x7be7332647ebf8160859171df7d722939ed984bf51ac4b9e42e4f759d0c3019a_1767123499,0x2c3dce8515854f167dc523745a6b9d98d22ec9266d9f4921f62fd3e4bf1cfa1b,0x2d99e29c4f066ba32098c65e4c7454b277d94ca3,BUY,86498068750018438192524977941980476748299785729870940867089250086714498791178,0.995,931.12,1767123499
0xaadd431f71c3a0c834aef754bd1d23735100124f3b912d3462411f15b6d0b915_1767124369,0x2c3dce8515854f167dc523745a6b9d98d22ec9266d9f4921f62fd3e4bf1cfa1b,0x6e1bebf14291b3cb776c35b0f4ea711765764b36,BUY,110290742709531333936637417418570910881285907663357514844586483587588568832794,0.006000000060000001,166.666665,1767124369
0xaa1c4b1e1ac7819af829067c292ca93ecf777eeb24280f0b194c027f78c2e420_1767124383,0x2c3dce8515854f167dc523745a6b9d98d22ec9266d9f4921f62fd3e4bf1cfa1b,0x2b366034b69b64a444406b2db7ec1ff7869c473b,BUY,86498068750018438192524977941980476748299785729870940867089250086714498791178,0.9969999718324168,33.229688,1767124383
0x69c771fa98fb4aaf44d2bd6c08561852d51b7044c0ab3db6e2f06d50419e0af0_1767124717,0x2c3dce8515854f167dc523745a6b9d98d22ec9266d9f4921f62fd3e4bf1cfa1b,0xcc7cc758832741d13ad773e7074215922e354ce2,SELL,110290742709531333936637417418570910881285907663357514844586483587588568832794,0.004,31.49,1767124717
0x2962256184f699ad69c7b8576af1783dc6b23bbb5a00d918f760c4f5cb3781c2_1767125033,0x2c3dce8515854f167dc523745a6b9d98d22ec9266d9f4921f62fd3e4bf1cfa1b,0x5c462c9b739df67118ebb3331f44a4ac9feca137,BUY,110290742709531333936637417418570910881285907663357514844586483587588568832794,0.006000000060000001,166.666665,1767125033
0xc81e3656e06b4cdcca9311661875b91ba18ed4bbe027af5d60a269753b04a68d_1767125045,0x2c3dce8515854f167dc523745a6b9d98d22ec9266d9f4921f62fd3e4bf1cfa1b,0x2b366034b69b64a444406b2db7ec1ff7869c473b,BUY,86498068750018438192524977941980476748299785729870940867089250086714498791178,0.9959999760695434,33.263051,1767125045
0xe95e7bde8320a8f2241e96cc2946309e640ad087bd5d53cad82d350ac1d803a9_1767125063,0x2c3dce8515854f167dc523745a6b9d98d22ec9266d9f4921f62fd3e4bf1cfa1b,0x5c462c9b739df67118ebb3331f44a4ac9feca137,BUY,110290742709531333936637417418570910881285907663357514844586483587588568832794,0.006000000060000001,166.666665,1767125063
0x5114170a05f49d758930653c13bbdc9f2a3c4d7e60d0bc4a64afd2795fd392b6_1767126187,0x2c3dce8515854f167dc523745a6b9d98d22ec9266d9f4921f62fd3e4bf1cfa1b,0xb5fbde3fe795a874fa0ded5fcd7c7ba17a34db5c,SELL,86498068750018438192524977941980476748299785729870940867089250086714498791178,0.995,110.0,1767126187
0xfad492b7acb7a13eddd4d9957d322bebcb7895d041e87b64f4d6475884e54ef4_1767126199,0x2c3dce8515854f167dc523745a6b9d98d22ec9266d9f4921f62fd3e4bf1cfa1b,0x2b366034b69b64a444406b2db7ec1ff7869c473b,BUY,86498068750018438192524977941980476748299785729870940867089250086714498791178,0.9959999836199166,21.97791,1767126199
0x56656caecaac6a1829a0ae50d361cd41e831d209281aa6874c1d542b2940f980_1767126303,0x2c3dce8515854f167dc523745a6b9d98d22ec9266d9f4921f62fd3e4bf1cfa1b,0x7a1658af6f3d9f8b6912b217ce58c5cfd74af971,BUY,110290742709531333936637417418570910881285907663357514844586483587588568832794,0.005,200.0,1767126303
0x78f1c7d6554c0496499e1f8220754441e66c45df05ceb28ed624de3d42d48242_1767126313,0x2c3dce8515854f167dc523745a6b9d98d22ec9266d9f4921f62fd3e4bf1cfa1b,0x2b366034b69b64a444406b2db7ec1ff7869c473b,BUY,86498068750018438192524977941980476748299785729870940867089250086714498791178,0.995999983783718,39.959838,1767126313
0x4407021291b363b9db6d9a0519eb8894ad62a0b486b7b9afb3200943cc426c03_1767126451,0x2c3dce8515854f167dc523745a6b9d98d22ec9266d9f4921f62fd3e4bf1cfa1b,0x5ace8af60ae0de8cb62ca35b7aa4081bdbc19850,SELL,86498068750018438192524977941980476748299785729870940867089250086714498791178,0.995,13.08,1767126451
0xde9e76136039b6bfff6d49fe15077525af5e5020ca713eb0c0c187033afea669_1767126461,0x2c3dce8515854f167dc523745a6b9d98d22ec9266d9f4921f62fd3e4bf1cfa1b,0x2b366034b69b64a444406b2db7ec1ff7869c473b,BUY,86498068750018438192524977941980476748299785729870940867089250086714498791178,0.9959999080614762,2.61044,1767126461
0xee34d2338e968bf989a58b1e2da88a405b4379289be75f158def1d55cb12bf55_1767126563,0x2c3dce8515854f167dc523745a6b9d98d22ec9266d9f4921f62fd3e4bf1cfa1b,0xfdd1d088cba0c1ce107845d052b55d18416a2925,SELL,110290742709531333936637417418570910881285907663357514844586483587588568832794,0.004,166.66,1767126563
0x62c70394034a568accff5bf297e771ef4bda3c686c43119f347334477334148d_1767126617,0x2c3dce8515854f167dc523745a6b9d98d22ec9266d9f4921f62fd3e4bf1cfa1b,0xd2e9ab28c6bc4d09a08fa65a0afc4aaabb2e2cbf,SELL,86498068750018438192524977941980476748299785729870940867089250086714498791178,0.995,46.46,1767126617
0xa97e16e22a1e6877ec37763112308a7175488c149eb09450122315c15d4fe4ed_1767126627,0x2c3dce8515854f167dc523745a6b9d98d22ec9266d9f4921f62fd3e4bf1cfa1b,0x2b366034b69b64a444406b2db7ec1ff7869c473b,BUY,86498068750018438192524977941980476748299785729870940867089250086714498791178,0.9959999383428476,9.277107,1767126627
0xbc3ee8468d228cb816749fea0c97890ecc04b33a0832c3c52f31f591c9865ea4_1767126643,0x2c3dce8515854f167dc523745a6b9d98d22ec9266d9f4921f62fd3e4bf1cfa1b,0x2060018b9ba1d4b4037ddf777bdb8caf52e71176,BUY,110290742709531333936637417418570910881285907663357514844586483587588568832794,0.005,500.0,1767126643
0x5a9a1cf62d115199990b8275e7446a9a388964d7d663d57a275759cac72c7c1c_1767126659,0x2c3dce8515854f167dc523745a6b9d98d22ec9266d9f4921f62fd3e4bf1cfa1b,0x2b366034b69b64a444406b2db7ec1ff7869c473b,BUY,86498068750018438192524977941980476748299785729870940867089250086714498791178,0.9959999938738492,99.899597,1767126659
0x440a58c9c83ce4c9fbb74984d3ddd68c207f4accc86e883bf2533bf3b7b8cad5_1767126791,0x2c3dce8515854f167dc523745a6b9d98d22ec9266d9f4921f62fd3e4bf1cfa1b,0xfc7a9e26dbc8626ab39ef6283714829f0edde98f,BUY,110290742709531333936637417418570910881285907663357514844586483587588568832794,0.006000000024742268,323.333332,1767126791
0xdcde1609140e0ca3a3fe8aa4be368abae5c42be0f0f37c1231926564fd073233_1767126799,0x2c3dce8515854f167dc523745a6b9d98d22ec9266d9f4921f62fd3e4bf1cfa1b,0x7fff822c173ec963cef2afe3b64d95dfcbe61f9f,BUY,110290742709531333936637417418570910881285907663357514844586483587588568832794,0.0060000000096,833.333332,1767126799
0xcaa2c8fa66d851349b1785ce6771d1ac6cde57a9539f882de468ac08d3ca2d6a_1767126803,0x2c3dce8515854f167dc523745a6b9d98d22ec9266d9f4921f62fd3e4bf1cfa1b,0x2b366034b69b64a444406b2db7ec1ff7869c473b,BUY,86498068750018438192524977941980476748299785729870940867089250086714498791178,0.995,64.5928,1767126803
0x7638061bf9e6712f0b422806ebc07a1164a659d8303af5d0d510c68fd5f64e53_1767126809,0x2c3dce8515854f167dc523745a6b9d98d22ec9266d9f4921f62fd3e4bf1cfa1b,0x2b366034b69b64a444406b2db7ec1ff7869c473b,BUY,86498068750018438192524977941980476748299785729870940867089250086714498791178,0.9951865972789834,166.461243,1767126809
0x7f964103d22b423ab52de75ebe9983604264db32f0a0ac3d9d650b6b697c2f68_1767126947,0x2c3dce8515854f167dc523745a6b9d98d22ec9266d9f4921f62fd3e4bf1cfa1b,0x8ab9b171de9ca60219aecb88f04cdd0088d9212e,BUY,110290742709531333936637417418570910881285907663357514844586483587588568832794,0.006000000060000001,166.666665,1767126947
0x35af8e5918d80dc51e5b249baea317ea22ddda6a79a6f5a3cd2e78477c4a4575_1767126955,0x2c3dce8515854f167dc523745a6b9d98d22ec9266d9f4921f62fd3e4bf1cfa1b,0x788d2506c70a0d49b48c76d81719c4bef4e3b06e,BUY,110290742709531333936637417418570910881285907663357514844586483587588568832794,0.006000000024,333.333332,1767126955
0xb023f3e9e471fa225a441d3bde21cd5fbe59b0598decb599303fbf269d6e71b0_1767126957,0x2c3dce8515854f167dc523745a6b9d98d22ec9266d9f4921f62fd3e4bf1cfa1b,0x2b366034b69b64a444406b2db7ec1ff7869c473b,BUY,86498068750018438192524977941980476748299785729870940867089250086714498791178,0.9959999760695434,33.263051,1767126957
0x890ff5c440a5c0880694bb0444f775a0531defd5a65111d88f8548f0f3d89951_1767126965,0x2c3dce8515854f167dc523745a6b9d98d22ec9266d9f4921f62fd3e4bf1cfa1b,0x2b366034b69b64a444406b2db7ec1ff7869c473b,BUY,86498068750018438192524977941980476748299785729870940867089250086714498791178,0.9959999719724287,35.251003,1767126965
0x3399c0e130b55e7908a87e11c75170cb1c8004d50f22d42310a5414aa506f472_1767127081,0x2c3dce8515854f167dc523745a6b9d98d22ec9266d9f4921f62fd3e4bf1cfa1b,0x69855127928e787e91e0d1f44bba6ccb312aafdf,BUY,110290742709531333936637417418570910881285907663357514844586483587588568832794,0.0060000000006,16666.666665,1767127081
0x4e73375f0fcc61427fae5401632078a1e1856bd4e5e168c7c722674db339b591_1767127185,0x2c3dce8515854f167dc523745a6b9d98d22ec9266d9f4921f62fd3e4bf1cfa1b,0x7fff822c173ec963cef2afe3b64d95dfcbe61f9f,BUY,110290742709531333936637417418570910881285907663357514844586483587588568832794,0.006,500.0,1767127185
0x451a65b0d90bf06ee9ce7caa447ee88033e6a93adae8d51bc7195a38e2d78803_1767127369,0x2c3dce8515854f167dc523745a6b9d98d22ec9266d9f4921f62fd3e4bf1cfa1b,0xe51abbc214c832cf44463db0f5f3ed421c742665,BUY,110290742709531333936637417418570910881285907663357514844586483587588568832794,0.006,500.0,1767127369
0x5e1b70eaf2ea4af58ca3d01812c454cb52d6e86b3172a49ab8c34160a1e4a37b_1767127427,0x2c3dce8515854f167dc523745a6b9d98d22ec9266d9f4921f62fd3e4bf1cfa1b,0x21621303bb91f430b37220bb2a73de2a3aa85020,BUY,110290742709531333936637417418570910881285907663357514844586483587588568832794,0.006000000060000001,166.666665,1767127427
0x442cd02c72966a41ec41bec52bde86ca6c226627feee3b1ded2f64f9aa90b3f4_1767127545,0x2c3dce8515854f167dc523745a6b9d98d22ec9266d9f4921f62fd3e4bf1cfa1b,0xe51abbc214c832cf44463db0f5f3ed421c742665,BUY,110290742709531333936637417418570910881285907663357514844586483587588568832794,0.006000000060000001,166.666665,1767127545
0x702ee1adc6f60635352f59e1adf4f0b36b7a712fe6d93df7adbc008124f05a63_1767127791,0x2c3dce8515854f167dc523745a6b9d98d22ec9266d9f4921f62fd3e4bf1cfa1b,0xa66790e2b0075e73c3781ddaf1d0b875a3aaceb3,BUY,86498068750018438192524977941980476748299785729870940867089250086714498791178,0.996,5.6,1767127791
0x01100d257163c6befe5a991efdb8c72ccb16ea5104a92c997a07cc0bef7b1f0b_1767128043,0x2c3dce8515854f167dc523745a6b9d98d22ec9266d9f4921f62fd3e4bf1cfa1b,0xe51abbc214c832cf44463db0f5f3ed421c742665,BUY,110290742709531333936637417418570910881285907663357514844586483587588568832794,0.006000000024,333.333332,1767128043
0xd51ade07f845f779bc18b3d515c1a496f46208a55d9ed423b601ce0aaadeb22f_1767128071,0x2c3dce8515854f167dc523745a6b9d98d22ec9266d9f4921f62fd3e4bf1cfa1b,0x215c05ed84d97b9144bcc2999c1eb2fbc971c217,BUY,110290742709531333936637417418570910881285907663357514844586483587588568832794,0.006000000006,1666.666665,1767128071
0xd0720c7b50769862520decc844ccc119b646e49fdabb97f25ae53548d399a256_1767128205,0x2c3dce8515854f167dc523745a6b9d98d22ec9266d9f4921f62fd3e4bf1cfa1b,0xe51abbc214c832cf44463db0f5f3ed421c742665,BUY,110290742709531333936637417418570910881285907663357514844586483587588568832794,0.006,1000.0,1767128205
0xc96fe8087b6ad7f37a1a04a939958593af86e1711e1eb35ed57075e73ab63445_1767128231,0x2c3dce8515854f167dc523745a6b9d98d22ec9266d9f4921f62fd3e4bf1cfa1b,0xe51abbc214c832cf44463db0f5f3ed421c742665,BUY,110290742709531333936637417418570910881285907663357514844586483587588568832794,0.006000000024,333.333332,1767128231
0xd437b6f1bb39eae5efcd3b83fe1d3e63d0e481e9e0799192f179e5b5efd5471e_1767128401,0x2c3dce8515854f167dc523745a6b9d98d22ec9266d9f4921f62fd3e4bf1cfa1b,0x02d38ac05ad050571d2722f949bc3c73a8d92327,SELL,86498068750018438192524977941980476748299785729870940867089250086714498791178,0.994,3.09,1767128401
0x8eb3434d5f256c506bc4142a19606fa1489bb14882a7da022c6a3a30ff06cdb7_1767128461,0x2c3dce8515854f167dc523745a6b9d98d22ec9266d9f4921f62fd3e4bf1cfa1b,0xe51abbc214c832cf44463db0f5f3ed421c742665,BUY,110290742709531333936637417418570910881285907663357514844586483587588568832794,0.006,435.0,1767128461
0x5d2da227ae6c2620231612cfca59d6eac135fe3e6795405d98c16160eff290a0_1767128827,0x2c3dce8515854f167dc523745a6b9d98d22ec9266d9f4921f62fd3e4bf1cfa1b,0x8e94529a7bfd8a00ca8a4e05aa5b5cfec37dba10,BUY,110290742709531333936637417418570910881285907663357514844586483587588568832794,0.006000000060000001,166.666665,1767128827
0xdc951474fbb0eeb65198b93dfc23a73842e9f924390794c1d0cdba1e9823f7ff_1767129069,0x2c3dce8515854f167dc523745a6b9d98d22ec9266d9f4921f62fd3e4bf1cfa1b,0x7addce8a2853d5b9b067b7465a8dbfc4a87ff9f4,BUY,110290742709531333936637417418570910881285907663357514844586483587588568832794,0.006,500.0,1767129069
0x6bf11e237ad9e4e4db42d83bc694c86c63662fd121c26f3103a8fdf800182b85_1767129141,0x2c3dce8515854f167dc523745a6b9d98d22ec9266d9f4921f62fd3e4bf1cfa1b,0xa29614faf4cacc010ddbf5767dd72860889c84ed,BUY,110290742709531333936637417418570910881285907663357514844586483587588568832794,0.006000000024,333.333332,1767129141
0xd733d490758da5e12bd5a449ece3d88a7c9d839a77116c3436bbc932bd781763_1767129175,0x2c3dce8515854f167dc523745a6b9d98d22ec9266d9f4921f62fd3e4bf1cfa1b,0x8c60ceefed1df4a39b30f941deab937bdf860b12,BUY,110290742709531333936637417418570910881285907663357514844586483587588568832794,0.006,2000.0,1767129175
0x94f6fef8bdbae2f85096657d2819a406fd335c2ddd21b5008138dbd974bab9ed_1767129201,0x2c3dce8515854f167dc523745a6b9d98d22ec9266d9f4921f62fd3e4bf1cfa1b,0xa738a892dab4abb2fcf772e61e87d962967b193f,BUY,110290742709531333936637417418570910881285907663357514844586483587588568832794,0.006000000060000001,166.666665,1767129201
0xbb19adf6c92584d29442eb1e46fc06ed291a4db108707047ed093c275114b39e_1767129215,0x2c3dce8515854f167dc523745a6b9d98d22ec9266d9f4921f62fd3e4bf1cfa1b,0xe51abbc214c832cf44463db0f5f3ed421c742665,BUY,110290742709531333936637417418570910881285907663357514844586483587588568832794,0.006,720.0,1767129215
0x9d2117a2e6a3fcfe9180f1a4f332d459095a64d4e843aa71565d657d2cb6f097_1767130471,0x2c3dce8515854f167dc523745a6b9d98d22ec9266d9f4921f62fd3e4bf1cfa1b,0x02832864944a676d874fc831ae584802ded3c915,BUY,110290742709531333936637417418570910881285907663357514844586483587588568832794,0.0060000000016037424,4988.333332,1767130471
0x905e2548835f93fc3a1ceec5dabc3f4c272bcae41b9b45dc2204efaeb0154e90_1767130547,0x2c3dce8515854f167dc523745a6b9d98d22ec9266d9f4921f62fd3e4bf1cfa1b,0x0d78cffdd7feedb9adc7b1de54bc2809d0155568,BUY,110290742709531333936637417418570910881285907663357514844586483587588568832794,0.006000000060000001,166.666665,1767130547
0xab7cb3b10a9a24b4d6175acf438d1c61b5cf78e76a8cfa50388496694be73c01_1767130665,0x2c3dce8515854f167dc523745a6b9d98d22ec9266d9f4921f62fd3e4bf1cfa1b,0x15eb50a9b19ce425df0f81e63c41b4cf27f59cd1,BUY,110290742709531333936637417418570910881285907663357514844586483587588568832794,0.006000000060000001,166.666665,1767130665
0x7ae8aab86ae0a7d84889c5a4972ba5bba73b43b831225b0a74c07a147600d540_1767130749,0x2c3dce8515854f167dc523745a6b9d98d22ec9266d9f4921f62fd3e4bf1cfa1b,0xe3d7097b619590cf2d5970251db19d23f42d2413,BUY,110290742709531333936637417418570910881285907663357514844586483587588568832794,0.006,1170.0,1767130749
0x3da3e30352a111493f2c4d521d72cd66b216f6aebaf670bb76d4a437e27781b8_1767130803,0x2c3dce8515854f167dc523745a6b9d98d22ec9266d9f4921f62fd3e4bf1cfa1b,0x55cf111046d83f3412347e1be8c2255e575cd0c0,BUY,110290742709531333936637417418570910881285907663357514844586483587588568832794,0.0060000000006,16666.666665,1767130803
0xd7557b870638f442032f30bd54db5af4e788aca214c564de92760f0f83748840_1767131297,0x2c3dce8515854f167dc523745a6b9d98d22ec9266d9f4921f62fd3e4bf1cfa1b,0x05b715438364f61cb7199779be4692182e2a8363,BUY,110290742709531333936637417418570910881285907663357514844586483587588568832794,0.006,1495.0,1767131297
0xf658c2d0212b34efdfd2902b7b40ab9d3dd6818e260495dc4b008cb6db6c125f_1767131509,0x2c3dce8515854f167dc523745a6b9d98d22ec9266d9f4921f62fd3e4bf1cfa1b,0x6d9511848ef1bc8daf5c98f00811e0410667558c,BUY,86498068750018438192524977941980476748299785729870940867089250086714498791178,0.9959998637471641,5.020079,1767131509
0x8a5dfd193cfad68a48f268e38f120ce95ca358dfdfbe62635ae1e28ff8085720_1767131585,0x2c3dce8515854f167dc523745a6b9d98d22ec9266d9f4921f62fd3e4bf1cfa1b,0x73840b6d32bde68a310b4c847ea74da575c5d37a,BUY,110290742709531333936637417418570910881285907663357514844586483587588568832794,0.006000000032876713,243.333332,1767131585
0x523683490364e384090922e582aa44fc8e9d34593db91b63b5dbe8495cd5c299_1767131907,0x2c3dce8515854f167dc523745a6b9d98d22ec9266d9f4921f62fd3e4bf1cfa1b,0x3863cf6aaf13dcec8aeb514c318a1bd9d95db0db,BUY,110290742709531333936637417418570910881285907663357514844586483587588568832794,0.005,400.0,1767131907
0xe25e9b6d16090b937e5d90cb39796c0479025f0b21f3f801fcfb02c8dde3cb47_1767132139,0x2c3dce8515854f167dc523745a6b9d98d22ec9266d9f4921f62fd3e4bf1cfa1b,0xca0cc8aab1ac556a55855819aca89aaba55caffd,BUY,110290742709531333936637417418570910881285907663357514844586483587588568832794,0.005,200.0,1767132139
0xefc2f9880511a1de7daf888e4ff7555d2b66c315c61415e534cf1d8c82905708_1767132183,0x2c3dce8515854f167dc523745a6b9d98d22ec9266d9f4921f62fd3e4bf1cfa1b,0xe51abbc214c832cf44463db0f5f3ed421c742665,BUY,110290742709531333936637417418570910881285907663357514844586483587588568832794,0.00517241379667063,1933.333332,1767132183
0xe5b8998f39a1339315ac28d84d03ad8441f80234d93241820fb40148bf0757f0_1767132223,0x2c3dce8515854f167dc523745a6b9d98d22ec9266d9f4921f62fd3e4bf1cfa1b,0xe51abbc214c832cf44463db0f5f3ed421c742665,BUY,110290742709531333936637417418570910881285907663357514844586483587588568832794,0.006000000002316602,4316.666665,1767132223
0x2f75199325d5a11e2fa911411b6b13abe8e9fad13780cea9d26595099a467461_1767132531,0x2c3dce8515854f167dc523745a6b9d98d22ec9266d9f4921f62fd3e4bf1cfa1b,0x3b64f0df8eb1e72026f70e70b02f7c6dd67ad59e,BUY,110290742709531333936637417418570910881285907663357514844586483587588568832794,0.005993413836218146,1518.333332,1767132531
0x22ed9d64bf18683462f439f28e8617805defb2bc732adcbc9c61e2f9b178b264_1767133327,0x2c3dce8515854f167dc523745a6b9d98d22ec9266d9f4921f62fd3e4bf1cfa1b,0xcdf4816f6fa91226162ef3d01f9716f9dcb1c500,SELL,86498068750018438192524977941980476748299785729870940867089250086714498791178,0.995,2.7,1767133327
0xfec96dbf39112ce18806e901e79525ca9bc26d11340c640f876a61c4290c8eda_1767133401,0x2c3dce8515854f167dc523745a6b9d98d22ec9266d9f4921f62fd3e4bf1cfa1b,0xfed986944c8d42ffbf2499cc8a31bbf9190c0782,BUY,110290742709531333936637417418570910881285907663357514844586483587588568832794,0.005,2010.0,1767133401
0xb404a6cfc1613b7b23d9bb14e3edcbe52945f7c8918f77b7894ca153d0308e4e_1767133505,0x2c3dce8515854f167dc523745a6b9d98d22ec9266d9f4921f62fd3e4bf1cfa1b,0xfed986944c8d42ffbf2499cc8a31bbf9190c0782,BUY,110290742709531333936637417418570910881285907663357514844586483587588568832794,0.005,900.0,1767133505
0x9c0668b0eeca039d4fe4b257e6740553dfb83159dcfcb0d1b8526d5e48ea8dc8_1767133617,0x2c3dce8515854f167dc523745a6b9d98d22ec9266d9f4921f62fd3e4bf1cfa1b,0x8828232dc619ae43d9136ce6b5a9d24618be2954,BUY,110290742709531333936637417418570910881285907663357514844586483587588568832794,0.005,2000.0,1767133617
0x788629108bdd379f1819785814cce2109bb35a1d264bc2ef82234749bb048a38_1767134031,0x2c3dce8515854f167dc523745a6b9d98d22ec9266d9f4921f62fd3e4bf1cfa1b,0xca0cc8aab1ac556a55855819aca89aaba55caffd,BUY,110290742709531333936637417418570910881285907663357514844586483587588568832794,0.005,400.0,1767134031
0xdb5d575807d7277632f9cfa22f3f06bf8e7f1d84081578fb6fe1784d1b0ae9e5_1767134161,0x2c3dce8515854f167dc523745a6b9d98d22ec9266d9f4921f62fd3e4bf1cfa1b,0xfed986944c8d42ffbf2499cc8a31bbf9190c0782,SELL,110290742709531333936637417418570910881285907663357514844586483587588568832794,0.0032351168384879723,2910.0,1767134161
0x21d2f2c40e0d26dc5b1e624840acea33426cda749a949f7d9ee37369b22e267e_1767134521,0x2c3dce8515854f167dc523745a6b9d98d22ec9266d9f4921f62fd3e4bf1cfa1b,0x79922ac65b4926c491f62e6adb6dd347ccaafe8d,BUY,86498068750018438192524977941980476748299785729870940867089250086714498791178,0.997,14.92,1767134521
0xde268664c1862e17573f021162d8b47bfbc60288500f279b21e83556b0fdb498_1767134911,0x2c3dce8515854f167dc523745a6b9d98d22ec9266d9f4921f62fd3e4bf1cfa1b,0x3aec8b80cb07356b5d6a568554f89e8a00fd22a9,BUY,110290742709531333936637417418570910881285907663357514844586483587588568832794,0.005,2736.0,1767134911
0xbc292a486ce615955cdb68875fb8b91ac5e0a809df063c237af605d8c821d680_1767134991,0x2c3dce8515854f167dc523745a6b9d98d22ec9266d9f4921f62fd3e4bf1cfa1b,0xc95505b2aec7d423f6c148ed50944632bf639ffc,BUY,110290742709531333936637417418570910881285907663357514844586483587588568832794,0.0064201040429619875,105294.24375,1767134991
0x197210c722a512fdf76778f81113e1caf5a4449e34ece2dce1dca103184b687b_1767134995,0x2c3dce8515854f167dc523745a6b9d98d22ec9266d9f4921f62fd3e4bf1cfa1b,0x17118a3b7de1327ba54fbb9eee730cb996ec0528,BUY,86498068750018438192524977941980476748299785729870940867089250086714498791178,0.996,2.97175,1767134995
0x38e69302fda15438780f50a19dc37566697c9d49958df65b67d254c2fd676d92_1767134999,0x2c3dce8515854f167dc523745a6b9d98d22ec9266d9f4921f62fd3e4bf1cfa1b,0x2b366034b69b64a444406b2db7ec1ff7869c473b,BUY,86498068750018438192524977941980476748299785729870940867089250086714498791178,0.9965176424694469,199.294011,1767134999
0xc2b49435a24095a921b57cf2a77c3ee7f505b253565065b5c56cc0d09cbe5516_1767135029,0x2c3dce8515854f167dc523745a6b9d98d22ec9266d9f4921f62fd3e4bf1cfa1b,0x8396c8d6f94d8eb7075cfdde8e9058a91c370de1,BUY,110290742709531333936637417418570910881285907663357514844586483587588568832794,0.005,8.06,1767135029
0xb393cedb8fc31ec4a4b97cf70b866f41316a09b042728d0515ba41d2774924e3_1767135319,0x2c3dce8515854f167dc523745a6b9d98d22ec9266d9f4921f62fd3e4bf1cfa1b,0xe9a80665c18e8d750deaee4bf28ea32aa5ae416c,BUY,110290742709531333936637417418570910881285907663357514844586483587588568832794,0.005810440198949472,6884.16,1767135319
0xead2635ceaaff731e8653757e75043ccab37153e1f760e5c61decc0c16454d8a_1767135841,0x2c3dce8515854f167dc523745a6b9d98d22ec9266d9f4921f62fd3e4bf1cfa1b,0xeeebb3c25f573ddb79f8a8d5b50523f3f043f57f,SELL,86498068750018438192524977941980476748299785729870940867089250086714498791178,0.994,9.06,1767135841
0x8fd082b2daf8b3ddcc8e7135c36925609a3eb75125e8398c17efcbd0cf3b4cf4_1767135945,0x2c3dce8515854f167dc523745a6b9d98d22ec9266d9f4921f62fd3e4bf1cfa1b,0x3aec8b80cb07356b5d6a568554f89e8a00fd22a9,BUY,110290742709531333936637417418570910881285907663357514844586483587588568832794,0.0060000000018168055,4403.333332,1767135945
0x19c18ee98956519bf20e0da3339ea325dfeb66d2931bcbf2bd3f8912ed16fad8_1767136261,0x2c3dce8515854f167dc523745a6b9d98d22ec9266d9f4921f62fd3e4bf1cfa1b,0xf7f0514a88ea52d94edce25b8f7d76f3ffb93110,SELL,86498068750018438192524977941980476748299785729870940867089250086714498791178,0.995,13.33,1767136261
0x4d80c2d76e0ad1745f0b44711836e43ac83d4174d7dfbcae96b27951b28e5fd7_1767136463,0x2c3dce8515854f167dc523745a6b9d98d22ec9266d9f4921f62fd3e4bf1cfa1b,0xdd4729e9caaa7762b65ad3bb2419c3212f42497b,BUY,110290742709531333936637417418570910881285907663357514844586483587588568832794,0.005,2000.0,1767136463
0x97c40875d2827a1b6b016842b582211e4d73a049dfee5756fd7cedb889df28c6_1767136637,0x2c3dce8515854f167dc523745a6b9d98d22ec9266d9f4921f62fd3e4bf1cfa1b,0xc30d1e271868944c4aea6e9d2992f32f8c9357e6,BUY,110290742709531333936637417418570910881285907663357514844586483587588568832794,0.005,200.0,1767136637
0xa86d95f27dadc335003043560a00df312293ef790b414005daf0cc32fed145ff_1767136801,0x2c3dce8515854f167dc523745a6b9d98d22ec9266d9f4921f62fd3e4bf1cfa1b,0xc30d1e271868944c4aea6e9d2992f32f8c9357e6,BUY,110290742709531333936637417418570910881285907663357514844586483587588568832794,0.005804161159847846,1550.611665,1767136801
0xfd3d48c6a8aa64767a4ff3fd6929992174a6f781a23e41ccddbd05512bd38c2a_1767136963,0x2c3dce8515854f167dc523745a6b9d98d22ec9266d9f4921f62fd3e4bf1cfa1b,0xf7876f2a335074d49d9238e2bd4e71d6dc30ea5e,BUY,110290742709531333936637417418570910881285907663357514844586483587588568832794,0.00600000000096,8333.333332,1767136963
0xfb59a1b0aa6f675c8fb046dc4f5d100c5e429923cc3d92ea173b2d5b3fc448c7_1767138003,0x2c3dce8515854f167dc523745a6b9d98d22ec9266d9f4921f62fd3e4bf1cfa1b,0xd86b73db56bb489ca4176df855dfbeb460171924,BUY,110290742709531333936637417418570910881285907663357514844586483587588568832794,0.005,10000.0,1767138003
0x3e088798b73c5ae9ecd85879001ff82e375b1a038d530957b4a2cf4e7d2d5872_1767138011,0x2c3dce8515854f167dc523745a6b9d98d22ec9266d9f4921f62fd3e4bf1cfa1b,0xb1c835158e86f39f0c1202eef84e8f1feb34dfa3,BUY,86498068750018438192524977941980476748299785729870940867089250086714498791178,0.9969999834431769,50.13039,1767138011
0x3409a6536394d737777e94b7c03505d01bb93a7b0d8d2bb9f038a5fcfe2761c8_1767138125,0x2c3dce8515854f167dc523745a6b9d98d22ec9266d9f4921f62fd3e4bf1cfa1b,0x1728f0fe9a7a5f0c55ef60a75cefebe99f3ef6c6,BUY,110290742709531333936637417418570910881285907663357514844586483587588568832794,0.006000000060000001,166.666665,1767138125
0x6840da655d5fe5b6af204f83abb846f8a24d6ab90292733894ec20675477b36b_1767138407,0x2c3dce8515854f167dc523745a6b9d98d22ec9266d9f4921f62fd3e4bf1cfa1b,0xcdb1f1ef8213c06911e4ba6a884176c5571e276c,BUY,86498068750018438192524977941980476748299785729870940867089250086714498791178,0.996,5.0,1767138407
0x2266a463ffcd899dd0a88d47974d824aa1938fdb9be624775671b8be75380eb7_1767138681,0x2c3dce8515854f167dc523745a6b9d98d22ec9266d9f4921f62fd3e4bf1cfa1b,0x3aec8b80cb07356b5d6a568554f89e8a00fd22a9,SELL,110290742709531333936637417418570910881285907663357514844586483587588568832794,0.004,5000.0,1767138681
0x67968d13065c232e89e4403700ee86d409ea1f2c1d35a4ff21fbe442234fbad5_1767139001,0x2c3dce8515854f167dc523745a6b9d98d22ec9266d9f4921f62fd3e4bf1cfa1b,0x8828232dc619ae43d9136ce6b5a9d24618be2954,SELL,110290742709531333936637417418570910881285907663357514844586483587588568832794,0.004,500.0,1767139001
0xde8a07f1992335e560e41481e7946e2654ef98b1c731a2d83448cc23c5727e62_1767139025,0x2c3dce8515854f167dc523745a6b9d98d22ec9266d9f4921f62fd3e4bf1cfa1b,0x8828232dc619ae43d9136ce6b5a9d24618be2954,SELL,110290742709531333936637417418570910881285907663357514844586483587588568832794,0.004,1500.0,1767139025
0xd0fe9abcfbc298caba535368a71cf19d787d1f73dab3e10e670c77ab43ffd4ca_1767139129,0x2c3dce8515854f167dc523745a6b9d98d22ec9266d9f4921f62fd3e4bf1cfa1b,0x5a6e72c7057610b5e540fef6cf9b2968ff9afad0,BUY,86498068750018438192524977941980476748299785729870940867089250086714498791178,0.996,4.1465,1767139129
0xd28ac5722162f6639d547c9dff36997074ae4c90d049daa094082a6e66edd8b4_1767139161,0x2c3dce8515854f167dc523745a6b9d98d22ec9266d9f4921f62fd3e4bf1cfa1b,0x5a6e72c7057610b5e540fef6cf9b2968ff9afad0,SELL,86498068750018438192524977941980476748299785729870940867089250086714498791178,0.994,4.14,1767139161
0x2ae1bc0f35198e3990770ce5d0831087784e67acc635cbd79409fc45fa4754c6_1767139225,0x2c3dce8515854f167dc523745a6b9d98d22ec9266d9f4921f62fd3e4bf1cfa1b,0x73a2250ea616e13aa6c172a0c9ad4c154b871973,BUY,86498068750018438192524977941980476748299785729870940867089250086714498791178,0.996,5.0,1767139225
0x4538139923d636b09d5aca7d7fd7f507b864b2092c225035bc06d9aa5aff2c5d_1767139237,0x2c3dce8515854f167dc523745a6b9d98d22ec9266d9f4921f62fd3e4bf1cfa1b,0x2a1760c68433f32408716cadc04415b39b3bad3b,BUY,110290742709531333936637417418570910881285907663357514844586483587588568832794,0.006,16500.0,1767139237
0xf84648a4a8d47af733080e4d81e5027ed670bae10a572761beb48aba951e3f7c_1767139529,0x2c3dce8515854f167dc523745a6b9d98d22ec9266d9f4921f62fd3e4bf1cfa1b,0xd66c9f82e795442780d8386124539efd2cf097e3,BUY,110290742709531333936637417418570910881285907663357514844586483587588568832794,0.006,170.0,1767139529
0x7b38b7db8d67a62f45035edba9395c4cb174df2f942eaa99a35096d8d7dd20ef_1767139705,0x2c3dce8515854f167dc523745a6b9d98d22ec9266d9f4921f62fd3e4bf1cfa1b,0x9dd604fb2d526025516119369eb0ceb7fe20d25b,BUY,110290742709531333936637417418570910881285907663357514844586483587588568832794,0.006000000060000001,166.666665,1767139705
0x46a3c51c99b3ee85b1ac13c580022aa0610f30a1a15f6ff3e01401d4ebf0b1e9_1767139995,0x2c3dce8515854f167dc523745a6b9d98d22ec9266d9f4921f62fd3e4bf1cfa1b,0x9dd604fb2d526025516119369eb0ceb7fe20d25b,BUY,110290742709531333936637417418570910881285907663357514844586483587588568832794,0.006000000060000001,166.666665,1767139995
0xb4a50db0993e375a737f97350a5e3a72b6e1c5c880eec75aaf7a5948bde378b3_1767140127,0x2c3dce8515854f167dc523745a6b9d98d22ec9266d9f4921f62fd3e4bf1cfa1b,0xd86b73db56bb489ca4176df855dfbeb460171924,BUY,110290742709531333936637417418570910881285907663357514844586483587588568832794,0.006007497688613455,13816.06857,1767140127
0x6c26075ff53217601f539a1a034ccedbab78d20b869f6c357ad4e728c9fb6d14_1767140369,0x2c3dce8515854f167dc523745a6b9d98d22ec9266d9f4921f62fd3e4bf1cfa1b,0x8ce67ff6ef59e912642b25442119a1f26fd181a4,BUY,110290742709531333936637417418570910881285907663357514844586483587588568832794,0.006000000006,333.333333,1767140369
0xf972aa4c9b3528cad181282c856956c45a3625a6316dcf070486f99963ddefc6_1767140429,0x2c3dce8515854f167dc523745a6b9d98d22ec9266d9f4921f62fd3e4bf1cfa1b,0x8a68f8fe67eaed78856c5835f0e57437f02d22df,BUY,110290742709531333936637417418570910881285907663357514844586483587588568832794,0.006000000024,166.666666,1767140429
0xdd528aa79f03e3febfe4a47ba1bcc510c5407085096027ee812e4efa2720c19f_1767140437,0x2c3dce8515854f167dc523745a6b9d98d22ec9266d9f4921f62fd3e4bf1cfa1b,0xbacd00c9080a82ded56f504ee8810af732b0ab35,BUY,86498068750018438192524977941980476748299785729870940867089250086714498791178,0.996,93496.85,1767140437
0x569042b77d9e3eeee922b7a620b9675e24a9f109769fa4a535e12441fcf0c524_1767140473,0x2c3dce8515854f167dc523745a6b9d98d22ec9266d9f4921f62fd3e4bf1cfa1b,0xbacd00c9080a82ded56f504ee8810af732b0ab35,BUY,86498068750018438192524977941980476748299785729870940867089250086714498791178,0.997,35147.95,1767140473
0x75ffde08970aacd994aabe4f147fc726b5d9c7599311339ce8a9b2176bfd38ed_1767140575,0x2c3dce8515854f167dc523745a6b9d98d22ec9266d9f4921f62fd3e4bf1cfa1b,0x607bd7c7952b3d06f5880dd298940dc124a34012,SELL,110290742709531333936637417418570910881285907663357514844586483587588568832794,0.003,212.12,1767140575
0x8b0eb3e6e88413061646da221a28a62389c37507f8e6c94256322a1b3d22f384_1767140779,0x2c3dce8515854f167dc523745a6b9d98d22ec9266d9f4921f62fd3e4bf1cfa1b,0xdfa02d233fb8fed6e9863db812a67a48004acb08,BUY,86498068750018438192524977941980476748299785729870940867089250086714498791178,0.997,1.003,1767140779
0x4e822fa976673c281a3e2e354f65f1c3e0928a123dc8e8d636b45d8a7421100f_1767140877,0x2c3dce8515854f167dc523745a6b9d98d22ec9266d9f4921f62fd3e4bf1cfa1b,0xdfa02d233fb8fed6e9863db812a67a48004acb08,SELL,86498068750018438192524977941980476748299785729870940867089250086714498791178,0.995,1.0,1767140877
0x9558baf20e1f18ef46c720f45ca2f90bbd9a9103e38b29fe70889cabbb09b786_1767140881,0x2c3dce8515854f167dc523745a6b9d98d22ec9266d9f4921f62fd3e4bf1cfa1b,0x33ca7e3df53bb9fdd0d0d01408c9d70b3ebcc40e,BUY,110290742709531333936637417418570910881285907663357514844586483587588568832794,0.005,200.0,1767140881
0x1456c5a719f11ef450e1c31c133517a213285add0acd1a961dc508cb05590c7d_1767140977,0x2c3dce8515854f167dc523745a6b9d98d22ec9266d9f4921f62fd3e4bf1cfa1b,0x8ce67ff6ef59e912642b25442119a1f26fd181a4,BUY,110290742709531333936637417418570910881285907663357514844586483587588568832794,0.005,200.0,1767140977
0x0a25ac129bb05a44a42f503e7ebcee8a8c7f83e0487ab6d5cdfe322cb83f1901_1767141153,0x2c3dce8515854f167dc523745a6b9d98d22ec9266d9f4921f62fd3e4bf1cfa1b,0x8a68f8fe67eaed78856c5835f0e57437f02d22df,BUY,110290742709531333936637417418570910881285907663357514844586483587588568832794,0.005,200.0,1767141153
0xe1f721164097ab8724f09c5e3cacd73fba2437c410d0c7feca95f73067c1233f_1767141159,0x2c3dce8515854f167dc523745a6b9d98d22ec9266d9f4921f62fd3e4bf1cfa1b,0x8a68f8fe67eaed78856c5835f0e57437f02d22df,BUY,110290742709531333936637417418570910881285907663357514844586483587588568832794,0.005995084043074847,166.803333,1767141159
0xb5c9f32e42b42fe587843f543adeb0aacad2f9754aa1355b65605338eb901fc3_1767141223,0x2c3dce8515854f167dc523745a6b9d98d22ec9266d9f4921f62fd3e4bf1cfa1b,0x4530824caca94ccefca54a35bb08aba1114b1e1c,BUY,110290742709531333936637417418570910881285907663357514844586483587588568832794,0.006,340.0,1767141223
0x8a9e7b8fc7d21ce56d988ec4a6a11364d0e147e6da29b738dc4c27a7842cf795_1767141277,0x2c3dce8515854f167dc523745a6b9d98d22ec9266d9f4921f62fd3e4bf1cfa1b,0x8c60ceefed1df4a39b30f941deab937bdf860b12,BUY,110290742709531333936637417418570910881285907663357514844586483587588568832794,0.006,1500.0,1767141277
0x55ccbe766a49b2402a116128c09c1c915dbde3de45a41af27aa17f7199283aeb_1767141277,0x2c3dce8515854f167dc523745a6b9d98d22ec9266d9f4921f62fd3e4bf1cfa1b,0x4eb601e831ba73bbc8e9f9f60aa636af632a5e8a,SELL,110290742709531333936637417418570910881285907663357514844586483587588568832794,0.003,0.68,1767141277
0x4e458554516eb21adec3bf9a77127f785e09c6ed5eb0595d41081420f50319ac_1767141553,0x2c3dce8515854f167dc523745a6b9d98d22ec9266d9f4921f62fd3e4bf1cfa1b,0x8c60ceefed1df4a39b30f941deab937bdf860b12,BUY,110290742709531333936637417418570910881285907663357514844586483587588568832794,0.006000000000857143,4666.666666,1767141553
0xa780314b24315f6975d188cc0e50e87afe787226bf6cf3b6abbcc29d8d8cb33b_1767141701,0x2c3dce8515854f167dc523745a6b9d98d22ec9266d9f4921f62fd3e4bf1cfa1b,0x82b57fd992f2e5c570cf01b35bea0ebc9b399af4,BUY,110290742709531333936637417418570910881285907663357514844586483587588568832794,0.006000000024,166.666666,1767141701
0xd4bb843b211443255d27e85543ff086103544072cbb16bc044d2dc70500d9d28_1767141727,0x2c3dce8515854f167dc523745a6b9d98d22ec9266d9f4921f62fd3e4bf1cfa1b,0x4530824caca94ccefca54a35bb08aba1114b1e1c,BUY,110290742709531333936637417418570910881285907663357514844586483587588568832794,0.006000000002545069,1571.666666,1767141727
0xb2ba31a9c4f5bc355f290a5281b45ec823e7d8789807c7843938c62a08c66b19_1767141733,0x2c3dce8515854f167dc523745a6b9d98d22ec9266d9f4921f62fd3e4bf1cfa1b,0x6a88c5ecd262e2c42e78bad8e6db7ab3c4e4b859,BUY,86498068750018438192524977941980476748299785729870940867089250086714498791178,0.995,200.0,1767141733
0x552c44811dd49ff63d903016a6c0c09957eeb5d1d41f33b2dd39b9a287c3a886_1767141739,0x2c3dce8515854f167dc523745a6b9d98d22ec9266d9f4921f62fd3e4bf1cfa1b,0xb2915dd7a1105bd0c58411cc3cef6b7a4c0d7c4f,BUY,110290742709531333936637417418570910881285907663357514844586483587588568832794,0.00600000000123584,1618.333333,1767141739
0x05a08720b69f2264def3b65f283b7e1c25b4736922ef149897102d5c13dd76b9_1767142481,0x2c3dce8515854f167dc523745a6b9d98d22ec9266d9f4921f62fd3e4bf1cfa1b,0x3b64f0df8eb1e72026f70e70b02f7c6dd67ad59e,BUY,110290742709531333936637417418570910881285907663357514844586483587588568832794,0.006000000001013513,3946.666666,1767142481
0x513d5d4a6d28e1a19f8723fc4e9bf0328d899f8deccbc5041730923e0625bcb9_1767142655,0x2c3dce8515854f167dc523745a6b9d98d22ec9266d9f4921f62fd3e4bf1cfa1b,0xee69ab9a48a4b501b9e7dbcfad3cd9759a6f05d0,BUY,110290742709531333936637417418570910881285907663357514844586483587588568832794,0.006,20000.0,1767142655
0x057c9e8716a05e3f88cc7e4ff12ec94684780a94b5dc95a674db0c5850786cc1_1767142739,0x2c3dce8515854f167dc523745a6b9d98d22ec9266d9f4921f62fd3e4bf1cfa1b,0xee69ab9a48a4b501b9e7dbcfad3cd9759a6f05d0,BUY,110290742709531333936637417418570910881285907663357514844586483587588568832794,0.006,20000.0,1767142739
0x7e55d99e62ee6d7cd9dcc534868b9270aab5919ccc56a7a82d175bf0b89789cf_1767142769,0x2c3dce8515854f167dc523745a6b9d98d22ec9266d9f4921f62fd3e4bf1cfa1b,0xc77a8ae3de307d7b4aa910c997015d1c45b4daf8,BUY,110290742709531333936637417418570910881285907663357514844586483587588568832794,0.006,2500.0,1767142769
0x7d7618febcdb1143787a3d5acaf01bd447a9a31514b36242fd92c1873ac6e391_1767143031,0x2c3dce8515854f167dc523745a6b9d98d22ec9266d9f4921f62fd3e4bf1cfa1b,0x7c3db723f1d4d8cb9c550095203b686cb11e5c6b,BUY,86498068750018438192524977941980476748299785729870940867089250086714498791178,0.996,30000.0,1767143031
0xbff12914e41112288d4d40ff0086f14e9c6c758583cc07d74a3102b6cebc0107_1767143035,0x2c3dce8515854f167dc523745a6b9d98d22ec9266d9f4921f62fd3e4bf1cfa1b,0x3e426d5b3a5aa4bef22826b5b98de6497c798f95,BUY,86498068750018438192524977941980476748299785729870940867089250086714498791178,0.9969999269198907,10.030089,1767143035
0xf004e2b00738ecee1a454446c7a9576b08bdd713fe5891a99f2bcbaa08871a25_1767143037,0x2c3dce8515854f167dc523745a6b9d98d22ec9266d9f4921f62fd3e4bf1cfa1b,0x7c33a9135c1cf344a3524852138553f41233e721,BUY,86498068750018438192524977941980476748299785729870940867089250086714498791178,0.9969996935885566,3.009026,1767143037
0xb3fe01b0dce0d1d25c2be809b5f0822a8adde5b4abd1ba6cafac627bcf8db126_1767143043,0x2c3dce8515854f167dc523745a6b9d98d22ec9266d9f4921f62fd3e4bf1cfa1b,0x2b366034b69b64a444406b2db7ec1ff7869c473b,BUY,86498068750018438192524977941980476748299785729870940867089250086714498791178,0.9969999993026338,1198.796388,1767143043
0xcbb89b9c1c8665b4fe7147afdc19a5aaa9d22dca60ec9eb4bf2207c4ced76053_1767143053,0x2c3dce8515854f167dc523745a6b9d98d22ec9266d9f4921f62fd3e4bf1cfa1b,0x521a5937948a3c1e4c62596651be096760794b39,BUY,86498068750018438192524977941980476748299785729870940867089250086714498791178,0.9969999825766984,39.257772,1767143053
0x5888525f2fa30214825654e35aa71d5e71bd9875ed0d011fda567b1c6f7590c1_1767143059,0x2c3dce8515854f167dc523745a6b9d98d22ec9266d9f4921f62fd3e4bf1cfa1b,0xf95d4f8f524f5fa3dbef41f45e52bcad7d84ca8d,BUY,86498068750018438192524977941980476748299785729870940867089250086714498791178,0.997,15.0,1767143059
0x6cfb32245a5b0ce2ff2fff58249613817672ef704d19041be6144f31395fb8c5_1767143157,0x2c3dce8515854f167dc523745a6b9d98d22ec9266d9f4921f62fd3e4bf1cfa1b,0x85538818d86e43239b36775e1dd32e64c4bc8689,BUY,110290742709531333936637417418570910881285907663357514844586483587588568832794,0.005995053840010008,3117.57,1767143157
0xbee592bbfe9a9fe3089ee7ed0bb04c6e671649f45fd47b69804d120d5b6d9b68_1767143261,0x2c3dce8515854f167dc523745a6b9d98d22ec9266d9f4921f62fd3e4bf1cfa1b,0x3e426d5b3a5aa4bef22826b5b98de6497c798f95,SELL,86498068750018438192524977941980476748299785729870940867089250086714498791178,0.994,0.43,1767143261
0x639762ab6568e235c3287b35fe6cfad97985aa5d720ede3a457bf4d2b46f65b0_1767143405,0x2c3dce8515854f167dc523745a6b9d98d22ec9266d9f4921f62fd3e4bf1cfa1b,0x57b3348878b7d07bc40f7bcbf8a40738704d6661,BUY,110290742709531333936637417418570910881285907663357514844586483587588568832794,0.006,4020.0,1767143405
0xfabef173f030cd3440ac27604d15fc5af3b15fde97822a7bae97fa94486e201e_1767143741,0x2c3dce8515854f167dc523745a6b9d98d22ec9266d9f4921f62fd3e4bf1cfa1b,0x08f5165fc4daf68a49bf6d84e5e05c981b4828e0,BUY,86498068750018438192524977941980476748299785729870940867089250086714498791178,0.9969999985761507,490.922767,1767143741
0x685e7c8aa107bc422b6948d2c84a88bd42878e848d2c50cf195427b5df0e8572_1767143893,0x2c3dce8515854f167dc523745a6b9d98d22ec9266d9f4921f62fd3e4bf1cfa1b,0x81b48888cc294bebb81ad71f889e7d171f12d86b,BUY,110290742709531333936637417418570910881285907663357514844586483587588568832794,0.005,200.0,1767143893
0xdab7b5334b19631a7ca3713a31fd5315ac76268666c0c8e7a7fd2e46a288e172_1767144365,0x2c3dce8515854f167dc523745a6b9d98d22ec9266d9f4921f62fd3e4bf1cfa1b,0x1b5be749bf26e1d4202a024347f909e599270a02,BUY,110290742709531333936637417418570910881285907663357514844586483587588568832794,0.005,200.0,1767144365
0x25bcbf62327814f4fa7583a6b32a8cda1ab36d861bcd36e5dc475152af220347_1767144829,0x2c3dce8515854f167dc523745a6b9d98d22ec9266d9f4921f62fd3e4bf1cfa1b,0x852af004fd4b9df3ccd184137bda9e454c16cc3e,BUY,110290742709531333936637417418570910881285907663357514844586483587588568832794,0.004,250.0,1767144829
0x8e76a0ba9daadde49f5d3e024b7bb9079e45b73e184c7a26da1a1a2b6563e439_1767144867,0x2c3dce8515854f167dc523745a6b9d98d22ec9266d9f4921f62fd3e4bf1cfa1b,0xf6191a6849dc92754f65ab0a0828d841c72971f8,BUY,110290742709531333936637417418570910881285907663357514844586483587588568832794,0.0048327137546468404,2690.0,1767144867
0x77840edbe26d97848ac2b282c0661c7eef3197fc46ff477f83e844f9e8c161dc_1767144991,0x2c3dce8515854f167dc523745a6b9d98d22ec9266d9f4921f62fd3e4bf1cfa1b,0xc77a8ae3de307d7b4aa910c997015d1c45b4daf8,SELL,110290742709531333936637417418570910881285907663357514844586483587588568832794,0.003,1592.96,1767144991
0x6a9d3e318431dd03257b50e749c3d3767f9213b15dfeb17cf511a246b0acce13_1767145047,0x2c3dce8515854f167dc523745a6b9d98d22ec9266d9f4921f62fd3e4bf1cfa1b,0xc77a8ae3de307d7b4aa910c997015d1c45b4daf8,SELL,110290742709531333936637417418570910881285907663357514844586483587588568832794,0.002,907.04,1767145047
0xf34d5f7a167b14caa11b38ca0804d264b5696e1cbd90c3ad5b8e916561960af5_1767145633,0x2c3dce8515854f167dc523745a6b9d98d22ec9266d9f4921f62fd3e4bf1cfa1b,0x4d749452e86e1696b3182e869f646396ba264bef,BUY,110290742709531333936637417418570910881285907663357514844586483587588568832794,0.004545454545454545,220.0,1767145633
0x0c887e4f66fc92b79ac6517abe915207f41223a6f3d1e2859e67c68666cd5c3d_1767145989,0x2c3dce8515854f167dc523745a6b9d98d22ec9266d9f4921f62fd3e4bf1cfa1b,0x76210c3b4bc2dd6894ccac7382b2bb1968962c20,SELL,86498068750018438192524977941980476748299785729870940867089250086714498791178,0.995,100.0,1767145989
0x5b161bf3ed6c64e2a8b966e24194e0bac5ed66ec010bb65918557ac9211f860a_1767146563,0x2c3dce8515854f167dc523745a6b9d98d22ec9266d9f4921f62fd3e4bf1cfa1b,0xba861e1fca0ce9a6c5ee50c81254c2f6937ab2ac,BUY,110290742709531333936637417418570910881285907663357514844586483587588568832794,0.005,4000.0,1767146563
0x8456e4d1ab8cabfab59c4728ead27cb0a8aab24fd36692f459334a4656f859f1_1767146809,0x2c3dce8515854f167dc523745a6b9d98d22ec9266d9f4921f62fd3e4bf1cfa1b,0xba861e1fca0ce9a6c5ee50c81254c2f6937ab2ac,BUY,110290742709531333936637417418570910881285907663357514844586483587588568832794,0.004,750.0,1767146809
0x777d1839f70df6f2dfba29990186ff890b948041cd2aaaf9e431d587cd9fd47e_1767146827,0x2c3dce8515854f167dc523745a6b9d98d22ec9266d9f4921f62fd3e4bf1cfa1b,0x15fbb72229b00756f43f66c9d51cf7f4d7a67aca,BUY,110290742709531333936637417418570910881285907663357514844586483587588568832794,0.004761904761904762,1050.0,1767146827
0x4237d01467794d5347d13b9b3eb1487e1a793728d9e46582075f8b7be863b630_1767147057,0x2c3dce8515854f167dc523745a6b9d98d22ec9266d9f4921f62fd3e4bf1cfa1b,0x4530824caca94ccefca54a35bb08aba1114b1e1c,BUY,110290742709531333936637417418570910881285907663357514844586483587588568832794,0.005,3432.0,1767147057
0xaeae013ca781083773daf7e80545ee4680fdfb763d98f10eba88d4156a5fa8ad_1767147325,0x2c3dce8515854f167dc523745a6b9d98d22ec9266d9f4921f62fd3e4bf1cfa1b,0x43c5a73005470a4ecd3964b06c50e7e5a2c84d00,SELL,110290742709531333936637417418570910881285907663357514844586483587588568832794,0.003,633.27,1767147325
0xe45f269cda2f50a3a71d53336a87e0922bec0684ed54cfcd09e5c555d9823fab_1767147711,0x2c3dce8515854f167dc523745a6b9d98d22ec9266d9f4921f62fd3e4bf1cfa1b,0x8ce67ff6ef59e912642b25442119a1f26fd181a4,SELL,110290742709531333936637417418570910881285907663357514844586483587588568832794,0.003,533.33,1767147711
0x9d93bfceaeb704ba453b5805c928e12ce0b43e3252d15c2e9358f321f77a04f8_1767147957,0x2c3dce8515854f167dc523745a6b9d98d22ec9266d9f4921f62fd3e4bf1cfa1b,0xdce618af5e06ed3ef7cdf29723d6314da3cbf4b7,BUY,110290742709531333936637417418570910881285907663357514844586483587588568832794,0.006,1000.0,1767147957
0x041236acfef83f26787c165196e1d744e5b48f972cb0cddda13898e5ec00b615_1767148005,0x2c3dce8515854f167dc523745a6b9d98d22ec9266d9f4921f62fd3e4bf1cfa1b,0xaeab8d17859b7229eacd194275db1423c30b0652,SELL,86498068750018438192524977941980476748299785729870940867089250086714498791178,0.994,14.62,1767148005
0x35c7b1b2568c0f914eb82678dd2c0d819b2b8ff78851f7af991de395b0a7446b_1767149181,0x2c3dce8515854f167dc523745a6b9d98d22ec9266d9f4921f62fd3e4bf1cfa1b,0xccad58695be1bcf10ec63ef316647e6064028b16,BUY,110290742709531333936637417418570910881285907663357514844586483587588568832794,0.006000000060000001,166.666665,1767149181
0x33e2872794a9eaeebfddfc8b0194611004fc9caba928899fb194600d4ead02cd_1767149341,0x2c3dce8515854f167dc523745a6b9d98d22ec9266d9f4921f62fd3e4bf1cfa1b,0x6fb9c219e2924c33af25dee177460d577eba4232,BUY,110290742709531333936637417418570910881285907663357514844586483587588568832794,0.006,500.0,1767149341
0xd576f76824c5348f1e16ec96b89f5a93c10a67ffd5953dc7b8e66c0d0e625a04_1767150229,0x2c3dce8515854f167dc523745a6b9d98d22ec9266d9f4921f62fd3e4bf1cfa1b,0xb73072f923dd9810eefbf496f59fc016248928c8,SELL,86498068750018438192524977941980476748299785729870940867089250086714498791178,0.994,3.57,1767150229
0x94e965967732973d705430f921dae7639a2800b25ac12e34fea574bdcffc7d3a_1767150259,0x2c3dce8515854f167dc523745a6b9d98d22ec9266d9f4921f62fd3e4bf1cfa1b,0x9d39b8ee38f367983c170abc553d26011928cbfe,BUY,110290742709531333936637417418570910881285907663357514844586483587588568832794,0.006000000060000001,166.666665,1767150259
0x9370efc31eb996983d01da335476dff72b9e038232dd37abaa810509143b2bbd_1767150289,0x2c3dce8515854f167dc523745a6b9d98d22ec9266d9f4921f62fd3e4bf1cfa1b,0x50ae28fbc0603cb00479e234e25724a26de44bbe,BUY,110290742709531333936637417418570910881285907663357514844586483587588568832794,0.006000000024,333.333332,1767150289
0x6731a96de554e22c62940afad3b3584d883247e5902a42a7aff407f8f23355f6_1767151381,0x2c3dce8515854f167dc523745a6b9d98d22ec9266d9f4921f62fd3e4bf1cfa1b,0x6fb9c219e2924c33af25dee177460d577eba4232,BUY,110290742709531333936637417418570910881285907663357514844586483587588568832794,0.005,500.0,1767151381
0x9d5383e6eeac6185ad8b6f221fe688aefaff5c7c7322ae11e3082128083c91f7_1767152117,0x2c3dce8515854f167dc523745a6b9d98d22ec9266d9f4921f62fd3e4bf1cfa1b,0x39045395ea6766be0303268dbd4a27dc24bd7c82,BUY,86498068750018438192524977941980476748299785729870940867089250086714498791178,0.9969995269232514,2.006017,1767152117
0x1dd21e5c9d7f9f08464d5fd177e6614e36c9b56cea4919c21f6e6837768e3322_1767153365,0x2c3dce8515854f167dc523745a6b9d98d22ec9266d9f4921f62fd3e4bf1cfa1b,0x04be2e84b59bc5a0a4f28f4c62689d1852e8fde5,BUY,110290742709531333936637417418570910881285907663357514844586483587588568832794,0.005,412.0,1767153365
0xcf34139250e89bd959ef0f6d213e710527d9db881b2f3cdcbf615d1cf429d866_1767154205,0x2c3dce8515854f167dc523745a6b9d98d22ec9266d9f4921f62fd3e4bf1cfa1b,0x46e29dcb9cd03b9f39bf5bf7759b07ea280ef8bb,SELL,86498068750018438192524977941980476748299785729870940867089250086714498791178,0.995,2500.0,1767154205
0x89c785f443f1a9ba760412a5e473b9d2fcb48fa4958c698e148151469359490d_1767154221,0x2c3dce8515854f167dc523745a6b9d98d22ec9266d9f4921f62fd3e4bf1cfa1b,0xc8e21e0128be763c1d99255fe59ba6fd8f4cde92,BUY,110290742709531333936637417418570910881285907663357514844586483587588568832794,0.005,200.0,1767154221
0x87fde4ebcc46721ff81185e3318d95a9b61e4d985f6abac068b70b268b927b31_1767154395,0x2c3dce8515854f167dc523745a6b9d98d22ec9266d9f4921f62fd3e4bf1cfa1b,0xe51abbc214c832cf44463db0f5f3ed421c742665,SELL,110290742709531333936637417418570910881285907663357514844586483587588568832794,0.003,9738.33,1767154395
0x66e93df40d6de4097a4963e3dd5003614b52c3978373508de640caf04a825f29_1767154943,0x2c3dce8515854f167dc523745a6b9d98d22ec9266d9f4921f62fd3e4bf1cfa1b,0x6bc74c392c320cfe10d5be61db978a58c8444ad4,SELL,86498068750018438192524977941980476748299785729870940867089250086714498791178,0.996,0.1,1767154943
0x2c48855bee755534cc5db3bf43fd32703ba1cc57ebe317ab0a5c658a37e55c5f_1767155087,0x2c3dce8515854f167dc523745a6b9d98d22ec9266d9f4921f62fd3e4bf1cfa1b,0x726661343643c2bdf18dd4cd8b35cba5cabc116a,BUY,86498068750018438192524977941980476748299785729870940867089250086714498791178,0.997,1.003,1767155087
0x7710d023a02adbb85879a577c0003bbd01cbe6a285445386ef98cdf47a9a5948_1767155599,0x2c3dce8515854f167dc523745a6b9d98d22ec9266d9f4921f62fd3e4bf1cfa1b,0xed8dd4a13ef8f8803c814945ed1b3f7d1c80606f,BUY,110290742709531333936637417418570910881285907663357514844586483587588568832794,0.004,250.0,1767155599
0xf05c9b02f298853f9025a24e6040290e1f5b564806284831ee4cd01a84ddc815_1767155745,0x2c3dce8515854f167dc523745a6b9d98d22ec9266d9f4921f62fd3e4bf1cfa1b,0xc18ea2dbb0c8c2b400fb6cc5f6c9cc60b33efa07,BUY,86498068750018438192524977941980476748299785729870940867089250086714498791178,0.997,1.003,1767155745
0x9c285e92ccc772c463ca18c6d9d27a578ab68e1bc465fb53909479d3553dd433_1767155797,0x2c3dce8515854f167dc523745a6b9d98d22ec9266d9f4921f62fd3e4bf1cfa1b,0xc18ea2dbb0c8c2b400fb6cc5f6c9cc60b33efa07,SELL,86498068750018438192524977941980476748299785729870940867089250086714498791178,0.996,1.0,1767155797
0xd998ee4f24f841a1415fa7d2bb0d4219acf39d1f39aae4cb05437dfd017af8dc_1767156299,0x2c3dce8515854f167dc523745a6b9d98d22ec9266d9f4921f62fd3e4bf1cfa1b,0xb10047d6a254b2ebb306d7a7d13bf59171ab6461,SELL,86498068750018438192524977941980476748299785729870940867089250086714498791178,0.996,2480.84,1767156299
0xd7b51a5fc80e0f912322d6ae3635fcb70d98a4f3fdccc12823d8814c8e8e8852_1767156427,0x2c3dce8515854f167dc523745a6b9d98d22ec9266d9f4921f62fd3e4bf1cfa1b,0x8217b6c8878a4aa4ecc023608dbf91d4fac64936,SELL,86498068750018438192524977941980476748299785729870940867089250086714498791178,0.996,10.04,1767156427
0xb12ac4b19e671258199d32f4ece6f04a1498f92511151f695b2a55d90fe0d24f_1767157883,0x2c3dce8515854f167dc523745a6b9d98d22ec9266d9f4921f62fd3e4bf1cfa1b,0xe0f55447c326c07d0c3f40aac4ecd69d7c9d694d,SELL,86498068750018438192524977941980476748299785729870940867089250086714498791178,0.996,8.33,1767157883
0x2b339505f970eceaface4429540d9ac5a31f35c5b2960df8c8d226c631454ecf_1767158559,0x2c3dce8515854f167dc523745a6b9d98d22ec9266d9f4921f62fd3e4bf1cfa1b,0x0b498c2501f1c3a541f76218f083d48c92e7f2df,SELL,110290742709531333936637417418570910881285907663357514844586483587588568832794,0.003,2861.93,1767158559
0xa05ce9c7f42b54dae0d9ac30b93388079b324f1e835c220b9841e85f99b15acb_1767158781,0x2c3dce8515854f167dc523745a6b9d98d22ec9266d9f4921f62fd3e4bf1cfa1b,0x577ad90846691113c9e6fffd6bf0de83dfff51a7,BUY,86498068750018438192524977941980476748299785729870940867089250086714498791178,0.997,1.003,1767158781
0xe86e67aae38b3b01d83de076de76aeef31688a273c9e08e0bf763d3268d3669f_1767160517,0x2c3dce8515854f167dc523745a6b9d98d22ec9266d9f4921f62fd3e4bf1cfa1b,0x68ac8f567639a84bb8d74cd908fb358b983a79b8,SELL,86498068750018438192524977941980476748299785729870940867089250086714498791178,0.996,9.36,1767160517
0x959100f28dc2dbdee591fa7ee1a6ce7f95b450a7db308c807e222d9e84efe583_1767160905,0x2c3dce8515854f167dc523745a6b9d98d22ec9266d9f4921f62fd3e4bf1cfa1b,0x43ec89f3f28ac46facf4e15e8cc851a9c4e2e7e0,BUY,110290742709531333936637417418570910881285907663357514844586483587588568832794,0.004,250.0,1767160905
0xdf19e75be810a72827ca17180a5b42d343b9ace6f2cd415862626869486218ec_1767163663,0x2c3dce8515854f167dc523745a6b9d98d22ec9266d9f4921f62fd3e4bf1cfa1b,0x484aa9a72881b7aa1668d5c9571ac2e97261c6e0,BUY,110290742709531333936637417418570910881285907663357514844586483587588568832794,0.004,500.0,1767163663
0x21d346a87e33c8639ef371d5833018cfdfcf2bb62dc1fc22c928e2456fee14a3_1767163665,0x2c3dce8515854f167dc523745a6b9d98d22ec9266d9f4921f62fd3e4bf1cfa1b,0xe51abbc214c832cf44463db0f5f3ed421c742665,BUY,110290742709531333936637417418570910881285907663357514844586483587588568832794,0.004,467.5,1767163665
0xfbaa032ca523bbe2e79cda77b1e5061e04570db89eac64c876bb614b766243fe_1767163733,0x2c3dce8515854f167dc523745a6b9d98d22ec9266d9f4921f62fd3e4bf1cfa1b,0x978a41b8bb224c405f71d241ea956fb272f4c358,SELL,86498068750018438192524977941980476748299785729870940867089250086714498791178,0.996,10.03,1767163733
0x4f023dc25875effaf6d53ee9032331f065f739b01c92966e2b3a1d3ea72a3b35_1767163951,0x2c3dce8515854f167dc523745a6b9d98d22ec9266d9f4921f62fd3e4bf1cfa1b,0xa9456cecf9d6fb545f6408e0e2dbbfa307d7bae6,SELL,86498068750018438192524977941980476748299785729870940867089250086714498791178,0.996,5.01,1767163951
0x5e8647334242ea43631aaa577f799345cb8b661721c1b40b1575c22204fad8b7_1767164447,0x2c3dce8515854f167dc523745a6b9d98d22ec9266d9f4921f62fd3e4bf1cfa1b,0x484aa9a72881b7aa1668d5c9571ac2e97261c6e0,BUY,110290742709531333936637417418570910881285907663357514844586483587588568832794,0.004,22500.0,1767164447
0x86b97e6aa59f006d40448f29d3e828bca3ccdbbd7cae99e0ba7404b0196e61bd_1767164625,0x2c3dce8515854f167dc523745a6b9d98d22ec9266d9f4921f62fd3e4bf1cfa1b,0x74e2d1d25f25edd971e150b259b22997c3873333,BUY,110290742709531333936637417418570910881285907663357514844586483587588568832794,0.004,1250.0,1767164625
0x60e448e4fcde7f777b0ea4964f2b71e17591a35e08ca82ec9fc205777afe5154_1767164811,0x2c3dce8515854f167dc523745a6b9d98d22ec9266d9f4921f62fd3e4bf1cfa1b,0xeb87fa85b56d268bf556cc28d0f778eff8b1ff42,BUY,110290742709531333936637417418570910881285907663357514844586483587588568832794,0.004,1250.0,1767164811
0x11a8f56bdf81716442038d1d9c8e98e76e7c521ce619690cc03a79b274da809a_1767164997,0x2c3dce8515854f167dc523745a6b9d98d22ec9266d9f4921f62fd3e4bf1cfa1b,0x27338f0f8b095760a5604060225281195d2579a5,BUY,86498068750018438192524977941980476748299785729870940867089250086714498791178,0.997,64.0,1767164997
0xe3215633903087fdbb04262053f690ae3e47d6c8a2ee946f2413e2e3f87e8e58_1767165069,0x2c3dce8515854f167dc523745a6b9d98d22ec9266d9f4921f62fd3e4bf1cfa1b,0x4572a6dcd7e308347ca70fd328a9388c812234bf,BUY,86498068750018438192524977941980476748299785729870940867089250086714498791178,0.997,1.003,1767165069
0xbf370f26cb7d017a58201c218b929d6f8f1332392ee749b52150f556302e8260_1767165193,0x2c3dce8515854f167dc523745a6b9d98d22ec9266d9f4921f62fd3e4bf1cfa1b,0x7c40ef7f42e7a081b61aec21a62cde1cd0371465,BUY,86498068750018438192524977941980476748299785729870940867089250086714498791178,0.997,68.0,1767165193
0xee484eda9ead7eaf681fa14910972682d518aa7b3e9eb90ce83b48087d8e299e_1767165487,0x2c3dce8515854f167dc523745a6b9d98d22ec9266d9f4921f62fd3e4bf1cfa1b,0xe3d7097b619590cf2d5970251db19d23f42d2413,BUY,110290742709531333936637417418570910881285907663357514844586483587588568832794,0.004,1000.0,1767165487
0xeb6455fc05bfb88439825a79121660841f7f7682c52d52b9ef9ffe9f1a69dd6f_1767165595,0x2c3dce8515854f167dc523745a6b9d98d22ec9266d9f4921f62fd3e4bf1cfa1b,0xedf960747bbb11a40c26a5170c856a448082750a,BUY,86498068750018438192524977941980476748299785729870940867089250086714498791178,0.997,83.0,1767165595
0x5e9ebaac7f4368aacb5d43a371c05258ce97f790e7a2ab7b950886983f33b2a8_1767165787,0x2c3dce8515854f167dc523745a6b9d98d22ec9266d9f4921f62fd3e4bf1cfa1b,0x1f6b85cb85876df272199039207b33166757267e,BUY,86498068750018438192524977941980476748299785729870940867089250086714498791178,0.997,100.0,1767165787
0x69f1d32909095afa32db1a4a2efc3883cb46e67a70ede11d934930877bb16e22_1767165903,0x2c3dce8515854f167dc523745a6b9d98d22ec9266d9f4921f62fd3e4bf1cfa1b,0x5d299015e37aacee1cdd2287f4a036bce581af70,BUY,110290742709531333936637417418570910881285907663357514844586483587588568832794,0.004,5000.0,1767165903
0x68bcbdb50720278d6a368502f9127cef40b9c5183fc11b209f2462b4a390e2a6_1767165913,0x2c3dce8515854f167dc523745a6b9d98d22ec9266d9f4921f62fd3e4bf1cfa1b,0x52a2565fab9611d3163b0a4751ec99ceab5a376f,BUY,110290742709531333936637417418570910881285907663357514844586483587588568832794,0.004,500.0,1767165913
0x8b9a3752259608fc029f6744be5904170bca5448a487815ba6dae8252ab885f5_1767165917,0x2c3dce8515854f167dc523745a6b9d98d22ec9266d9f4921f62fd3e4bf1cfa1b,0x71b1e39cd44878c76074af783c8065210e41ac2c,SELL,86498068750018438192524977941980476748299785729870940867089250086714498791178,0.996,20.0,1767165917
0x8f1bf89b3410f190379d588a97f92480bc999ee185177c3f84a90e6fb21d73bd_1767166011,0x2c3dce8515854f167dc523745a6b9d98d22ec9266d9f4921f62fd3e4bf1cfa1b,0xf8b29fe7023d1bbf03715b1e19f41d72bed972e8,BUY,86498068750018438192524977941980476748299785729870940867089250086714498791178,0.997,65.0,1767166011
0x95d83649f9968e8c92138ec86e1095db72d772117c41045c099afaabf5d10eff_1767166081,0x2c3dce8515854f167dc523745a6b9d98d22ec9266d9f4921f62fd3e4bf1cfa1b,0xa9456cecf9d6fb545f6408e0e2dbbfa307d7bae6,BUY,86498068750018438192524977941980476748299785729870940867089250086714498791178,0.997,1.003,1767166081
0x433125f67e9f4d231d6d581c3742ace87fb534b3e2359a93b68f4688cd7b9b25_1767166151,0x2c3dce8515854f167dc523745a6b9d98d22ec9266d9f4921f62fd3e4bf1cfa1b,0xcee853c7b514aaf5e892a0100105f5d5ffb8cf81,BUY,110290742709531333936637417418570910881285907663357514844586483587588568832794,0.004,2500.0,1767166151
0x4d6f5b83b426317b08135bc69cd88be5867696816b4d54bc3751fcc1ab3dd133_1767166263,0x2c3dce8515854f167dc523745a6b9d98d22ec9266d9f4921f62fd3e4bf1cfa1b,0x6b9224e55e2eefe8936e2c0d4652826d4223d7b9,BUY,86498068750018438192524977941980476748299785729870940867089250086714498791178,0.997,1.003,1767166263
0xd64344a358c5244e2f856fac2d4a46b53f82b30b4ddd2ebbf3ab7964702aecf1_1767166263,0x2c3dce8515854f167dc523745a6b9d98d22ec9266d9f4921f62fd3e4bf1cfa1b,0x3da12e89762253a0204383fe9bc61a43ac036fda,BUY,86498068750018438192524977941980476748299785729870940867089250086714498791178,0.997,1.003,1767166263
0x7e84d49c5d51ea37b562442b244236f3c05ef675103ca119c28439c59e15472c_1767166269,0x2c3dce8515854f167dc523745a6b9d98d22ec9266d9f4921f62fd3e4bf1cfa1b,0xbf6fbbbe489e88c667a786ffc05629af9e70be8e,BUY,86498068750018438192524977941980476748299785729870940867089250086714498791178,0.997,1.003,1767166269
0x2b8d7988af99057a431d4cf2ed63f21c930b5fca084ad1c4ec63c598f529f9f4_1767166273,0x2c3dce8515854f167dc523745a6b9d98d22ec9266d9f4921f62fd3e4bf1cfa1b,0x4956888bdc82fd62bed8b4155223355342aa2a4d,BUY,86498068750018438192524977941980476748299785729870940867089250086714498791178,0.997,1.003,1767166273
0x146c0b5d9f3a08f6e96a8d4e98ba1363a0c0913e01d185ee702e3e3b89693bea_1767166341,0x2c3dce8515854f167dc523745a6b9d98d22ec9266d9f4921f62fd3e4bf1cfa1b,0xa9456cecf9d6fb545f6408e0e2dbbfa307d7bae6,BUY,86498068750018438192524977941980476748299785729870940867089250086714498791178,0.997,1.003,1767166341
0x28acbe2023f0a507d729754ecbe4477fdf8ad9c9760f86e983d42e62e876106f_1767166457,0x2c3dce8515854f167dc523745a6b9d98d22ec9266d9f4921f62fd3e4bf1cfa1b,0x6b9224e55e2eefe8936e2c0d4652826d4223d7b9,SELL,86498068750018438192524977941980476748299785729870940867089250086714498791178,0.996,1.0,1767166457
0x4ffb683818c3616cdddc658ca8fbf32ae152044eee096da2cd9b2bd8ada079da_1767166461,0x2c3dce8515854f167dc523745a6b9d98d22ec9266d9f4921f62fd3e4bf1cfa1b,0xbf6fbbbe489e88c667a786ffc05629af9e70be8e,SELL,86498068750018438192524977941980476748299785729870940867089250086714498791178,0.996,1.0,1767166461
0x4a8649c6894538f845a2edca2f292dc1a3c8f749a287d17d904097d1aeb980a4_1767166463,0x2c3dce8515854f167dc523745a6b9d98d22ec9266d9f4921f62fd3e4bf1cfa1b,0x4956888bdc82fd62bed8b4155223355342aa2a4d,SELL,86498068750018438192524977941980476748299785729870940867089250086714498791178,0.996,1.0,1767166463
0x838adc79d372ac6aaee2505c4547ace7d3ce8a7af2e8c7993c218e443ddb1c8f_1767166467,0x2c3dce8515854f167dc523745a6b9d98d22ec9266d9f4921f62fd3e4bf1cfa1b,0x3da12e89762253a0204383fe9bc61a43ac036fda,SELL,86498068750018438192524977941980476748299785729870940867089250086714498791178,0.996,1.0,1767166467
0x62fd2b64e3210bd31517c4b3b7672af4e4248e67ca456e4f602e312ed6ba1489_1767166825,0x2c3dce8515854f167dc523745a6b9d98d22ec9266d9f4921f62fd3e4bf1cfa1b,0xe6a41ddabde1512c3b1f73ecf619f4af1540cd45,SELL,110290742709531333936637417418570910881285907663357514844586483587588568832794,0.003,3.94,1767166825
0xf239fcd96530ce62f11b0594b741097a1b5b51fcd397efbae53afc70f2652663_1767168293,0x2c3dce8515854f167dc523745a6b9d98d22ec9266d9f4921f62fd3e4bf1cfa1b,0xa9456cecf9d6fb545f6408e0e2dbbfa307d7bae6,SELL,86498068750018438192524977941980476748299785729870940867089250086714498791178,0.996,2.01,1767168293
0x75e58d6ff3f6e6f634c7ad6e7bb70355f37111e95eedb637a47449985a655b9b_1767168553,0x2c3dce8515854f167dc523745a6b9d98d22ec9266d9f4921f62fd3e4bf1cfa1b,0x2a1760c68433f32408716cadc04415b39b3bad3b,BUY,110290742709531333936637417418570910881285907663357514844586483587588568832794,0.004,25000.0,1767168553
0x716904ff38efea2d1fb00ef791a88bac2a664b5206d6501198d2d2e128a76ea3_1767169253,0x2c3dce8515854f167dc523745a6b9d98d22ec9266d9f4921f62fd3e4bf1cfa1b,0x2a1760c68433f32408716cadc04415b39b3bad3b,BUY,110290742709531333936637417418570910881285907663357514844586483587588568832794,0.004,25000.0,1767169253
0x2dbcee7c13d0e9650b94d55eb494641b042929beec6a030c19c716ee8d12202b_1767169399,0x2c3dce8515854f167dc523745a6b9d98d22ec9266d9f4921f62fd3e4bf1cfa1b,0x657c481562cfc0be075c5d558d8c8d885d0ab53c,SELL,110290742709531333936637417418570910881285907663357514844586483587588568832794,0.003,5739.28,1767169399
0x2514b21959068a1afc2816cfe3e2c7cd5f4eac346c08feffb32f0deafd8fe00d_1767169813,0x2c3dce8515854f167dc523745a6b9d98d22ec9266d9f4921f62fd3e4bf1cfa1b,0xcfc4a3ba2e011bc9adea9d686f92e36f393e6f2d,BUY,86498068750018438192524977941980476748299785729870940867089250086714498791178,0.997,1.003,1767169813
0xbf5c58f288154fe4acff98381f94a78796c823ace89e7ef33635c7d51da17429_1767169889,0x2c3dce8515854f167dc523745a6b9d98d22ec9266d9f4921f62fd3e4bf1cfa1b,0xf7876f2a335074d49d9238e2bd4e71d6dc30ea5e,BUY,110290742709531333936637417418570910881285907663357514844586483587588568832794,0.004,10000.0,1767169889
0xb90985ab0d7988526850b7c7b4b258662cba53d7e78bc2ce65adfe26daa04c65_1767170313,0x2c3dce8515854f167dc523745a6b9d98d22ec9266d9f4921f62fd3e4bf1cfa1b,0x406b27c8efc58ed5abdd66b64162761b0731f22b,BUY,86498068750018438192524977941980476748299785729870940867089250086714498791178,0.997,1.003,1767170313
0x0b66ca706a79db55e626add94b591b3efc574df64d60b3a920d9f1c7127831ce_1767171501,0x2c3dce8515854f167dc523745a6b9d98d22ec9266d9f4921f62fd3e4bf1cfa1b,0xa8d9de031963fed9f30798d8db5867d10c646986,BUY,110290742709531333936637417418570910881285907663357514844586483587588568832794,0.004,2500.0,1767171501
0xc58da66fbc8a9a062df6ff5519b9118ae532352b9711db054adcd508d597d258_1767172333,0x2c3dce8515854f167dc523745a6b9d98d22ec9266d9f4921f62fd3e4bf1cfa1b,0xffb77b9e638e5157fbe14bfff025f687eddbb020,BUY,110290742709531333936637417418570910881285907663357514844586483587588568832794,0.004,2365.0,1767172333
0xf58e1cc76dac42a1154242233699744a910fe76fd74210cbe25e2f85d3b6306e_1767172437,0x2c3dce8515854f167dc523745a6b9d98d22ec9266d9f4921f62fd3e4bf1cfa1b,0xeb87fa85b56d268bf556cc28d0f778eff8b1ff42,BUY,110290742709531333936637417418570910881285907663357514844586483587588568832794,0.004,3750.0,1767172437
0x3eba9ce1d948436940cab59e641bfe19f48dd9d660e423d1db6363fd37eed0d1_1767173087,0x2c3dce8515854f167dc523745a6b9d98d22ec9266d9f4921f62fd3e4bf1cfa1b,0xeb87fa85b56d268bf556cc28d0f778eff8b1ff42,SELL,110290742709531333936637417418570910881285907663357514844586483587588568832794,0.003,5000.0,1767173087
0xdb3b440e7b6aaee426e79dd197bd782c2fd63cc02a66d0d0c7291708da92b266_1767173633,0x2c3dce8515854f167dc523745a6b9d98d22ec9266d9f4921f62fd3e4bf1cfa1b,0xbbe692afffe1ce3b8c21c7d1396c6c360e27fd1e,BUY,110290742709531333936637417418570910881285907663357514844586483587588568832794,0.004,1942.5,1767173633
0xfdeba159fbea053416927017bd542a5ebda4e6bf35905fe674e4dd98961e04c7_1767173775,0x2c3dce8515854f167dc523745a6b9d98d22ec9266d9f4921f62fd3e4bf1cfa1b,0x364f935ccafae7bb980616b81999239ed816562c,SELL,86498068750018438192524977941980476748299785729870940867089250086714498791178,0.996,5.02,1767173775
0x1e26bb645a3dc58c3f6eca98d26f3481f755fba13ac2355be08dce5084083dab_1767174111,0x2c3dce8515854f167dc523745a6b9d98d22ec9266d9f4921f62fd3e4bf1cfa1b,0xeb87fa85b56d268bf556cc28d0f778eff8b1ff42,BUY,110290742709531333936637417418570910881285907663357514844586483587588568832794,0.004,1250.0,1767174111
0x2511d51750fd78b419068ea0d8b7c2e1fc2a11fcf61952d994c51d489af9518a_1767174149,0x2c3dce8515854f167dc523745a6b9d98d22ec9266d9f4921f62fd3e4bf1cfa1b,0x1b0e979539ce6772baba309b69dbe3fdc36af132,BUY,110290742709531333936637417418570910881285907663357514844586483587588568832794,0.004,250.0,1767174149
0x609bc3ba8d6d7216aff1c9c84ff9a6004edf3324d30ddfcaba3a4ecd7500a48c_1767175049,0x2c3dce8515854f167dc523745a6b9d98d22ec9266d9f4921f62fd3e4bf1cfa1b,0x52a2565fab9611d3163b0a4751ec99ceab5a376f,BUY,110290742709531333936637417418570910881285907663357514844586483587588568832794,0.004,1250.0,1767175049
0xe26547636adba8eef7826a4106fe3b55247ee3f72069b6ae907627ac41109c4e_1767175185,0x2c3dce8515854f167dc523745a6b9d98d22ec9266d9f4921f62fd3e4bf1cfa1b,0x55f5fe7c2cb0c8e3b12c9c7ad57c7b5740760a7c,SELL,86498068750018438192524977941980476748299785729870940867089250086714498791178,0.996,280.0,1767175185
0xd45b697fb2f911a108a8f9a5696b37bb73d54cb9e430a4e30c35c71e914c32af_1767175773,0x2c3dce8515854f167dc523745a6b9d98d22ec9266d9f4921f62fd3e4bf1cfa1b,0x4079461fa79ece90e35ace142aee8e4445b45051,BUY,86498068750018438192524977941980476748299785729870940867089250086714498791178,0.997,5.015,1767175773
0x858950582d171fd9e05823aa7ea5264a9018400378b47075984678eec775f0fa_1767175811,0x2c3dce8515854f167dc523745a6b9d98d22ec9266d9f4921f62fd3e4bf1cfa1b,0x662daabe59b5755d46794b36deda2d09ed0d0714,BUY,110290742709531333936637417418570910881285907663357514844586483587588568832794,0.004,1250.0,1767175811
0x46ddc4f9b2ca0c6bdf9fc2a7548a954e904c9b38d64b923de23320dc6e172ed5_1767175969,0x2c3dce8515854f167dc523745a6b9d98d22ec9266d9f4921f62fd3e4bf1cfa1b,0xa8d9de031963fed9f30798d8db5867d10c646986,BUY,110290742709531333936637417418570910881285907663357514844586483587588568832794,0.004,1250.0,1767175969
0xeff3244939f343401b3f66ff4fe051b98838de98885aaceaa04b243858c4b279_1767176039,0x2c3dce8515854f167dc523745a6b9d98d22ec9266d9f4921f62fd3e4bf1cfa1b,0x8b6a9aae5690b091e23101751db1b41135374cfd,BUY,110290742709531333936637417418570910881285907663357514844586483587588568832794,0.004,8500.0,1767176039
0x40efdfe6343033fb59c1fa1abc6771cd7d7d159de81a50d063d867143d0a87b2_1767176519,0x2c3dce8515854f167dc523745a6b9d98d22ec9266d9f4921f62fd3e4bf1cfa1b,0xac56ec492200086cf2f52b39376c139b8b5e22ed,SELL,86498068750018438192524977941980476748299785729870940867089250086714498791178,0.996,10.05,1767176519
0xaa1037e657ca3270ccb2d9988fa5afd4aa97bc2a68e1638f283411b5d75fe231_1767176653,0x2c3dce8515854f167dc523745a6b9d98d22ec9266d9f4921f62fd3e4bf1cfa1b,0x8c946f9ff47411f18b7245a5d0a28e16183e1175,SELL,110290742709531333936637417418570910881285907663357514844586483587588568832794,0.003,250.0,1767176653
0x1ec5a2a50dd6ba1edbc11b2351c2313ee441e65e65cb30cd4f4bdbb6e0e99505_1767177055,0x2c3dce8515854f167dc523745a6b9d98d22ec9266d9f4921f62fd3e4bf1cfa1b,0xa8d9de031963fed9f30798d8db5867d10c646986,BUY,110290742709531333936637417418570910881285907663357514844586483587588568832794,0.004,2500.0,1767177055
0x65b2dd489b86d21ac8e72916fdf16a5a4a7266fbb62f1c2e8685c5eedbe24f11_1767177077,0x2c3dce8515854f167dc523745a6b9d98d22ec9266d9f4921f62fd3e4bf1cfa1b,0xa5ec05f3cc265a55dae511e96758baa1d7bfe59a,BUY,86498068750018438192524977941980476748299785729870940867089250086714498791178,0.997,1.003,1767177077
0xb7928a61d2fca66933ed9011a3719e70982167478366fa6ebc6bbf62eff9f924_1767178111,0x2c3dce8515854f167dc523745a6b9d98d22ec9266d9f4921f62fd3e4bf1cfa1b,0xb366dc3548a21d51f4dd3ce5124d7000d24e73eb,BUY,86498068750018438192524977941980476748299785729870940867089250086714498791178,0.997,1.003,1767178111
0x48ce9c602777fb9eac9d2d92b41dc72df095c0d058d0eeaa3d28744be4511067_1767180109,0x2c3dce8515854f167dc523745a6b9d98d22ec9266d9f4921f62fd3e4bf1cfa1b,0xacfe2bfd96d67e1cf3bbbaae386c0296198ad62c,BUY,86498068750018438192524977941980476748299785729870940867089250086714498791178,0.997,1.003,1767180109
0xdd5b6584449fcb4bc06b5dd6e759ab1872284060a8f127a7dc56412218e4b679_1767181441,0x2c3dce8515854f167dc523745a6b9d98d22ec9266d9f4921f62fd3e4bf1cfa1b,0x5fec27fd452baeea2a35b261b23a7953fa04fbba,BUY,110290742709531333936637417418570910881285907663357514844586483587588568832794,0.004,332.0,1767181441
0x999392b226499a4283d9cf47bdb8d4418a6559498b73ca4755555d4e4fdc7b17_1767181573,0x2c3dce8515854f167dc523745a6b9d98d22ec9266d9f4921f62fd3e4bf1cfa1b,0x6631482c71425de0f61cb682a2ca15e4e47fe50c,BUY,86498068750018438192524977941980476748299785729870940867089250086714498791178,0.997,1.003,1767181573
0x1f8985db14dd617d2bed58ce02836a43a483774fce7b91144c010aea30ecb9af_1767181627,0x2c3dce8515854f167dc523745a6b9d98d22ec9266d9f4921f62fd3e4bf1cfa1b,0xcb1cedf6d2b4f8d1b7b5de31afc2fc616b9bff82,BUY,110290742709531333936637417418570910881285907663357514844586483587588568832794,0.004,2500.0,1767181627
0x232f06bedeb361fe8c1dd38524276d802e279327c4c8446254fb21f76dd6cdf9_1767181633,0x2c3dce8515854f167dc523745a6b9d98d22ec9266d9f4921f62fd3e4bf1cfa1b,0x81924e30a4fe9e1eb715ade61296be6fa74c0664,BUY,110290742709531333936637417418570910881285907663357514844586483587588568832794,0.004,500.0,1767181633
0x0201feca9a9b390ab6e625390014d19ffd920cc1044d2e5968f360be94a6f5ae_1767181639,0x2c3dce8515854f167dc523745a6b9d98d22ec9266d9f4921f62fd3e4bf1cfa1b,0x9902a3bec9c73e998640d5d3c75d9f8f91c68a94,SELL,110290742709531333936637417418570910881285907663357514844586483587588568832794,0.003,1999.98,1767181639
0xaa1bfebe1201ec6dcee4df3f27adf48f5179c6efb5d1b9892e144689b8c8e5dc_1767182333,0x2c3dce8515854f167dc523745a6b9d98d22ec9266d9f4921f62fd3e4bf1cfa1b,0x260bcde36340594708065de837b0a8bd82759670,BUY,86498068750018438192524977941980476748299785729870940867089250086714498791178,0.997,98.0,1767182333
0x5856d27caf394b63d02b632539f7c578bf760c3e22a0eb0c201794ca72ec8e95_1767182939,0x2c3dce8515854f167dc523745a6b9d98d22ec9266d9f4921f62fd3e4bf1cfa1b,0x9d39b8ee38f367983c170abc553d26011928cbfe,BUY,110290742709531333936637417418570910881285907663357514844586483587588568832794,0.004,250.0,1767182939
0x0209f80eb8fad42719b469ed07808d46702f30634a711faf4d11a57bbbab2cc7_1767183051,0x2c3dce8515854f167dc523745a6b9d98d22ec9266d9f4921f62fd3e4bf1cfa1b,0x90f43fa085b5b1e2b66bf3619e1e85572ec228b7,BUY,86498068750018438192524977941980476748299785729870940867089250086714498791178,0.997,1.003,1767183051
0x3825634361b9fa9b399436c5afca8f9b41825903a06bdb1f9483a3a9c0115435_1767183805,0x2c3dce8515854f167dc523745a6b9d98d22ec9266d9f4921f62fd3e4bf1cfa1b,0x7f1e7b3919081f6f1d341f0b79c4417ad25e720d,BUY,86498068750018438192524977941980476748299785729870940867089250086714498791178,0.997,75.0,1767183805
0x11130ce5b27bf913241b9a2f6d366126d9a652565f91c90220f95d9d90f3e81b_1767184345,0x2c3dce8515854f167dc523745a6b9d98d22ec9266d9f4921f62fd3e4bf1cfa1b,0x3f4858e364b74ae5d7b2629bad1bcdea4bb40490,BUY,110290742709531333936637417418570910881285907663357514844586483587588568832794,0.004,380.0,1767184345
0x24fb7aeda49aaafff1e0a29deb2d240434ebf3c22b1026ffed3af31dba84fdfb_1767184685,0x2c3dce8515854f167dc523745a6b9d98d22ec9266d9f4921f62fd3e4bf1cfa1b,0x69855127928e787e91e0d1f44bba6ccb312aafdf,BUY,110290742709531333936637417418570910881285907663357514844586483587588568832794,0.004,10000.0,1767184685
0x88d93c7a14739e186a6da8202e43117347e595ec022dd8402467558b5c1e1cc9_1767184879,0x2c3dce8515854f167dc523745a6b9d98d22ec9266d9f4921f62fd3e4bf1cfa1b,0xb968ba0ffb11f5a5b5d8dbeed61b55bfd781c3dd,BUY,110290742709531333936637417418570910881285907663357514844586483587588568832794,0.004,1500.0,1767184879
0x317b48d872b61b297434b7c24a5a83d60ae668475c98b427ea5131bf44228852_1767185013,0x2c3dce8515854f167dc523745a6b9d98d22ec9266d9f4921f62fd3e4bf1cfa1b,0x3fbebd6733a2e09e6c247c987cedc7904a3d71a5,BUY,86498068750018438192524977941980476748299785729870940867089250086714498791178,0.997,78.0,1767185013
0x881a93537cadec2fdb43a4124d897eb57b68affb48fa88843d945a267666245c_1767185133,0x2c3dce8515854f167dc523745a6b9d98d22ec9266d9f4921f62fd3e4bf1cfa1b,0xb7b754bb08c280dcb866b4f5528adaea3128873b,BUY,110290742709531333936637417418570910881285907663357514844586483587588568832794,0.004,1750.0,1767185133
0xf80b00ae864283e7de015758cbd3670a6605ccad1203c6db6942435ef23cc529_1767185455,0x2c3dce8515854f167dc523745a6b9d98d22ec9266d9f4921f62fd3e4bf1cfa1b,0xefca88957417f1597afdee487ded3e25d0b2b0f2,BUY,86498068750018438192524977941980476748299785729870940867089250086714498791178,0.997,79.0,1767185455
0x22b084989f818a582195209df55c4b0f300a0cc7c1a5b642727ec7e896408012_1767186267,0x2c3dce8515854f167dc523745a6b9d98d22ec9266d9f4921f62fd3e4bf1cfa1b,0x97473e76b53267ca8cb15b90042314b2fa157232,BUY,110290742709531333936637417418570910881285907663357514844586483587588568832794,0.004,2477.5,1767186267
0x4bd885899136f268e29aecc2b50ab509302ccaccb12d0954fb782a0220a3ed0d_1767186683,0x2c3dce8515854f167dc523745a6b9d98d22ec9266d9f4921f62fd3e4bf1cfa1b,0x5c462c9b739df67118ebb3331f44a4ac9feca137,BUY,110290742709531333936637417418570910881285907663357514844586483587588568832794,0.004,1250.0,1767186683
0xf9b9b16a203b886ab200ee9071cd180ad0ace0b2d0022d1003f0908c49c12b3c_1767187097,0x2c3dce8515854f167dc523745a6b9d98d22ec9266d9f4921f62fd3e4bf1cfa1b,0x9d730f155f0ebe69644efb18d1c8ed5ba473be4f,BUY,110290742709531333936637417418570910881285907663357514844586483587588568832794,0.004,250.0,1767187097
0xc197013a355f217e548a839fe6add60d757a62650d4889964c3549d1e28ce5d5_1767187711,0x2c3dce8515854f167dc523745a6b9d98d22ec9266d9f4921f62fd3e4bf1cfa1b,0xb7b754bb08c280dcb866b4f5528adaea3128873b,BUY,110290742709531333936637417418570910881285907663357514844586483587588568832794,0.004,750.0,1767187711
0xc6d31bdd0755bde2d675b927979f7988fb518a941996d15947210fe4ac029047_1767188395,0x2c3dce8515854f167dc523745a6b9d98d22ec9266d9f4921f62fd3e4bf1cfa1b,0xb75cf9583c18c99620bcbfbbef83c38bad410539,BUY,110290742709531333936637417418570910881285907663357514844586483587588568832794,0.004,500.0,1767188395
0x50b49783567af07416deae13aacafdf0b76aea165fa4b30f96d833f314693c13_1767188461,0x2c3dce8515854f167dc523745a6b9d98d22ec9266d9f4921f62fd3e4bf1cfa1b,0x050ba5282a73195ef4684d41107cea1b0781c73c,BUY,110290742709531333936637417418570910881285907663357514844586483587588568832794,0.004,250.0,1767188461
0x6e2b6c8a6b27e1eab9784ce549d9238b0b8869adb3d01d469fc38e139c628623_1767188597,0x2c3dce8515854f167dc523745a6b9d98d22ec9266d9f4921f62fd3e4bf1cfa1b,0x5f0e3442d9fb7ab82c369ba28aea4fd816776e5e,SELL,86498068750018438192524977941980476748299785729870940867089250086714498791178,0.996,4.33,1767188597
0x8f7d95ce7777bea0f6fa7a7a949bfbef05b0c6681461140ff392cca11f3c1557_1767188965,0x2c3dce8515854f167dc523745a6b9d98d22ec9266d9f4921f62fd3e4bf1cfa1b,0xc1ef9e6a1a7f30b5204268028065f08c0ce36bd9,BUY,86498068750018438192524977941980476748299785729870940867089250086714498791178,0.9969999999750749,40.120333,1767188965
0xbbce6d8885bcda7357909dce20ade1dd3f7ed44356580440dcaeedd8b5a07596_1767188971,0x2c3dce8515854f167dc523745a6b9d98d22ec9266d9f4921f62fd3e4bf1cfa1b,0xc1ef9e6a1a7f30b5204268028065f08c0ce36bd9,SELL,86498068750018438192524977941980476748299785729870940867089250086714498791178,0.996,40.12,1767188971
0xde41916bc6e062fc0a51475310699c6cb72994d874a2f6f83c93ba87bc41866a_1767189233,0x2c3dce8515854f167dc523745a6b9d98d22ec9266d9f4921f62fd3e4bf1cfa1b,0x050ba5282a73195ef4684d41107cea1b0781c73c,BUY,110290742709531333936637417418570910881285907663357514844586483587588568832794,0.004,250.0,1767189233
0xe10e96f0b5f700e439de8f9904027fe8ce8e77abd642ee5c2b5233ec8b39a8db_1767189337,0x2c3dce8515854f167dc523745a6b9d98d22ec9266d9f4921f62fd3e4bf1cfa1b,0xcdb1f1ef8213c06911e4ba6a884176c5571e276c,SELL,86498068750018438192524977941980476748299785729870940867089250086714498791178,0.996,223.52,1767189337
0x3372c50fb296f11cbf7ca989b867a1de8b98278cdd76846342031775ef94ef6d_1767189553,0x2c3dce8515854f167dc523745a6b9d98d22ec9266d9f4921f62fd3e4bf1cfa1b,0xc3c3b3ef304ddbea39fa2246e683a71da5d0eec8,BUY,86498068750018438192524977941980476748299785729870940867089250086714498791178,0.997,5.0,1767189553
0xae928ec0bad8757e08afb4ba7c5ce6d76d065ee06bdb3e0316342620ef0147a7_1767189667,0x2c3dce8515854f167dc523745a6b9d98d22ec9266d9f4921f62fd3e4bf1cfa1b,0x484aa9a72881b7aa1668d5c9571ac2e97261c6e0,BUY,110290742709531333936637417418570910881285907663357514844586483587588568832794,0.004,5290.0,1767189667
0x7814761c1e87272f1c5d17043b079efd1f299ccb517cd2a75c94061021ebdb9b_1767191365,0x2c3dce8515854f167dc523745a6b9d98d22ec9266d9f4921f62fd3e4bf1cfa1b,0xb7b754bb08c280dcb866b4f5528adaea3128873b,BUY,110290742709531333936637417418570910881285907663357514844586483587588568832794,0.004,24000.0,1767191365
0xe4b70779fee7d2a659c763330be9e3b067919050c3b2996f07362aa72da5dd83_1767192423,0x2c3dce8515854f167dc523745a6b9d98d22ec9266d9f4921f62fd3e4bf1cfa1b,0x84fa50883a0251e06bce7251659cc70a00bc1327,SELL,110290742709531333936637417418570910881285907663357514844586483587588568832794,0.003,999.98,1767192423
0x867054c07ab220a760615d9d168268ae06513a5b7d317cf1ba57e9b5f01d180e_1767192913,0x2c3dce8515854f167dc523745a6b9d98d22ec9266d9f4921f62fd3e4bf1cfa1b,0xcf6a714618a328c608a1c70cb62a31a6bef3f9d0,BUY,110290742709531333936637417418570910881285907663357514844586483587588568832794,0.004,1000.0,1767192913
0x568c4a275c35774a60ef796d7df79eee751941d8be21637d1e324ac9d6903301_1767193293,0x2c3dce8515854f167dc523745a6b9d98d22ec9266d9f4921f62fd3e4bf1cfa1b,0x8f4062acb9af26bbf6744505d39e6eeaf713eab2,BUY,110290742709531333936637417418570910881285907663357514844586483587588568832794,0.004,250.0,1767193293
0x1264282fb1424f097e98e254e92d5cc26e676c62ddc45819bbee1fae547ccf04_1767193453,0x2c3dce8515854f167dc523745a6b9d98d22ec9266d9f4921f62fd3e4bf1cfa1b,0xeb1dbd8f71a365a48ec5fdb040275c1d5f3f6c0b,BUY,110290742709531333936637417418570910881285907663357514844586483587588568832794,0.004,250.0,1767193453
0x6479b11098e9f3e2aba799ccfe3d85301db9872ec71667b2317a1e72eabad0bd_1767194431,0x2c3dce8515854f167dc523745a6b9d98d22ec9266d9f4921f62fd3e4bf1cfa1b,0xe2de801842b45740b922390bd8784b60758ee6fb,BUY,110290742709531333936637417418570910881285907663357514844586483587588568832794,0.004,500.0,1767194431
0x1911f3720d97444ca28f67e7e766e976685e43460e2b25e5a06cda8a10dd7288_1767194523,0x2c3dce8515854f167dc523745a6b9d98d22ec9266d9f4921f62fd3e4bf1cfa1b,0x7fff822c173ec963cef2afe3b64d95dfcbe61f9f,SELL,110290742709531333936637417418570910881285907663357514844586483587588568832794,0.003,1619.04,1767194523
0x1694d8082dc29695a1974371bfe1b55be68b2e1398d11924d6a1e37fbaf3dc41_1767194547,0x2c3dce8515854f167dc523745a6b9d98d22ec9266d9f4921f62fd3e4bf1cfa1b,0xb10047d6a254b2ebb306d7a7d13bf59171ab6461,SELL,86498068750018438192524977941980476748299785729870940867089250086714498791178,0.996,2480.85,1767194547
0x2c9d799e8625951db6cba6f35a975b13a821275bff083ec9a33bd5e78dae2ce6_1767194671,0x2c3dce8515854f167dc523745a6b9d98d22ec9266d9f4921f62fd3e4bf1cfa1b,0x8217b6c8878a4aa4ecc023608dbf91d4fac64936,SELL,86498068750018438192524977941980476748299785729870940867089250086714498791178,0.996,10.04,1767194671
0xf7aa726b013fc7485982b25deb416796edefe7dd98fa4d1861cbe75c60c15db0_1767194687,0x2c3dce8515854f167dc523745a6b9d98d22ec9266d9f4921f62fd3e4bf1cfa1b,0xffb77b9e638e5157fbe14bfff025f687eddbb020,BUY,110290742709531333936637417418570910881285907663357514844586483587588568832794,0.004,6250.0,1767194687
0x03dea5641b83a5701d645e16caa0e82bceff4ed866a2d5e0d5b14bef6952fc33_1767194775,0x2c3dce8515854f167dc523745a6b9d98d22ec9266d9f4921f62fd3e4bf1cfa1b,0xdd4729e9caaa7762b65ad3bb2419c3212f42497b,BUY,110290742709531333936637417418570910881285907663357514844586483587588568832794,0.004,5000.0,1767194775
0xb656923e4dc65d2c29251407567d0f561ca5ae7851289d5e6c0d34afc875d4d1_1767194803,0x2c3dce8515854f167dc523745a6b9d98d22ec9266d9f4921f62fd3e4bf1cfa1b,0x3978ee2844011b262ba4a71c60a229de06208573,BUY,110290742709531333936637417418570910881285907663357514844586483587588568832794,0.004,950.0,1767194803
0xf4b0488d94bd4002773c65b14b31f5b171e5fcd3f15479689e40b8895b8a42de_1767195065,0x2c3dce8515854f167dc523745a6b9d98d22ec9266d9f4921f62fd3e4bf1cfa1b,0x3978ee2844011b262ba4a71c60a229de06208573,BUY,110290742709531333936637417418570910881285907663357514844586483587588568832794,0.004,375.0,1767195065
0x4e796f68b46e98bc5d8bec6f2f72298f14b51c1aa9f30ba8db8640419e3fdee7_1767195401,0x2c3dce8515854f167dc523745a6b9d98d22ec9266d9f4921f62fd3e4bf1cfa1b,0x3978ee2844011b262ba4a71c60a229de06208573,BUY,110290742709531333936637417418570910881285907663357514844586483587588568832794,0.004,190.0,1767195401
0x90168e5e7d738137f300d044733e53720467d46cf8904a36715bd745b2c44a6e_1767195459,0x2c3dce8515854f167dc523745a6b9d98d22ec9266d9f4921f62fd3e4bf1cfa1b,0xcdc40a4b6c7e13ee4593b02283237aebcfd9e602,BUY,110290742709531333936637417418570910881285907663357514844586483587588568832794,0.004,244.0,1767195459
0x589de974e4ececcc9183247294a7d2fa737f55b457954c18838e0c19b5e1f455_1767196183,0x2c3dce8515854f167dc523745a6b9d98d22ec9266d9f4921f62fd3e4bf1cfa1b,0x9ca8c213664b625457fefc2df8074e4d1b06935c,BUY,110290742709531333936637417418570910881285907663357514844586483587588568832794,0.004,1000.0,1767196183
0x296184cab58d288b359c2acb001f9a2129e7e46d7e75f1fa9cc2637afa7a0977_1767196209,0x2c3dce8515854f167dc523745a6b9d98d22ec9266d9f4921f62fd3e4bf1cfa1b,0x95074f700f93bdf6e62fc965e0832064c0877b04,BUY,86498068750018438192524977941980476748299785729870940867089250086714498791178,0.997,5510.08,1767196209
0xfa2089b59653f166e880db032b826e602fdbd7300cfd62e7fafc0a433036f33f_1767196395,0x2c3dce8515854f167dc523745a6b9d98d22ec9266d9f4921f62fd3e4bf1cfa1b,0xb7b754bb08c280dcb866b4f5528adaea3128873b,BUY,110290742709531333936637417418570910881285907663357514844586483587588568832794,0.004,24000.0,1767196395
0x14da2c6744c4a34a2b4b676dc70bb3c18da692b5a83c8d923350e31c4bae191b_1767196417,0x2c3dce8515854f167dc523745a6b9d98d22ec9266d9f4921f62fd3e4bf1cfa1b,0x364f935ccafae7bb980616b81999239ed816562c,BUY,86498068750018438192524977941980476748299785729870940867089250086714498791178,0.998,5.01,1767196417
0xa2dbf8a139b5efdebe87d383f59689ab2712f62197093e69c846a99b012660e0_1767196639,0x2c3dce8515854f167dc523745a6b9d98d22ec9266d9f4921f62fd3e4bf1cfa1b,0x74c3f65f6ffc0bfcca6628502a5c4d04578cbbe6,BUY,110290742709531333936637417418570910881285907663357514844586483587588568832794,0.004,430.0,1767196639
0x645ec69003480774e93e7617b1ab64e6dff9c04896ae8084bdc885231fa1ac1b_1767196973,0x2c3dce8515854f167dc523745a6b9d98d22ec9266d9f4921f62fd3e4bf1cfa1b,0x286e9d432af6e51087f82dbd36db78fa124c2b47,BUY,110290742709531333936637417418570910881285907663357514844586483587588568832794,0.004,250.0,1767196973
0x42e5cc11e156b813a18e7b65870dc02f02ba3b55b05c8e79ae42c1710b7483d5_1767197035,0x2c3dce8515854f167dc523745a6b9d98d22ec9266d9f4921f62fd3e4bf1cfa1b,0x286e9d432af6e51087f82dbd36db78fa124c2b47,BUY,110290742709531333936637417418570910881285907663357514844586483587588568832794,0.004,750.0,1767197035
0x4ae929d13e99796f10f7a902d8e6365fe8dc170717ce71d5bbbadeeae5773d08_1767197255,0x2c3dce8515854f167dc523745a6b9d98d22ec9266d9f4921f62fd3e4bf1cfa1b,0xc3a1f9c932c3cba56f735cdfcdf63b593c99c8e1,BUY,86498068750018438192524977941980476748299785729870940867089250086714498791178,0.998,95.0,1767197255
0xc73f758ae74b2e4f5e9595ea72288f1482ecd0b3e27970702ce079e4b7bfb315_1767197299,0x2c3dce8515854f167dc523745a6b9d98d22ec9266d9f4921f62fd3e4bf1cfa1b,0xc11eaf9f46bdd6a737f28edb716a22c6ba4b75c8,BUY,110290742709531333936637417418570910881285907663357514844586483587588568832794,0.004,250.0,1767197299
0x5da89b5b485fe48b3cdd6ded2afbde9e2fc800e499f240766c4d538f12b59a38_1767197943,0x2c3dce8515854f167dc523745a6b9d98d22ec9266d9f4921f62fd3e4bf1cfa1b,0xfc27cb1c6276dde8b9d0ab9c499041409cd0be92,BUY,86498068750018438192524977941980476748299785729870940867089250086714498791178,0.998,3.006,1767197943
0xf7b91175a88ba1c0445af859ce6abd7ad93a879d024c38c75e2655244519a44c_1767198387,0x2c3dce8515854f167dc523745a6b9d98d22ec9266d9f4921f62fd3e4bf1cfa1b,0x2150d0878c2514c81fbded2a7e309abb89c9581b,BUY,110290742709531333936637417418570910881285907663357514844586483587588568832794,0.004,1250.0,1767198387
0xe0760f7e9792595d22341a06f66f94a8480f84ba924386ce4319da625cdebac0_1767198449,0x2c3dce8515854f167dc523745a6b9d98d22ec9266d9f4921f62fd3e4bf1cfa1b,0xfc27cb1c6276dde8b9d0ab9c499041409cd0be92,BUY,86498068750018438192524977941980476748299785729870940867089250086714498791178,0.998,3.006,1767198449
0x726480b6259fbbec3ce4915fb9edc401957be50cadae29597214464e92b36664_1767199445,0x2c3dce8515854f167dc523745a6b9d98d22ec9266d9f4921f62fd3e4bf1cfa1b,0x286e9d432af6e51087f82dbd36db78fa124c2b47,BUY,110290742709531333936637417418570910881285907663357514844586483587588568832794,0.004,250.0,1767199445
0xfea2aae4bebbddf4044e554cddf735cf2ff11915cf26b6ffee75b415b6c44419_1767199667,0x2c3dce8515854f167dc523745a6b9d98d22ec9266d9f4921f62fd3e4bf1cfa1b,0x6d224f4a9b556d262f34bf1db2319ab2a6bdea55,BUY,110290742709531333936637417418570910881285907663357514844586483587588568832794,0.004,3000.0,1767199667
0x4399aab565bbbca28177d19f9dfa37f85da20c0056c0b6f86b19ccc4a821da4a_1767200131,0x2c3dce8515854f167dc523745a6b9d98d22ec9266d9f4921f62fd3e4bf1cfa1b,0x6d224f4a9b556d262f34bf1db2319ab2a6bdea55,BUY,110290742709531333936637417418570910881285907663357514844586483587588568832794,0.004,1150.0,1767200131
0x69dd7d61594bb16200bc64a21f01c03ed3f73e114713f46072b4faceb1a52b83_1767200289,0x2c3dce8515854f167dc523745a6b9d98d22ec9266d9f4921f62fd3e4bf1cfa1b,0x75ca4f42414d92d470299064126b6f5c1169647c,BUY,86498068750018438192524977941980476748299785729870940867089250086714498791178,0.998,13.8375,1767200289
0x8947b5d315d92773ce9a9d195838c8045587e931d74d6c809ea88cb65cb807d6_1767200605,0x2c3dce8515854f167dc523745a6b9d98d22ec9266d9f4921f62fd3e4bf1cfa1b,0x6d224f4a9b556d262f34bf1db2319ab2a6bdea55,BUY,110290742709531333936637417418570910881285907663357514844586483587588568832794,0.004,890.0,1767200605
0xaed50ff288e08d9f0e09df96f4112d06f405864d88ff8da665c12f9473a024c7_1767200727,0x2c3dce8515854f167dc523745a6b9d98d22ec9266d9f4921f62fd3e4bf1cfa1b,0x034605564e11c374ace5361941a919c024089873,BUY,86498068750018438192524977941980476748299785729870940867089250086714498791178,0.998,88.0,1767200727
0x1bbcba67388a9953325fc51451504a3798a24fc9668a9bb5f5bd79b413db87c7_1767200907,0x2c3dce8515854f167dc523745a6b9d98d22ec9266d9f4921f62fd3e4bf1cfa1b,0xe3d7097b619590cf2d5970251db19d23f42d2413,BUY,110290742709531333936637417418570910881285907663357514844586483587588568832794,0.004,750.0,1767200907
0x3f76ced8d50ef343648429edf60fc7db1465887e15fb58eb4f8ccb621f56f52e_1767200931,0x2c3dce8515854f167dc523745a6b9d98d22ec9266d9f4921f62fd3e4bf1cfa1b,0x27633b9c049d760c7163def6408e84b2b49b5eed,BUY,86498068750018438192524977941980476748299785729870940867089250086714498791178,0.998,1.002,1767200931
0xd8a5389cd48757afc990fe0501beea21521b659cc16a612f0f753756553375a9_1767201001,0x2c3dce8515854f167dc523745a6b9d98d22ec9266d9f4921f62fd3e4bf1cfa1b,0x31701ffc68d91caeb2d4a729342fc6048ee96bee,BUY,110290742709531333936637417418570910881285907663357514844586483587588568832794,0.004,250.0,1767201001
0x37a3da94eb7ec838b71c950375a49c2bd75e5716ce1a9df36656dac21c04afe2_1767201213,0x2c3dce8515854f167dc523745a6b9d98d22ec9266d9f4921f62fd3e4bf1cfa1b,0x0719b3aa3a8895becc55cdf61c43f387c3ada8f7,BUY,110290742709531333936637417418570910881285907663357514844586483587588568832794,0.004,12000.0,1767201213
0x0cb4317b5bccede8888bc89d1ef85f909f51baa4b3737dca088db8ee54e5afad_1767201475,0x2c3dce8515854f167dc523745a6b9d98d22ec9266d9f4921f62fd3e4bf1cfa1b,0xfbdc6358fcd486c14daa97e222f89c4dd28d3d54,BUY,110290742709531333936637417418570910881285907663357514844586483587588568832794,0.004,666.0,1767201475
0x60a6ca6da599bf4f406ec72dbd3e1f5368bf26c7fedbc18a9d4878ffc3102731_1767201513,0x2c3dce8515854f167dc523745a6b9d98d22ec9266d9f4921f62fd3e4bf1cfa1b,0x2150d0878c2514c81fbded2a7e309abb89c9581b,BUY,110290742709531333936637417418570910881285907663357514844586483587588568832794,0.004,4250.0,1767201513
0xab94fb470fcfeb1f1992ca925c6b731dd919f0ae6f7fc2a6d25148f525cafc9f_1767201699,0x2c3dce8515854f167dc523745a6b9d98d22ec9266d9f4921f62fd3e4bf1cfa1b,0x0719b3aa3a8895becc55cdf61c43f387c3ada8f7,BUY,110290742709531333936637417418570910881285907663357514844586483587588568832794,0.004,2000.0,1767201699
0xead3683edd417c5f067a72e9643138037e614eb900c4fe52feda9289d8951d30_1767201941,0x2c3dce8515854f167dc523745a6b9d98d22ec9266d9f4921f62fd3e4bf1cfa1b,0xfc7a9e26dbc8626ab39ef6283714829f0edde98f,BUY,110290742709531333936637417418570910881285907663357514844586483587588568832794,0.004,6000.0,1767201941
0x101774a019fe0ef4a7347d6f009c9d00f1cc47b279d5988951a7da6bd453c839_1767202311,0x2c3dce8515854f167dc523745a6b9d98d22ec9266d9f4921f62fd3e4bf1cfa1b,0xca0cc8aab1ac556a55855819aca89aaba55caffd,BUY,110290742709531333936637417418570910881285907663357514844586483587588568832794,0.004,500.0,1767202311
0xa53639f074316c81b34b6be3f36a02c1525501d214a9d04bdc45e578dcdb2079_1767202665,0x2c3dce8515854f167dc523745a6b9d98d22ec9266d9f4921f62fd3e4bf1cfa1b,0xca0cc8aab1ac556a55855819aca89aaba55caffd,BUY,110290742709531333936637417418570910881285907663357514844586483587588568832794,0.004,500.0,1767202665
0x15553240465beb0e265da8a887495aa1c126f8294c7fae6b9bd6dd22c282670b_1767202723,0x2c3dce8515854f167dc523745a6b9d98d22ec9266d9f4921f62fd3e4bf1cfa1b,0xb194c814b1bb93657ae233aa98fe9f9467b01063,BUY,110290742709531333936637417418570910881285907663357514844586483587588568832794,0.004,3597.5,1767202723
0xd9b7f5f8f806399d46a1ae3133478bad2208d56f65b1eb137eb427a7fab0d1a2_1767202731,0x2c3dce8515854f167dc523745a6b9d98d22ec9266d9f4921f62fd3e4bf1cfa1b,0x4530824caca94ccefca54a35bb08aba1114b1e1c,BUY,110290742709531333936637417418570910881285907663357514844586483587588568832794,0.004,13420.0,1767202731
0x313d7afbc86e2b0944381c4b72463bf4bdab11d208088558f23587d080ae9ffa_1767203037,0x2c3dce8515854f167dc523745a6b9d98d22ec9266d9f4921f62fd3e4bf1cfa1b,0xbaa2bcb5439e985ce4ccf815b4700027d1b92c73,BUY,110290742709531333936637417418570910881285907663357514844586483587588568832794,0.004098551638199288,318390.75,1767203037
0xb24c76fb04772aae43ce5373469e7bf658570e0d830c3817fbb0012bf17ea83f_1767203295,0x2c3dce8515854f167dc523745a6b9d98d22ec9266d9f4921f62fd3e4bf1cfa1b,0xb7b754bb08c280dcb866b4f5528adaea3128873b,BUY,110290742709531333936637417418570910881285907663357514844586483587588568832794,0.005993443423121368,16017.503332,1767203295
0x1f0e5998fd65c7c88ea314a57b1fd9dc25aea09cbe81b37b21d358ebc18ea1d0_1767203711,0x2c3dce8515854f167dc523745a6b9d98d22ec9266d9f4921f62fd3e4bf1cfa1b,0x64e86fefd50cdb6259eb00ff146d9aac03497819,SELL,110290742709531333936637417418570910881285907663357514844586483587588568832794,0.003,1.66,1767203711
0xe7109d6fb5b206a058294d68b20522454018ef9b80a318ec7a6535c080c6bdfc_1767203721,0x2c3dce8515854f167dc523745a6b9d98d22ec9266d9f4921f62fd3e4bf1cfa1b,0x2b366034b69b64a444406b2db7ec1ff7869c473b,SELL,86498068750018438192524977941980476748299785729870940867089250086714498791178,0.995,404.74,1767203721
0x098c7581e60749b5f1bb7198b48c341ca57328c61c4c4615eb7a3ffe58e77751_1767204061,0x2c3dce8515854f167dc523745a6b9d98d22ec9266d9f4921f62fd3e4bf1cfa1b,0xd86b73db56bb489ca4176df855dfbeb460171924,BUY,110290742709531333936637417418570910881285907663357514844586483587588568832794,0.004,90695.0,1767204061
0xfca4653ad5e44bb26c5cc5188f9e8656fbb76f8863f2bbdd3679ed6621674965_1767204243,0x2c3dce8515854f167dc523745a6b9d98d22ec9266d9f4921f62fd3e4bf1cfa1b,0xdd4729e9caaa7762b65ad3bb2419c3212f42497b,BUY,110290742709531333936637417418570910881285907663357514844586483587588568832794,0.004,3122.5,1767204243
0xfd5274b176160ee17f39ccfecb05c22ca605b57c134a7d42ac7a1d02c7f55392_1767204275,0x2c3dce8515854f167dc523745a6b9d98d22ec9266d9f4921f62fd3e4bf1cfa1b,0xba861e1fca0ce9a6c5ee50c81254c2f6937ab2ac,BUY,110290742709531333936637417418570910881285907663357514844586483587588568832794,0.004,2780.0,1767204275
0x901c290667dc96323624d6514d78374e9c323cbf462db395997c1adc6778af80_1767204323,0x2c3dce8515854f167dc523745a6b9d98d22ec9266d9f4921f62fd3e4bf1cfa1b,0x9d39b8ee38f367983c170abc553d26011928cbfe,BUY,110290742709531333936637417418570910881285907663357514844586483587588568832794,0.004,250.0,1767204323
0x008469ca35d8d02d2ad03740da75d6e57ac1790f5d2d34694cdaa1425384391f_1767204429,0x2c3dce8515854f167dc523745a6b9d98d22ec9266d9f4921f62fd3e4bf1cfa1b,0x2a1760c68433f32408716cadc04415b39b3bad3b,SELL,110290742709531333936637417418570910881285907663357514844586483587588568832794,0.0017711834586466165,66500.0,1767204429
0xf1cd1aac1b2ad902879b1eed6ad4ea071b16589d99d9047568a8a1cf2d623ce7_1767204431,0x2c3dce8515854f167dc523745a6b9d98d22ec9266d9f4921f62fd3e4bf1cfa1b,0x42517371065740797ad771c0bc7ecbf53452fa50,BUY,110290742709531333936637417418570910881285907663357514844586483587588568832794,0.004,500.0,1767204431
0xd48a355aceb7895a0ed6b2d1951d70fd6d96d63c83035728535d38b50e6659ba_1767204433,0x2c3dce8515854f167dc523745a6b9d98d22ec9266d9f4921f62fd3e4bf1cfa1b,0x3e426d5b3a5aa4bef22826b5b98de6497c798f95,SELL,86498068750018438192524977941980476748299785729870940867089250086714498791178,0.996,9.59,1767204433
0xe6bb9d62adfed0f1f0fd40ba3b8e78ecbd2ff74eebb6ef8663b2319a6395a347_1767204439,0x2c3dce8515854f167dc523745a6b9d98d22ec9266d9f4921f62fd3e4bf1cfa1b,0x2b366034b69b64a444406b2db7ec1ff7869c473b,SELL,86498068750018438192524977941980476748299785729870940867089250086714498791178,0.996,323.79,1767204439
0xd14898f73bcda9215d24a3502d5e29710bab061fc7f8289cebcb8a95c4c5748f_1767204441,0x2c3dce8515854f167dc523745a6b9d98d22ec9266d9f4921f62fd3e4bf1cfa1b,0x2b366034b69b64a444406b2db7ec1ff7869c473b,SELL,86498068750018438192524977941980476748299785729870940867089250086714498791178,0.996,64.75,1767204441
0xa6a1804306f2dbc85a434e2cb2e8a71ac2d9b7b56758ec7185bab82fecc42390_1767204461,0x2c3dce8515854f167dc523745a6b9d98d22ec9266d9f4921f62fd3e4bf1cfa1b,0x6a88c5ecd262e2c42e78bad8e6db7ab3c4e4b859,BUY,86498068750018438192524977941980476748299785729870940867089250086714498791178,0.997,7.71,1767204461
0xeab275c94b303a62938a84b118223d527919526b508cf974fd5fdf3305316437_1767204469,0x2c3dce8515854f167dc523745a6b9d98d22ec9266d9f4921f62fd3e4bf1cfa1b,0x9d39b8ee38f367983c170abc553d26011928cbfe,BUY,110290742709531333936637417418570910881285907663357514844586483587588568832794,0.003000000012,333.333332,1767204469
0xadb1a90bfbcb6f31d2f6b0f04547f30bcb9e98f3609f23ebbf77b392ba8e0a43_1767204687,0x2c3dce8515854f167dc523745a6b9d98d22ec9266d9f4921f62fd3e4bf1cfa1b,0xfc7a9e26dbc8626ab39ef6283714829f0edde98f,BUY,110290742709531333936637417418570910881285907663357514844586483587588568832794,0.003000000000576923,8666.666665,1767204687
0x015948bf7d24f1ce1abca3dab0007459ba362ace7ec11a1790aeef13dc975407_1767204687,0x2c3dce8515854f167dc523745a6b9d98d22ec9266d9f4921f62fd3e4bf1cfa1b,0x925be1ab9ddb8806715950d4d58021192814640e,BUY,110290742709531333936637417418570910881285907663357514844586483587588568832794,0.003,1000.0,1767204687
0x3eaf71ade68e12b83e079efaee7f59099d993dba848c30b8944be708c3288aad_1767204725,0x2c3dce8515854f167dc523745a6b9d98d22ec9266d9f4921f62fd3e4bf1cfa1b,0x8396c8d6f94d8eb7075cfdde8e9058a91c370de1,SELL,110290742709531333936637417418570910881285907663357514844586483587588568832794,0.002,8.06,1767204725
0x465227e4d8b2d81bae15d0d296be41a4bb58b2f5722c29d3ccf47e3d343a0568_1767204733,0x2c3dce8515854f167dc523745a6b9d98d22ec9266d9f4921f62fd3e4bf1cfa1b,0xfc7a9e26dbc8626ab39ef6283714829f0edde98f,BUY,110290742709531333936637417418570910881285907663357514844586483587588568832794,0.0032230603666289527,6425.57,1767204733
0xaf90d320e6b82f23476111902572bd2e297999616dee3c8b33dd86145613c681_1767204741,0x2c3dce8515854f167dc523745a6b9d98d22ec9266d9f4921f62fd3e4bf1cfa1b,0x2b366034b69b64a444406b2db7ec1ff7869c473b,SELL,86498068750018438192524977941980476748299785729870940867089250086714498791178,0.996,246.08,1767204741
0x7a3d1e36fc881ee7769750488132ef1ffe7a7cc0bb390db1997a363f424dbf1e_1767204761,0x2c3dce8515854f167dc523745a6b9d98d22ec9266d9f4921f62fd3e4bf1cfa1b,0x3e426d5b3a5aa4bef22826b5b98de6497c798f95,SELL,86498068750018438192524977941980476748299785729870940867089250086714498791178,0.996,0.01,1767204761
0x08bd313c9d569d6bd64c20f0a77f12e55fd2c2ed445c420619944948ac8aa776_1767205229,0x2c3dce8515854f167dc523745a6b9d98d22ec9266d9f4921f62fd3e4bf1cfa1b,0x73c42e13c1755f924ac19b542edf6c1c78c4ba3b,BUY,110290742709531333936637417418570910881285907663357514844586483587588568832794,0.004,5667.95,1767205229
0xc73931fef15a2ae403184825e401812902d7210078e1b666b076d1999f51035f_1767205289,0x2c3dce8515854f167dc523745a6b9d98d22ec9266d9f4921f62fd3e4bf1cfa1b,0x97ceae4b60488c36cba36974c3856fd47bd130f3,BUY,110290742709531333936637417418570910881285907663357514844586483587588568832794,0.004,250.0,1767205289
0xc04711b266acfc80798c771cb7062ed8dc10b7c1a02e9c94b084d61fec71e4c4_1767205913,0x2c3dce8515854f167dc523745a6b9d98d22ec9266d9f4921f62fd3e4bf1cfa1b,0x109ef2977681e7d36caac78d45c58c3b74950a59,BUY,110290742709531333936637417418570910881285907663357514844586483587588568832794,0.004,580.0,1767205913
0xaaa29609518c4d40c4e224e292395fdbc117004e66998d22e4d56d59ca8cb1e1_1767206013,0x2c3dce8515854f167dc523745a6b9d98d22ec9266d9f4921f62fd3e4bf1cfa1b,0x109ef2977681e7d36caac78d45c58c3b74950a59,BUY,110290742709531333936637417418570910881285907663357514844586483587588568832794,0.004,13500.0,1767206013
0x001db465cf040d337aeda3c76c25efedf1d20861225f8395039bab5a4e4635b0_1767206171,0x2c3dce8515854f167dc523745a6b9d98d22ec9266d9f4921f62fd3e4bf1cfa1b,0xb01554c2e192b7de79ea886f6513f7137956734b,BUY,110290742709531333936637417418570910881285907663357514844586483587588568832794,0.004,250.0,1767206171
0x137031d393415a6ca96ebf22b8fe16378ffc0b2c6c1f2ef6603d5faeb7a561f6_1767206183,0x2c3dce8515854f167dc523745a6b9d98d22ec9266d9f4921f62fd3e4bf1cfa1b,0xb01554c2e192b7de79ea886f6513f7137956734b,BUY,110290742709531333936637417418570910881285907663357514844586483587588568832794,0.004,250.0,1767206183
0xb67b198bde70206b240a64d05cd599eb989f918ef5aee8d7e85fe91b00a6765e_1767206197,0x2c3dce8515854f167dc523745a6b9d98d22ec9266d9f4921f62fd3e4bf1cfa1b,0x28eb424e0ba50b9b3b11dc6b5b592668ba2f2fac,BUY,110290742709531333936637417418570910881285907663357514844586483587588568832794,0.004,250.0,1767206197
0x27cb59233bcffd64a757f5fb3f538657435c93c67d0dd376da1e2ef7ef4f06d7_1767206405,0x2c3dce8515854f167dc523745a6b9d98d22ec9266d9f4921f62fd3e4bf1cfa1b,0xb01554c2e192b7de79ea886f6513f7137956734b,BUY,110290742709531333936637417418570910881285907663357514844586483587588568832794,0.004,750.0,1767206405
0x010141c650c0b6b20b1ded382674129b2d2b106cf286ca6d9d519a9afce64917_1767206733,0x2c3dce8515854f167dc523745a6b9d98d22ec9266d9f4921f62fd3e4bf1cfa1b,0xdfbedc60d8f78b6c8b1821f2b1c818dd688577c5,SELL,86498068750018438192524977941980476748299785729870940867089250086714498791178,0.996,7.04,1767206733
0xa56783681c4ac12c63737d6d8c135ad58d178f0388e288f8300c429911a72912_1767206981,0x2c3dce8515854f167dc523745a6b9d98d22ec9266d9f4921f62fd3e4bf1cfa1b,0x109ef2977681e7d36caac78d45c58c3b74950a59,BUY,110290742709531333936637417418570910881285907663357514844586483587588568832794,0.004,10000.0,1767206981
0xb5042f794adf60e64b8bfa0b2df481cd8c468c8944154f3ad5a65f91080f4820_1767207883,0x2c3dce8515854f167dc523745a6b9d98d22ec9266d9f4921f62fd3e4bf1cfa1b,0xca0cc8aab1ac556a55855819aca89aaba55caffd,BUY,110290742709531333936637417418570910881285907663357514844586483587588568832794,0.004,250.0,1767207883
0x32fcadecc8570ca68d750aaec63bdbfb524ec555562c8f545fdddfb9675f3964_1767208387,0x2c3dce8515854f167dc523745a6b9d98d22ec9266d9f4921f62fd3e4bf1cfa1b,0x952fc7dce54c3d91d2e09fd2d702bf99b2176201,BUY,86498068750018438192524977941980476748299785729870940867089250086714498791178,0.998000007984,1.002004,1767208387
0x4978f8c78dc3609b73c90716ec456e9ddf0491eb7222ea428fedf3bd04310455_1767208397,0x2c3dce8515854f167dc523745a6b9d98d22ec9266d9f4921f62fd3e4bf1cfa1b,0x2b366034b69b64a444406b2db7ec1ff7869c473b,SELL,86498068750018438192524977941980476748299785729870940867089250086714498791178,0.996,196.87,1767208397
0xf42027f9d10bc4b510e77b44dbbba1732afae0c63895e3c5dffd3e7bf51dcff1_1767209451,0x2c3dce8515854f167dc523745a6b9d98d22ec9266d9f4921f62fd3e4bf1cfa1b,0xffddfe2066a1a49800ed683037fbcd87b426c06f,SELL,110290742709531333936637417418570910881285907663357514844586483587588568832794,0.002,0.99,1767209451
0x52535d43687335672f315c7466b912478b8ef833b2e4cb4e3f6412f69c776e70_1767209463,0x2c3dce8515854f167dc523745a6b9d98d22ec9266d9f4921f62fd3e4bf1cfa1b,0x2b366034b69b64a444406b2db7ec1ff7869c473b,SELL,86498068750018438192524977941980476748299785729870940867089250086714498791178,0.997,157.49,1767209463
0x6a779cbb0c65f73e1da68a9dc21813aa2118853919bdaf7454bb30488d88f2d0_1767209473,0x2c3dce8515854f167dc523745a6b9d98d22ec9266d9f4921f62fd3e4bf1cfa1b,0x491213da9c46715364098c7b8a08ae5398b3c24e,BUY,110290742709531333936637417418570910881285907663357514844586483587588568832794,0.003,1000.0,1767209473
0xe612abb2dc4b4b8cc38096f6769ea17f5e7a112c3d7bf86e19c93ca4a0aa1d63_1767209837,0x2c3dce8515854f167dc523745a6b9d98d22ec9266d9f4921f62fd3e4bf1cfa1b,0x97b20958ebed39b14f95dc6b454414ff082a1c44,BUY,110290742709531333936637417418570910881285907663357514844586483587588568832794,0.003,1000.0,1767209837
0x66009dc3270983130bb0bb2b7489bdb0fb9e3be1172e2be0da6b3281d65f06d7_1767211193,0x2c3dce8515854f167dc523745a6b9d98d22ec9266d9f4921f62fd3e4bf1cfa1b,0xe2fe236f8c6dc101dbf69ec2fcc69451486e699d,BUY,86498068750018438192524977941980476748299785729870940867089250086714498791178,0.998000007984,1.002004,1767211193
0x5e15d7d0b0f0e6610c947284e887dfb6277cdca595e65e8eb863c44a9669d03e_1767211203,0x2c3dce8515854f167dc523745a6b9d98d22ec9266d9f4921f62fd3e4bf1cfa1b,0x5d299015e37aacee1cdd2287f4a036bce581af70,BUY,110290742709531333936637417418570910881285907663357514844586483587588568832794,0.0030000000003,6666.666666,1767211203
0x14acc8ca6e4a3edfeebc50c0a9971eb3b3ef29648eeedeb6bfe1fa325db43322_1767211205,0x2c3dce8515854f167dc523745a6b9d98d22ec9266d9f4921f62fd3e4bf1cfa1b,0x2b366034b69b64a444406b2db7ec1ff7869c473b,SELL,86498068750018438192524977941980476748299785729870940867089250086714498791178,0.997,126.0,1767211205
0xac046c6f540cdc197e3643a17daedc31951bf2e6e38e8e19dfcbf495e4a353b2_1767211721,0x2c3dce8515854f167dc523745a6b9d98d22ec9266d9f4921f62fd3e4bf1cfa1b,0x7c3db723f1d4d8cb9c550095203b686cb11e5c6b,BUY,86498068750018438192524977941980476748299785729870940867089250086714498791178,0.998,5988.92,1767211721
0xacdf8357b227e5099e3b5989969ba1d7bac820328cae7c6d78e724fe510f9c2f_1767211725,0x2c3dce8515854f167dc523745a6b9d98d22ec9266d9f4921f62fd3e4bf1cfa1b,0x43bc88f6e1c8102dd8fb3c324d58fcf85d479d6f,BUY,86498068750018438192524977941980476748299785729870940867089250086714498791178,0.999,5.005,1767211725
0x3e4cbe08b6e64de344d329cd8e10a0165cba3ffa51a155b74bce85396787439c_1767211729,0x2c3dce8515854f167dc523745a6b9d98d22ec9266d9f4921f62fd3e4bf1cfa1b,0x2b366034b69b64a444406b2db7ec1ff7869c473b,BUY,86498068750018438192524977941980476748299785729870940867089250086714498791178,0.999,239.309,1767211729
0x6c67ae285944590c0619c5c25be5acaf467c1d174a630b4e93402c47bcb66c01_1767211729,0x2c3dce8515854f167dc523745a6b9d98d22ec9266d9f4921f62fd3e4bf1cfa1b,0x194d29f749e52447bb1c17dc41df375bcbbae424,BUY,86498068750018438192524977941980476748299785729870940867089250086714498791178,0.999,1.111,1767211729
0x0be0971e5995c1b73fc5178dd52bd045d922a5b62ea9181c3cde2c412da80ce4_1767211731,0x2c3dce8515854f167dc523745a6b9d98d22ec9266d9f4921f62fd3e4bf1cfa1b,0x2b366034b69b64a444406b2db7ec1ff7869c473b,SELL,86498068750018438192524977941980476748299785729870940867089250086714498791178,0.998,100.8,1767211731
0x2db6a4929320b8eddd222523d51ac16736256564119039751747b3ed8539ad91_1767211739,0x2c3dce8515854f167dc523745a6b9d98d22ec9266d9f4921f62fd3e4bf1cfa1b,0xcc90a67b2f27cbf288344fcb1458848e01bd9e95,BUY,86498068750018438192524977941980476748299785729870940867089250086714498791178,0.999,10.06,1767211739
0xe9d5a27cd54a8322daf8a55e3a118fdbcb6fb019a9433a31d0dff9a3153fb472_1767211745,0x2c3dce8515854f167dc523745a6b9d98d22ec9266d9f4921f62fd3e4bf1cfa1b,0x2b366034b69b64a444406b2db7ec1ff7869c473b,BUY,86498068750018438192524977941980476748299785729870940867089250086714498791178,0.999,4.024,1767211745
0x3934236104bccc79dea349e37b31a78428fd6eb20e36eec347cc382962362c2a_1767211747,0x2c3dce8515854f167dc523745a6b9d98d22ec9266d9f4921f62fd3e4bf1cfa1b,0x521a5937948a3c1e4c62596651be096760794b39,BUY,86498068750018438192524977941980476748299785729870940867089250086714498791178,0.999,7.607,1767211747
0x0c7838cebf04858cf877d90001bd52561299f132b75686ea2d09e68ddf1b5927_1767211781,0x2c3dce8515854f167dc523745a6b9d98d22ec9266d9f4921f62fd3e4bf1cfa1b,0xe8a7c0b2c78dceb49b2bb0817ff37bf13b20c690,BUY,86498068750018438192524977941980476748299785729870940867089250086714498791178,0.999,5.68,1767211781
0xecc1f7ab8700ee4d1a058954fc9a45b4d8d24897dc3a0328365aed3f91592658_1767212571,0x2c3dce8515854f167dc523745a6b9d98d22ec9266d9f4921f62fd3e4bf1cfa1b,0xe9a80665c18e8d750deaee4bf28ea32aa5ae416c,BUY,110290742709531333936637417418570910881285907663357514844586483587588568832794,0.002,10000.0,1767212571
0xabc66dda583093ebe1c6fbbd853185e91796f0d79801e49a0c3875d839068046_1767212581,0x2c3dce8515854f167dc523745a6b9d98d22ec9266d9f4921f62fd3e4bf1cfa1b,0x2b366034b69b64a444406b2db7ec1ff7869c473b,BUY,86498068750018438192524977941980476748299785729870940867089250086714498791178,0.999,399.599,1767212581
0x4df6ed36691e2d37c182bd65326bc1c032bc38ac9a3db872dcfa1fe40307fd1f_1767212629,0x2c3dce8515854f167dc523745a6b9d98d22ec9266d9f4921f62fd3e4bf1cfa1b,0xe8a7c0b2c78dceb49b2bb0817ff37bf13b20c690,BUY,86498068750018438192524977941980476748299785729870940867089250086714498791178,0.999,9.24,1767212629
0x4b6b47c8a511178f3c3c6bcd7054cd911f802f035ce9bf86606a58825e095499_1767212699,0x2c3dce8515854f167dc523745a6b9d98d22ec9266d9f4921f62fd3e4bf1cfa1b,0xa7e83739c6119e8601db08860743ce54c4abe418,BUY,110290742709531333936637417418570910881285907663357514844586483587588568832794,0.002,8500.0,1767212699
0x0c3868917fd6be80cf84e64e1e429948d57bb540b2dfc62a0b709ba2345029fa_1767212709,0x2c3dce8515854f167dc523745a6b9d98d22ec9266d9f4921f62fd3e4bf1cfa1b,0x2b366034b69b64a444406b2db7ec1ff7869c473b,BUY,86498068750018438192524977941980476748299785729870940867089250086714498791178,0.999,339.659,1767212709
0x55953bb29e06f75591d920e83edc8fb1f34d7bc606b5721be5e26f7bf262ae28_1767212761,0x2c3dce8515854f167dc523745a6b9d98d22ec9266d9f4921f62fd3e4bf1cfa1b,0xe8a7c0b2c78dceb49b2bb0817ff37bf13b20c690,BUY,86498068750018438192524977941980476748299785729870940867089250086714498791178,0.999,7.69,1767212761
0xd02e733cd5f71bbc7311e85335c6c86cb588a04fef6e9a6d2bea45dbaee300aa_1767212833,0x2c3dce8515854f167dc523745a6b9d98d22ec9266d9f4921f62fd3e4bf1cfa1b,0x4ad9347e07d1be738c41b7e00fd1dfc2981fa618,BUY,110290742709531333936637417418570910881285907663357514844586483587588568832794,0.002,15484.26,1767212833
0x8612c331fda7cefdbe46192b7e51e518031e161f0d206f2793458b72992db789_1767212841,0x2c3dce8515854f167dc523745a6b9d98d22ec9266d9f4921f62fd3e4bf1cfa1b,0x2b366034b69b64a444406b2db7ec1ff7869c473b,BUY,86498068750018438192524977941980476748299785729870940867089250086714498791178,0.998,216.4025,1767212841
0xf65623e4cceb47ae4be84202c3b34e6a178f9f3f7793ed0b915d4e3861554279_1767212899,0x2c3dce8515854f167dc523745a6b9d98d22ec9266d9f4921f62fd3e4bf1cfa1b,0xe8a7c0b2c78dceb49b2bb0817ff37bf13b20c690,BUY,86498068750018438192524977941980476748299785729870940867089250086714498791178,0.998,5.0,1767212899
0xe2da3706364cd3ff1181a726e475b6a405a4ccdb4738eb90b28f6663c8a0e672_1767213197,0x2c3dce8515854f167dc523745a6b9d98d22ec9266d9f4921f62fd3e4bf1cfa1b,0x4ad9347e07d1be738c41b7e00fd1dfc2981fa618,SELL,110290742709531333936637417418570910881285907663357514844586483587588568832794,0.001,15705.66,1767213197
0x7f1f8a3dd9cf974816fef3f6a764f511493103eb28721604160d3f7349438b19_1767213275,0x2c3dce8515854f167dc523745a6b9d98d22ec9266d9f4921f62fd3e4bf1cfa1b,0x4ad9347e07d1be738c41b7e00fd1dfc2981fa618,BUY,110290742709531333936637417418570910881285907663357514844586483587588568832794,0.003,178063.72,1767213275
0xfcd0db83d719bc16e0ff6e9b8e802e1049b4dc85e67e0903ba0410c7b507cc56_1767213529,0x2c3dce8515854f167dc523745a6b9d98d22ec9266d9f4921f62fd3e4bf1cfa1b,0x2179f7686f58ffbad8d7dbe65b2325dc72472e2a,BUY,110290742709531333936637417418570910881285907663357514844586483587588568832794,0.004,500.0,1767213529
0x18b1935ad04d7f28fba74e6e628a9fcee533183fb4e574684dd90082af077ce2_1767213561,0x2c3dce8515854f167dc523745a6b9d98d22ec9266d9f4921f62fd3e4bf1cfa1b,0x2179f7686f58ffbad8d7dbe65b2325dc72472e2a,BUY,110290742709531333936637417418570910881285907663357514844586483587588568832794,0.004,500.0,1767213561
0x6ee2dde68665633d038ddc2757e62a06f608579bebeee917dcc4058c9e9bc213_1767213869,0x2c3dce8515854f167dc523745a6b9d98d22ec9266d9f4921f62fd3e4bf1cfa1b,0xdd4729e9caaa7762b65ad3bb2419c3212f42497b,BUY,110290742709531333936637417418570910881285907663357514844586483587588568832794,0.004589888842072023,4357.404,1767213869
0x48b433f65066799225b3a630fd979984232627d7a6f019d91644cbe71b4178c5_1767214835,0x2c3dce8515854f167dc523745a6b9d98d22ec9266d9f4921f62fd3e4bf1cfa1b,0xf13d7dfaee16b4b5ee95cbf74c529fdedc525e9c,BUY,110290742709531333936637417418570910881285907663357514844586483587588568832794,0.004285714285714286,14000.0,1767214835
0x4575d6241e188989691484cd37b2a107af797afa45d757932875f6404f5cc38f_1767215035,0x2c3dce8515854f167dc523745a6b9d98d22ec9266d9f4921f62fd3e4bf1cfa1b,0xc11eaf9f46bdd6a737f28edb716a22c6ba4b75c8,BUY,110290742709531333936637417418570910881285907663357514844586483587588568832794,0.004,2500.0,1767215035
0xb06d6acf3d886c8d198401b3bcf667f368b1919b6c1f0f9cac9ab238191c6135_1767215037,0x2c3dce8515854f167dc523745a6b9d98d22ec9266d9f4921f62fd3e4bf1cfa1b,0x08458f7e9d2858027de579e4c3ca305475496b6f,SELL,86498068750018438192524977941980476748299785729870940867089250086714498791178,0.996,2000.01,1767215037
0x29b1c1d11609bd0f8b7e35c6c06840e4cee59d98ce2ae937597579721a1a7de8_1767215047,0x2c3dce8515854f167dc523745a6b9d98d22ec9266d9f4921f62fd3e4bf1cfa1b,0x2b366034b69b64a444406b2db7ec1ff7869c473b,SELL,86498068750018438192524977941980476748299785729870940867089250086714498791178,0.996,320.43,1767215047
0x6e95ec6f7ad7f0faa41782e5bbe5ce4fc649d64a51ade129ff1fe0db7e6351fa_1767215049,0x2c3dce8515854f167dc523745a6b9d98d22ec9266d9f4921f62fd3e4bf1cfa1b,0x2b366034b69b64a444406b2db7ec1ff7869c473b,SELL,86498068750018438192524977941980476748299785729870940867089250086714498791178,0.996,320.43,1767215049
0xb186f5086e091b19e8632afa4fc0a5f6a910e9de96fc7ecf2dfa468e70908b1a_1767215273,0x2c3dce8515854f167dc523745a6b9d98d22ec9266d9f4921f62fd3e4bf1cfa1b,0x8ce67ff6ef59e912642b25442119a1f26fd181a4,BUY,110290742709531333936637417418570910881285907663357514844586483587588568832794,0.005,282.0,1767215273
0x4538a964dca668eec842776abd429cef780d5db5f94155f90d36fb3b2a7443a9_1767215709,0x2c3dce8515854f167dc523745a6b9d98d22ec9266d9f4921f62fd3e4bf1cfa1b,0x906c721040645c5e754135fa457e68e04575a80d,BUY,110290742709531333936637417418570910881285907663357514844586483587588568832794,0.005,600.0,1767215709
0xa99312357d83d61f4936f4064d1e58d19703cecab17b489062ecfd88690630a7_1767216449,0x2c3dce8515854f167dc523745a6b9d98d22ec9266d9f4921f62fd3e4bf1cfa1b,0xb58120a869601abf58606505e15817ea1d5db496,BUY,110290742709531333936637417418570910881285907663357514844586483587588568832794,0.005,4000.0,1767216449
0x413b9d1e595d7a82c71252dbd4e94e43386322f8e8efe5cee53b51f8d915d80f_1767216903,0x2c3dce8515854f167dc523745a6b9d98d22ec9266d9f4921f62fd3e4bf1cfa1b,0x3a912b26fe88de1eb416be0d25145025141188e1,BUY,110290742709531333936637417418570910881285907663357514844586483587588568832794,0.004,1300.0,1767216903
0x6c2047febb632b7c2f5dd877348e21ca243b3f838628e81e12597120f5641e5f_1767217003,0x2c3dce8515854f167dc523745a6b9d98d22ec9266d9f4921f62fd3e4bf1cfa1b,0x491213da9c46715364098c7b8a08ae5398b3c24e,BUY,110290742709531333936637417418570910881285907663357514844586483587588568832794,0.005,200.0,1767217003
0x5b51ab9fb737ad5559c3252a7cc5555c8bc54469a4384da6a2a00b7c28daa879_1767218089,0x2c3dce8515854f167dc523745a6b9d98d22ec9266d9f4921f62fd3e4bf1cfa1b,0x5052171caf251b9cd465f09ffdd78dd969237e3a,BUY,110290742709531333936637417418570910881285907663357514844586483587588568832794,0.005,1000.0,1767218089
0x0d92cdafc9a809a202a9c572513f5a271a97299b2a3a854e107e49f3d7a3668a_1767218145,0x2c3dce8515854f167dc523745a6b9d98d22ec9266d9f4921f62fd3e4bf1cfa1b,0x5d299015e37aacee1cdd2287f4a036bce581af70,SELL,110290742709531333936637417418570910881285907663357514844586483587588568832794,0.003,18333.33,1767218145
0x87d2ddee70e8c885776cd9ffa4945c52d82a902b1c827dc806a39570b346fb2e_1767218457,0x2c3dce8515854f167dc523745a6b9d98d22ec9266d9f4921f62fd3e4bf1cfa1b,0x5052171caf251b9cd465f09ffdd78dd969237e3a,BUY,110290742709531333936637417418570910881285907663357514844586483587588568832794,0.005,1100.0,1767218457
0xab8afb606a9764a1bad14372f0a00ec3260c27fe3445bc47be1e9b6eaf38a9af_1767219439,0x2c3dce8515854f167dc523745a6b9d98d22ec9266d9f4921f62fd3e4bf1cfa1b,0x8a68f8fe67eaed78856c5835f0e57437f02d22df,BUY,110290742709531333936637417418570910881285907663357514844586483587588568832794,0.005,200.0,1767219439
0x36057802fb5e6a82a743e8535370b2cfa5f652e89708b42303dfe71ca0116239_1767221631,0x2c3dce8515854f167dc523745a6b9d98d22ec9266d9f4921f62fd3e4bf1cfa1b,0x6000f07d725ffb486f29021de81ad9175c3c4a5e,BUY,110290742709531333936637417418570910881285907663357514844586483587588568832794,0.005,9012.0,1767221631
0x5245f6a856ce6e30ebba666a3a1c5e1563f4b3ef5bd9ba352c6c506018e80439_1767221737,0x2c3dce8515854f167dc523745a6b9d98d22ec9266d9f4921f62fd3e4bf1cfa1b,0x286e9d432af6e51087f82dbd36db78fa124c2b47,BUY,110290742709531333936637417418570910881285907663357514844586483587588568832794,0.005,282.0,1767221737
0xa960b6a58fbae3300e98346cb5ab55b84bd67f6ebfd8191b67808060f9dd6e05_1767222535,0x2c3dce8515854f167dc523745a6b9d98d22ec9266d9f4921f62fd3e4bf1cfa1b,0x79a2f22753d5be04b6bbc6843a02b1c7416e4c27,BUY,110290742709531333936637417418570910881285907663357514844586483587588568832794,0.005,1632.0,1767222535
0x1a127b5541d0af487803c5e4ab746a2a2e5ab51cc438a00b1e20fc85264b7437_1767222969,0x2c3dce8515854f167dc523745a6b9d98d22ec9266d9f4921f62fd3e4bf1cfa1b,0x9d12d54266643f08e660281a08e044627569bdf6,SELL,86498068750018438192524977941980476748299785729870940867089250086714498791178,0.996,1052.86,1767222969
0xf086cfb1431342f10e9b8c953298df1fd4e568a83bd383ac07e1ee0c6f52c36a_1767223685,0x2c3dce8515854f167dc523745a6b9d98d22ec9266d9f4921f62fd3e4bf1cfa1b,0xa66790e2b0075e73c3781ddaf1d0b875a3aaceb3,BUY,86498068750018438192524977941980476748299785729870940867089250086714498791178,0.997,22.31,1767223685
0x67b1569be990ca30db4b00a72ac876c0678ed616c7a95cdf49c3944f34e330b3_1767223971,0x2c3dce8515854f167dc523745a6b9d98d22ec9266d9f4921f62fd3e4bf1cfa1b,0x3b64f0df8eb1e72026f70e70b02f7c6dd67ad59e,BUY,110290742709531333936637417418570910881285907663357514844586483587588568832794,0.004677121783796977,2933.428,1767223971
0x4fa04cc083ad60b9e43e9416f8e33e65222b87c4ceeaed3ee9cbdc36e0d5a85f_1767224457,0x2c3dce8515854f167dc523745a6b9d98d22ec9266d9f4921f62fd3e4bf1cfa1b,0x31701ffc68d91caeb2d4a729342fc6048ee96bee,SELL,110290742709531333936637417418570910881285907663357514844586483587588568832794,0.003,250.0,1767224457
0xd554221196673ac9a694f2df94ee9fad3a9c292292ef2f309a8e45cc308d7d60_1767224797,0x2c3dce8515854f167dc523745a6b9d98d22ec9266d9f4921f62fd3e4bf1cfa1b,0x2179f7686f58ffbad8d7dbe65b2325dc72472e2a,BUY,110290742709531333936637417418570910881285907663357514844586483587588568832794,0.005,1000.0,1767224797
0xd13ae5ba930564453ae66b96548bd456eb0bc36709cd23baa667bd30d66a0c7c_1767224847,0x2c3dce8515854f167dc523745a6b9d98d22ec9266d9f4921f62fd3e4bf1cfa1b,0x79a2f22753d5be04b6bbc6843a02b1c7416e4c27,BUY,110290742709531333936637417418570910881285907663357514844586483587588568832794,0.005,4000.0,1767224847
0x7715ea443839a425e3fea14eb7665d7389f71955ca064f8f82d5d03d46c7810a_1767224859,0x2c3dce8515854f167dc523745a6b9d98d22ec9266d9f4921f62fd3e4bf1cfa1b,0x79a2f22753d5be04b6bbc6843a02b1c7416e4c27,BUY,110290742709531333936637417418570910881285907663357514844586483587588568832794,0.005,1000.0,1767224859
0x322a1da7db607d3c79acdb6ebd07646e892397df844e5ceaa647cad6ab3b8b33_1767225361,0x2c3dce8515854f167dc523745a6b9d98d22ec9266d9f4921f62fd3e4bf1cfa1b,0x8e64c06fadcd00d5139f79a4e4977abb9e463188,BUY,110290742709531333936637417418570910881285907663357514844586483587588568832794,0.005,2728.0,1767225361
0xe23afd84e7442a331d029a2e864a4f16aee0db0f8d25a881e3eb0c9a2ded1078_1767226263,0x2c3dce8515854f167dc523745a6b9d98d22ec9266d9f4921f62fd3e4bf1cfa1b,0xbacd00c9080a82ded56f504ee8810af732b0ab35,BUY,86498068750018438192524977941980476748299785729870940867089250086714498791178,0.997,22222.0,1767226263
0xe4ea0951582c8b8b676ad86617524faef2a2b40ad964303fc39ce6eacd76a6ac_1767226471,0x2c3dce8515854f167dc523745a6b9d98d22ec9266d9f4921f62fd3e4bf1cfa1b,0x52a2565fab9611d3163b0a4751ec99ceab5a376f,BUY,110290742709531333936637417418570910881285907663357514844586483587588568832794,0.005,6800.0,1767226471
0x2f8251053433e4aa66f25bdc4eaa8e7992b5ae0ed403f7f923f0eefc741cf65d_1767226637,0x2c3dce8515854f167dc523745a6b9d98d22ec9266d9f4921f62fd3e4bf1cfa1b,0x7e50d84d9fe64d7276f3e1effb231115dd45e454,SELL,110290742709531333936637417418570910881285907663357514844586483587588568832794,0.003,20.0,1767226637
0x4c85bb62b0e73eded28d88aa2ed2fb4cf73a3ee9970cdc880cdd644e84bba502_1767227157,0x2c3dce8515854f167dc523745a6b9d98d22ec9266d9f4921f62fd3e4bf1cfa1b,0xf303f741c03e7186bd622bc66b87340c0ed8e30e,BUY,110290742709531333936637417418570910881285907663357514844586483587588568832794,0.005,3000.0,1767227157
0xd7664866b7b981aac0850434cd183615aa75c5fcaac4ed62c0928c3e838bd5ea_1767228263,0x2c3dce8515854f167dc523745a6b9d98d22ec9266d9f4921f62fd3e4bf1cfa1b,0x209fe6fbe779500d6401eef65b370402821b553c,BUY,110290742709531333936637417418570910881285907663357514844586483587588568832794,0.004966887417218543,604.0,1767228263
0x09d6d07a04fd8bef0de8d19eae82c4d7a121f0563d79293962a4c50c6861a906_1767228367,0x2c3dce8515854f167dc523745a6b9d98d22ec9266d9f4921f62fd3e4bf1cfa1b,0x95074f700f93bdf6e62fc965e0832064c0877b04,BUY,86498068750018438192524977941980476748299785729870940867089250086714498791178,0.997,2366.0,1767228367
0x54074da5666c0e008afd8e9cebb1827a5810daf5e5c09b97de77b74632ebbf3d_1767228853,0x2c3dce8515854f167dc523745a6b9d98d22ec9266d9f4921f62fd3e4bf1cfa1b,0x4ad9347e07d1be738c41b7e00fd1dfc2981fa618,BUY,110290742709531333936637417418570910881285907663357514844586483587588568832794,0.004871794871794872,78000.0,1767228853
0xf89110af4a1c3896a973a824043be9e853b4fb59242df2d78decde80ef2f16b0_1767230285,0x2c3dce8515854f167dc523745a6b9d98d22ec9266d9f4921f62fd3e4bf1cfa1b,0x5d299015e37aacee1cdd2287f4a036bce581af70,BUY,110290742709531333936637417418570910881285907663357514844586483587588568832794,0.005,6000.0,1767230285
0xda306384f5d903cb4d96691f191991d5f7308d30476ff0e0b42851e2b9ab6098_1767231149,0x2c3dce8515854f167dc523745a6b9d98d22ec9266d9f4921f62fd3e4bf1cfa1b,0x6dde6b1b50bb9c47a58ab903f2909276b0968be4,BUY,110290742709531333936637417418570910881285907663357514844586483587588568832794,0.004,283.0,1767231149
0x163ae61f293521e95c2bb63c501b217b96d029f99efd5dfff411d28b3a188827_1767231633,0x2c3dce8515854f167dc523745a6b9d98d22ec9266d9f4921f62fd3e4bf1cfa1b,0xca0cc8aab1ac556a55855819aca89aaba55caffd,BUY,110290742709531333936637417418570910881285907663357514844586483587588568832794,0.004,250.0,1767231633
0x03d73744b0c6354d0cae62f51d1f11d19227b2150d9ab124f0dc6f0362cb8c7f_1767232203,0x2c3dce8515854f167dc523745a6b9d98d22ec9266d9f4921f62fd3e4bf1cfa1b,0xd190a4635bed4f1c2d9d5a8b367637ce5612c9b2,BUY,110290742709531333936637417418570910881285907663357514844586483587588568832794,0.004,625.0,1767232203
0x18d27bbe58688c15051ac8e2d818d9d7d0a84708cda19e008010f4a4ac4b5396_1767232325,0x2c3dce8515854f167dc523745a6b9d98d22ec9266d9f4921f62fd3e4bf1cfa1b,0x36a7e80b487b26eebce266da0640e33dd4651aea,BUY,86498068750018438192524977941980476748299785729870940867089250086714498791178,0.997,1100.0,1767232325
0xad4d7609e5eb4e8827bcc84b5c2a180ca143d204f1baa3724eefef3f4f17cb08_1767232623,0x2c3dce8515854f167dc523745a6b9d98d22ec9266d9f4921f62fd3e4bf1cfa1b,0xca0cc8aab1ac556a55855819aca89aaba55caffd,BUY,110290742709531333936637417418570910881285907663357514844586483587588568832794,0.004,250.0,1767232623
0x2dea4164d47b3eef6689548c1b5d5a527a47dfc17ac0f22172e6c091004fbff3_1767232811,0x2c3dce8515854f167dc523745a6b9d98d22ec9266d9f4921f62fd3e4bf1cfa1b,0x906c721040645c5e754135fa457e68e04575a80d,BUY,110290742709531333936637417418570910881285907663357514844586483587588568832794,0.004,250.0,1767232811
0x962543457705f76b3c9f658b9803273fb691b54d597593c79713eab09345b035_1767233103,0x2c3dce8515854f167dc523745a6b9d98d22ec9266d9f4921f62fd3e4bf1cfa1b,0xc59cd07ecb33fc43fe3cbd24e08e7a826d402e4f,BUY,110290742709531333936637417418570910881285907663357514844586483587588568832794,0.004,1250.0,1767233103
0x8ae01e20b49d10ed6cfadd9adeee3d497cf2525c3de4837404d5c201aa85b2b2_1767233137,0x2c3dce8515854f167dc523745a6b9d98d22ec9266d9f4921f62fd3e4bf1cfa1b,0xbae242171969618fe17f12170445b370505a05f2,SELL,110290742709531333936637417418570910881285907663357514844586483587588568832794,0.003,1173.22,1767233137
0xeb791ffa9f4377578a61d163da66a78c05de5ff65c00676714f7bbbca49ac2a8_1767233249,0x2c3dce8515854f167dc523745a6b9d98d22ec9266d9f4921f62fd3e4bf1cfa1b,0x74c3f65f6ffc0bfcca6628502a5c4d04578cbbe6,SELL,110290742709531333936637417418570910881285907663357514844586483587588568832794,0.003,130.0,1767233249
0x762d24710907574789b837b11460a37b0062164e9d1ff574a0994c8b4a48dc0d_1767233393,0x2c3dce8515854f167dc523745a6b9d98d22ec9266d9f4921f62fd3e4bf1cfa1b,0x95074f700f93bdf6e62fc965e0832064c0877b04,BUY,86498068750018438192524977941980476748299785729870940867089250086714498791178,0.9975293776778995,9767.45,1767233393
0xa9eb744163c016aa0c99751b5cdcf46d3e0620f9f72a2886d49424aee466183d_1767233461,0x2c3dce8515854f167dc523745a6b9d98d22ec9266d9f4921f62fd3e4bf1cfa1b,0xa2ed81611c3bd048a2c42bc20dc6c8a374f8160d,BUY,110290742709531333936637417418570910881285907663357514844586483587588568832794,0.003000000012,333.333332,1767233461
0xbd05ab0f36183c9700abba2cc4bffda60d678a910432673ac2843cd891cd522b_1767233723,0x2c3dce8515854f167dc523745a6b9d98d22ec9266d9f4921f62fd3e4bf1cfa1b,0xe38c067595d16fbbf055e11e6a46537af70923b3,BUY,86498068750018438192524977941980476748299785729870940867089250086714498791178,0.9986420564452908,1001.359,1767233723
0x2886968ebe14218834b0e5c821862c39de3c86c4acdd81a4d693ee9c27fc1886_1767233741,0x2c3dce8515854f167dc523745a6b9d98d22ec9266d9f4921f62fd3e4bf1cfa1b,0xe38c067595d16fbbf055e11e6a46537af70923b3,SELL,86498068750018438192524977941980476748299785729870940867089250086714498791178,0.997,1001.35,1767233741
0x5c59c7fff754b7e25829ad88bd25da15b98df855ded13d7d1793647cbdd7a81d_1767233963,0x2c3dce8515854f167dc523745a6b9d98d22ec9266d9f4921f62fd3e4bf1cfa1b,0xd2e9ab28c6bc4d09a08fa65a0afc4aaabb2e2cbf,BUY,110290742709531333936637417418570910881285907663357514844586483587588568832794,0.0030000000075,666.666665,1767233963
0x04e5b9e73671106f5e64d833f08b354c4358c733ab935ef592c91aa3744ed933_1767234367,0x2c3dce8515854f167dc523745a6b9d98d22ec9266d9f4921f62fd3e4bf1cfa1b,0xca0cc8aab1ac556a55855819aca89aaba55caffd,BUY,110290742709531333936637417418570910881285907663357514844586483587588568832794,0.003000000012,333.333332,1767234367
0x889e69490e0515ca5a77b79d34ac446ee5766d7bbb9f0c0087fbfd167b9bdd87_1767234509,0x2c3dce8515854f167dc523745a6b9d98d22ec9266d9f4921f62fd3e4bf1cfa1b,0x3be6a957284152bd131e3d6d7bb5208363fe77bd,BUY,110290742709531333936637417418570910881285907663357514844586483587588568832794,0.003,1000.0,1767234509
0x52056aa925f96e090b9e5ad1a999c36bf7973d93abe5159ccc0d6df77fa429c1_1767235153,0x2c3dce8515854f167dc523745a6b9d98d22ec9266d9f4921f62fd3e4bf1cfa1b,0xc682d7943aad07c246986a7aa2989cfcb17817bb,SELL,86498068750018438192524977941980476748299785729870940867089250086714498791178,0.997,2100.0,1767235153
0x94809e9479fd506e0d232fea6b1b77d4f7b0913fdf7657f6a07fda99ec41fba9_1767235301,0x2c3dce8515854f167dc523745a6b9d98d22ec9266d9f4921f62fd3e4bf1cfa1b,0xaa4c3f19aed6694036f8fd9a3fa7cbc8512d8f77,BUY,110290742709531333936637417418570910881285907663357514844586483587588568832794,0.003000000003,1666.666665,1767235301
0x00a7ad04149eb4862a6037ed90d6dfa8b57c344e5e0c9321091a3b2e0d3e5076_1767236095,0x2c3dce8515854f167dc523745a6b9d98d22ec9266d9f4921f62fd3e4bf1cfa1b,0xd0de724f80713bc43be6738472e2c50a8c19a9fc,BUY,86498068750018438192524977941980476748299785729870940867089250086714498791178,0.9979998079847602,5.010019,1767236095
0x196870c5a8b2dea994d1000b56c292e44b3344f49aaf8d88e5d1c80be04a34a6_1767236217,0x2c3dce8515854f167dc523745a6b9d98d22ec9266d9f4921f62fd3e4bf1cfa1b,0xfd319c19a7db2020fb37c1fce82eb65f6db9293b,BUY,110290742709531333936637417418570910881285907663357514844586483587588568832794,0.003,500.0,1767236217
0x36fd4e04b59bfb42bd5b4ead3a183387529a3999f4b9a36113ecdc09bb557f75_1767236225,0x2c3dce8515854f167dc523745a6b9d98d22ec9266d9f4921f62fd3e4bf1cfa1b,0xcc90a67b2f27cbf288344fcb1458848e01bd9e95,BUY,86498068750018438192524977941980476748299785729870940867089250086714498791178,0.9979999706009707,26.803606,1767236225
0x599f1ebf7401d593e47371f4415a6bbe0792243a78f87d26875bca5f6fc59cb7_1767236441,0x2c3dce8515854f167dc523745a6b9d98d22ec9266d9f4921f62fd3e4bf1cfa1b,0x2b366034b69b64a444406b2db7ec1ff7869c473b,BUY,86498068750018438192524977941980476748299785729870940867089250086714498791178,0.9979999889940168,10.721441,1767236441
0x394edc6a7c093883ba7719b09dd7f01d6b195126db43ac7737cc68f4fe70f3a9_1767236535,0x2c3dce8515854f167dc523745a6b9d98d22ec9266d9f4921f62fd3e4bf1cfa1b,0xfd319c19a7db2020fb37c1fce82eb65f6db9293b,BUY,110290742709531333936637417418570910881285907663357514844586483587588568832794,0.003,500.0,1767236535
0xde79bf41fb764a222d8f91291e033f1674d8d1a37a10acd9a50529eccba0ce7d_1767236545,0x2c3dce8515854f167dc523745a6b9d98d22ec9266d9f4921f62fd3e4bf1cfa1b,0x2b366034b69b64a444406b2db7ec1ff7869c473b,BUY,86498068750018438192524977941980476748299785729870940867089250086714498791178,0.9979999957957869,19.979958,1767236545
0x0c3312da98ac657a9cb6cb3fb6cd228a9a68449f3e55669a6f905bcd1f848743_1767237257,0x2c3dce8515854f167dc523745a6b9d98d22ec9266d9f4921f62fd3e4bf1cfa1b,0x35d19917d88e8a8e36f21a6a9599e94987932c70,BUY,110290742709531333936637417418570910881285907663357514844586483587588568832794,0.003000000012,333.333332,1767237257
0x8f1b6d05d367e26d3d1d05bf660b8f96dfea642652e2b992b80b560d22234f82_1767237265,0x2c3dce8515854f167dc523745a6b9d98d22ec9266d9f4921f62fd3e4bf1cfa1b,0xcc90a67b2f27cbf288344fcb1458848e01bd9e95,BUY,86498068750018438192524977941980476748299785729870940867089250086714498791178,0.9979999742839245,33.286572,1767237265
0xfd753824b1c66107da00491ca89b8085d83f9335aea25b6110ee24745df5f7dd_1767237267,0x2c3dce8515854f167dc523745a6b9d98d22ec9266d9f4921f62fd3e4bf1cfa1b,0x2b366034b69b64a444406b2db7ec1ff7869c473b,BUY,86498068750018438192524977941980476748299785729870940867089250086714498791178,0.9979999447307698,13.316632,1767237267
0x5b901ec7281545bb28f871e515a8e729124485b8d11c03b227d477c3e0acce0b_1767238665,0x2c3dce8515854f167dc523745a6b9d98d22ec9266d9f4921f62fd3e4bf1cfa1b,0xf0f0e017aca337d16f8481fe2a2272955f3bb130,BUY,110290742709531333936637417418570910881285907663357514844586483587588568832794,0.003000000012,333.333332,1767238665
0xd703551517b14144aa37382ae7100fa1ff6eb244c75cd36a04f08368de2d22a7_1767238679,0x2c3dce8515854f167dc523745a6b9d98d22ec9266d9f4921f62fd3e4bf1cfa1b,0x2b366034b69b64a444406b2db7ec1ff7869c473b,BUY,86498068750018438192524977941980476748299785729870940867089250086714498791178,0.9979999447307698,13.316632,1767238679
0xe57610adb2f4e3d715bde0770602b70bba5a29208ac43acad97ddd81eb6dbe74_1767239419,0x2c3dce8515854f167dc523745a6b9d98d22ec9266d9f4921f62fd3e4bf1cfa1b,0x5edf4ca130dbeefbaff0bfec69eb015599173a0c,SELL,86498068750018438192524977941980476748299785729870940867089250086714498791178,0.997,5.4,1767239419
0x1fc817a67284b2b70ddb0302f6a331e5bd96ab58725ffac6dddb1fad8a348b34_1767239427,0x2c3dce8515854f167dc523745a6b9d98d22ec9266d9f4921f62fd3e4bf1cfa1b,0xcc90a67b2f27cbf288344fcb1458848e01bd9e95,BUY,86498068750018438192524977941980476748299785729870940867089250086714498791178,0.9979995018984502,1.112223,1767239427
0x0e65364eefc045a79d00b918101253694c8cf6a5c69a0428d17ef1b776e4519d_1767239427,0x2c3dce8515854f167dc523745a6b9d98d22ec9266d9f4921f62fd3e4bf1cfa1b,0xb20bdfccff289b23cb0e6df825b1cfa724228da0,BUY,86498068750018438192524977941980476748299785729870940867089250086714498791178,0.9979999107932709,5.38076,1767239427
0x6455d95ddc8bcdb28bdbfb47faf51f5f0d443e23672355ae12ee55a51a133075_1767239427,0x2c3dce8515854f167dc523745a6b9d98d22ec9266d9f4921f62fd3e4bf1cfa1b,0x2b366034b69b64a444406b2db7ec1ff7869c473b,BUY,86498068750018438192524977941980476748299785729870940867089250086714498791178,0.998000007984,1.002004,1767239427
0xfb09934727c945ba1654f4577442567aefd6d6c93802e97d3846ad81dd66b494_1767241065,0x2c3dce8515854f167dc523745a6b9d98d22ec9266d9f4921f62fd3e4bf1cfa1b,0x1604b15af9eab550175b268dd574a155c5ebff0e,BUY,86498068750018438192524977941980476748299785729870940867089250086714498791178,0.998,3575.97,1767241065
0x97158253e4f617c25d2252ea23183ee0d29178e2a8aebcc53e6f4273d7798d18_1767242537,0x2c3dce8515854f167dc523745a6b9d98d22ec9266d9f4921f62fd3e4bf1cfa1b,0x85ba0de42cd95173b0b66157ec4c4b9be5f6578f,BUY,110290742709531333936637417418570910881285907663357514844586483587588568832794,0.003,1600.0,1767242537
0x486c09cb2a06a5fa76aa4e9daa4f5bd7c9e774fccdb0e200056def2cdd241a38_1767242547,0x2c3dce8515854f167dc523745a6b9d98d22ec9266d9f4921f62fd3e4bf1cfa1b,0x2b366034b69b64a444406b2db7ec1ff7869c473b,BUY,86498068750018438192524977941980476748299785729870940867089250086714498791178,0.999,63.863,1767242547
0x1937bdc0ff4424e7052a387864de3f955974376b6f472614909f45c1804131fc_1767242561,0x2c3dce8515854f167dc523745a6b9d98d22ec9266d9f4921f62fd3e4bf1cfa1b,0x3838f51dd3e558db22a10a1ba520a81b4aa02c6f,BUY,110290742709531333936637417418570910881285907663357514844586483587588568832794,0.003,470.0,1767242561
0xd0ede82b1c27635deeb421cf561389b520fbd61389e5e54003a929a324e223da_1767242571,0x2c3dce8515854f167dc523745a6b9d98d22ec9266d9f4921f62fd3e4bf1cfa1b,0x2b366034b69b64a444406b2db7ec1ff7869c473b,BUY,86498068750018438192524977941980476748299785729870940867089250086714498791178,0.999,18.758,1767242571
0xa0fac7e65f62f0a243a2603934266b0b515a7b0a0ccaba7093b3f794ef46c338_1767243205,0x2c3dce8515854f167dc523745a6b9d98d22ec9266d9f4921f62fd3e4bf1cfa1b,0x79a2f22753d5be04b6bbc6843a02b1c7416e4c27,BUY,110290742709531333936637417418570910881285907663357514844586483587588568832794,0.003000000000230769,17333.333332,1767243205
0x3895bb6a02e7686b41ca103c43eb461f1624cc4ff1295e2ee4213b3265f4421d_1767243215,0x2c3dce8515854f167dc523745a6b9d98d22ec9266d9f4921f62fd3e4bf1cfa1b,0x2b366034b69b64a444406b2db7ec1ff7869c473b,BUY,86498068750018438192524977941980476748299785729870940867089250086714498791178,0.999,691.941,1767243215
0x7b3087235823f03cbbc19e334457f49c8fe0fd777ddd62eea3c87a9d51aa3991_1767243227,0x2c3dce8515854f167dc523745a6b9d98d22ec9266d9f4921f62fd3e4bf1cfa1b,0xf95d4f8f524f5fa3dbef41f45e52bcad7d84ca8d,BUY,86498068750018438192524977941980476748299785729870940867089250086714498791178,0.999,10.42,1767243227
0xc9fcfb77cd1fbd2194e11ef63d98428dcbdad72bfe5e76297e09dae4bbb73fe6_1767243245,0x2c3dce8515854f167dc523745a6b9d98d22ec9266d9f4921f62fd3e4bf1cfa1b,0x949a5b5855195aad73582a791f9d67e3fa67721c,BUY,110290742709531333936637417418570910881285907663357514844586483587588568832794,0.003,1000.0,1767243245
0xee870dc3f52ab71eea061b553756e1fc65231253128d3a6c74a6cffbdbc0f5ac_1767243255,0x2c3dce8515854f167dc523745a6b9d98d22ec9266d9f4921f62fd3e4bf1cfa1b,0x2b366034b69b64a444406b2db7ec1ff7869c473b,BUY,86498068750018438192524977941980476748299785729870940867089250086714498791178,0.999,39.919,1767243255
0xe6af9855380b98778992ad3936a38c9cdd2c4be81fc828f2573cfea1083db9b8_1767243609,0x2c3dce8515854f167dc523745a6b9d98d22ec9266d9f4921f62fd3e4bf1cfa1b,0x4ad9347e07d1be738c41b7e00fd1dfc2981fa618,BUY,110290742709531333936637417418570910881285907663357514844586483587588568832794,0.003,3211.0,1767243609
0x8b246843e65314a75486a2dbee91d46dbf3d5d5d47571d40112f948ecc0f1790_1767243621,0x2c3dce8515854f167dc523745a6b9d98d22ec9266d9f4921f62fd3e4bf1cfa1b,0x2b366034b69b64a444406b2db7ec1ff7869c473b,BUY,86498068750018438192524977941980476748299785729870940867089250086714498791178,0.999,15.095,1767243621
0x38108aad7db77a0cff946b1ece3f9895220b51190a18d0676e43aacb73a7f096_1767244883,0x2c3dce8515854f167dc523745a6b9d98d22ec9266d9f4921f62fd3e4bf1cfa1b,0xea9916a5cc71b3885119dd836cedad0b39ec61ee,BUY,110290742709531333936637417418570910881285907663357514844586483587588568832794,0.0030000000012,1666.666666,1767244883
0x8f98e22c9412d7a25ff7c7a4da8845677bfd563c76061fa2d260e1ebf0fa4e79_1767245565,0x2c3dce8515854f167dc523745a6b9d98d22ec9266d9f4921f62fd3e4bf1cfa1b,0x4a60bf806d191015e5fba2eb215dda5f6c5f89b6,SELL,110290742709531333936637417418570910881285907663357514844586483587588568832794,0.002,90.7,1767245565
0x3b1b43a499b7ee1ce29c5e8454bd734c931a8be4a5853e9efde59f3f5ce6b26d_1767247741,0x2c3dce8515854f167dc523745a6b9d98d22ec9266d9f4921f62fd3e4bf1cfa1b,0x95074f700f93bdf6e62fc965e0832064c0877b04,BUY,86498068750018438192524977941980476748299785729870940867089250086714498791178,0.998,2409.29,1767247741
0x4d8da3d18673a6aa5636c5734fcc9b9f220191b05827f852c43a02725378aa61_1767248103,0x2c3dce8515854f167dc523745a6b9d98d22ec9266d9f4921f62fd3e4bf1cfa1b,0x038f2ceeba145ee4e1fe8ae91e1ce2929642ecc5,SELL,86498068750018438192524977941980476748299785729870940867089250086714498791178,0.997,12.82,1767248103
0xbd85f4d2a44126b34eb790054a622a19cfe8c48cd7ff0c333bac75ae8487d034_1767248539,0x2c3dce8515854f167dc523745a6b9d98d22ec9266d9f4921f62fd3e4bf1cfa1b,0x038f2ceeba145ee4e1fe8ae91e1ce2929642ecc5,BUY,110290742709531333936637417418570910881285907663357514844586483587588568832794,0.003000000003,333.333333,1767248539
0x8272eec25c0c8056305ffe64730d3076f1ec613ab8649f99af76c38563946417_1767248641,0x2c3dce8515854f167dc523745a6b9d98d22ec9266d9f4921f62fd3e4bf1cfa1b,0x60ea2cd2feee858989c14a9e13cd126a876d3534,SELL,110290742709531333936637417418570910881285907663357514844586483587588568832794,0.001,333.33,1767248641
0xaec1c3bb6ca236c0f4e3b99f532400d272ceed93cfad122dd6ffbee9fac46b46_1767249153,0x2c3dce8515854f167dc523745a6b9d98d22ec9266d9f4921f62fd3e4bf1cfa1b,0x97f704f57e01afd4346034921275b5a9caba2c96,BUY,110290742709531333936637417418570910881285907663357514844586483587588568832794,0.003000000003,333.333333,1767249153
0xb56ab1df101d3968a2aec0f1e48269aa99252284b281cf1cf3108a015a1d6a16_1767249287,0x2c3dce8515854f167dc523745a6b9d98d22ec9266d9f4921f62fd3e4bf1cfa1b,0xbacd00c9080a82ded56f504ee8810af732b0ab35,BUY,86498068750018438192524977941980476748299785729870940867089250086714498791178,0.999,11111.0,1767249287
0xf94009bb54341100e11c4fe62b0e2cb22032db29a8f108c744fd3fd75b5d29bd_1767249351,0x2c3dce8515854f167dc523745a6b9d98d22ec9266d9f4921f62fd3e4bf1cfa1b,0x73840b6d32bde68a310b4c847ea74da575c5d37a,SELL,110290742709531333936637417418570910881285907663357514844586483587588568832794,0.001,386.19,1767249351
0x255d14a37d223c8b631d1a1b2cac351c203f5a7f3f5893f22a6ace41992dc515_1767249435,0x2c3dce8515854f167dc523745a6b9d98d22ec9266d9f4921f62fd3e4bf1cfa1b,0xbacd00c9080a82ded56f504ee8810af732b0ab35,BUY,86498068750018438192524977941980476748299785729870940867089250086714498791178,0.999,111111.0,1767249435
0xec5e953dd13fab6370ddea8bafa8208c88c450545ecc143d38af4fccdcfa19c1_1767249437,0x2c3dce8515854f167dc523745a6b9d98d22ec9266d9f4921f62fd3e4bf1cfa1b,0xdbdfd2213033555336721681c319d22cf0ac5ef4,BUY,110290742709531333936637417418570910881285907663357514844586483587588568832794,0.003000000003,333.333333,1767249437
0x4ce02eacf3177b295554cde1dcd31a9b831a7d35f7360c30ba98f6a9d07463b2_1767249447,0x2c3dce8515854f167dc523745a6b9d98d22ec9266d9f4921f62fd3e4bf1cfa1b,0xae4543bbbcc1587fb180291f621b7a840992cce7,BUY,110290742709531333936637417418570910881285907663357514844586483587588568832794,0.003,110.0,1767249447
0x94ca2dbd355e36fe3e082aa8d5174d7353e75ad69792f910ad8d12aa8801d029_1767249543,0x2c3dce8515854f167dc523745a6b9d98d22ec9266d9f4921f62fd3e4bf1cfa1b,0x906c721040645c5e754135fa457e68e04575a80d,SELL,110290742709531333936637417418570910881285907663357514844586483587588568832794,0.001,850.0,1767249543
0x49dde45e749321a1a6d8d12cbf74ee015931e2ac5e08579c0128be176d6e7938_1767249549,0x2c3dce8515854f167dc523745a6b9d98d22ec9266d9f4921f62fd3e4bf1cfa1b,0xae4543bbbcc1587fb180291f621b7a840992cce7,BUY,110290742709531333936637417418570910881285907663357514844586483587588568832794,0.002,110.0,1767249549
0x5d6d8a221c809769f6a31819d7d81f71e21cdb79f60f66abb6b2f00ce2c15135_1767249601,0x2c3dce8515854f167dc523745a6b9d98d22ec9266d9f4921f62fd3e4bf1cfa1b,0x906c721040645c5e754135fa457e68e04575a80d,BUY,110290742709531333936637417418570910881285907663357514844586483587588568832794,0.0021582733828476785,463.333333,1767249601
0x34a2ff8543ba8fde18ea034783ec735f25ee2e105367d2595769fdd7c1780a99_1767250807,0x2c3dce8515854f167dc523745a6b9d98d22ec9266d9f4921f62fd3e4bf1cfa1b,0x2aacd459eaea420eb0d7b94c7b03238786c6dfad,SELL,86498068750018438192524977941980476748299785729870940867089250086714498791178,0.997,132.23,1767250807
0x54ddb117d15f632a93139a6975c1282858228cba4b45d831fd71193d4d585054_1767251013,0x2c3dce8515854f167dc523745a6b9d98d22ec9266d9f4921f62fd3e4bf1cfa1b,0xce720b24a33fe1305d2274fe2a36d466e0a5dd8b,SELL,86498068750018438192524977941980476748299785729870940867089250086714498791178,0.997,3.57,1767251013
0x9247078af22b688a36b13b9b43122a9d313f61be0341856bd58cbdd821dc1329_1767251219,0x2c3dce8515854f167dc523745a6b9d98d22ec9266d9f4921f62fd3e4bf1cfa1b,0x8f7a4b414417911e7e9bd738399874792cdbdb40,SELL,86498068750018438192524977941980476748299785729870940867089250086714498791178,0.997,5904.32,1767251219
0xc3321cbd7406c7b27679a869656d85104835130def09eebf3efd563444e877c5_1767251269,0x2c3dce8515854f167dc523745a6b9d98d22ec9266d9f4921f62fd3e4bf1cfa1b,0x8217b6c8878a4aa4ecc023608dbf91d4fac64936,SELL,86498068750018438192524977941980476748299785729870940867089250086714498791178,0.996,10.03,1767251269
0xead186c1c603bcfdf326279793175a3d07aecea5a28c71838fdfd458b8a11a82_1767251273,0x2c3dce8515854f167dc523745a6b9d98d22ec9266d9f4921f62fd3e4bf1cfa1b,0x43bc88f6e1c8102dd8fb3c324d58fcf85d479d6f,BUY,86498068750018438192524977941980476748299785729870940867089250086714498791178,0.999,1.001,1767251273
0x0180ba3a040800394ff854ba0e99c42a770928342d2c42caf34c810407ed6728_1767251275,0x2c3dce8515854f167dc523745a6b9d98d22ec9266d9f4921f62fd3e4bf1cfa1b,0x7c33a9135c1cf344a3524852138553f41233e721,BUY,86498068750018438192524977941980476748299785729870940867089250086714498791178,0.999,1.001,1767251275
0xfa911793098976ac39ef04e073e208049aaa8ef33a16d29aa3d8b49bbc1b7e07_1767251277,0x2c3dce8515854f167dc523745a6b9d98d22ec9266d9f4921f62fd3e4bf1cfa1b,0xed6fe7fb623fe9a01837fa309241581e186210ab,BUY,86498068750018438192524977941980476748299785729870940867089250086714498791178,0.999,1.481,1767251277
0xee9fb5d70b33acce4edecb83f08006b406bf1d782acb1a5a5a956741f303fb8d_1767251277,0x2c3dce8515854f167dc523745a6b9d98d22ec9266d9f4921f62fd3e4bf1cfa1b,0xcc90a67b2f27cbf288344fcb1458848e01bd9e95,BUY,86498068750018438192524977941980476748299785729870940867089250086714498791178,0.999,1.111,1767251277
0x8bac855679ff3db2b8243d0957d7cabf40b9c21b904d3d4562140787da601299_1767251277,0x2c3dce8515854f167dc523745a6b9d98d22ec9266d9f4921f62fd3e4bf1cfa1b,0x2b366034b69b64a444406b2db7ec1ff7869c473b,BUY,86498068750018438192524977941980476748299785729870940867089250086714498791178,0.999,1.001,1767251277
0x2f485452b489cbb14d991a205cbaafed9bd5aa3457e0ce11b2254f3cf5205450_1767251279,0x2c3dce8515854f167dc523745a6b9d98d22ec9266d9f4921f62fd3e4bf1cfa1b,0xae4543bbbcc1587fb180291f621b7a840992cce7,BUY,110290742709531333936637417418570910881285907663357514844586483587588568832794,0.004,110.0,1767251279
0x501fc470928f35d9d1394f3eac314f2e7ebdfd5e60ab772e9d57714ea690a9ac_1767251279,0x2c3dce8515854f167dc523745a6b9d98d22ec9266d9f4921f62fd3e4bf1cfa1b,0xae4543bbbcc1587fb180291f621b7a840992cce7,BUY,110290742709531333936637417418570910881285907663357514844586483587588568832794,0.004,110.0,1767251279
0xa35a34ea637b36cc2c73a528b6e64132ac4a2e694402b75f31bcad3d3da80922_1767251279,0x2c3dce8515854f167dc523745a6b9d98d22ec9266d9f4921f62fd3e4bf1cfa1b,0xb20bdfccff289b23cb0e6df825b1cfa724228da0,BUY,86498068750018438192524977941980476748299785729870940867089250086714498791178,0.999,9.989,1767251279
0xf341eb4ffc1734e1f26030f2d4ec64a7bcd178954684d27e47b202acfd11fb18_1767251283,0x2c3dce8515854f167dc523745a6b9d98d22ec9266d9f4921f62fd3e4bf1cfa1b,0x7c33a9135c1cf344a3524852138553f41233e721,BUY,86498068750018438192524977941980476748299785729870940867089250086714498791178,0.999,1.001,1767251283
0x655aad0b8d61a380cc2c95b0a965156bcf48e6d45b95365c582e72b88c3739f1_1767251285,0x2c3dce8515854f167dc523745a6b9d98d22ec9266d9f4921f62fd3e4bf1cfa1b,0xae4543bbbcc1587fb180291f621b7a840992cce7,BUY,110290742709531333936637417418570910881285907663357514844586483587588568832794,0.004,110.0,1767251285
0xff09a21e40e4d5849a271ce5b2fa7ed52ee1752dfcf6b2e8a202ac1b4f111e81_1767251285,0x2c3dce8515854f167dc523745a6b9d98d22ec9266d9f4921f62fd3e4bf1cfa1b,0xae4543bbbcc1587fb180291f621b7a840992cce7,BUY,110290742709531333936637417418570910881285907663357514844586483587588568832794,0.004,110.0,1767251285
0xc0d01918b6cdbf98ed811a680deb2aff084b9dd51cd9ed69075c082bf27af5fb_1767251285,0x2c3dce8515854f167dc523745a6b9d98d22ec9266d9f4921f62fd3e4bf1cfa1b,0xae4543bbbcc1587fb180291f621b7a840992cce7,BUY,110290742709531333936637417418570910881285907663357514844586483587588568832794,0.004,110.0,1767251285
0xc0c9f4f54546707588ad70c7b3f878488e270118506f49e7541b474de7cd4ad3_1767251285,0x2c3dce8515854f167dc523745a6b9d98d22ec9266d9f4921f62fd3e4bf1cfa1b,0xae4543bbbcc1587fb180291f621b7a840992cce7,BUY,110290742709531333936637417418570910881285907663357514844586483587588568832794,0.004,110.0,1767251285
0x2dc4629e67973a8beade37df81c619c3d29fc6589081da2ef268fc02dbb93788_1767251287,0x2c3dce8515854f167dc523745a6b9d98d22ec9266d9f4921f62fd3e4bf1cfa1b,0x2b366034b69b64a444406b2db7ec1ff7869c473b,BUY,86498068750018438192524977941980476748299785729870940867089250086714498791178,0.999,4.384,1767251287
0xc867ed80f49dcbac8815c1bec589d48c3afcdaffd29e53a3126afe5f7bd31f64_1767251287,0x2c3dce8515854f167dc523745a6b9d98d22ec9266d9f4921f62fd3e4bf1cfa1b,0x2b366034b69b64a444406b2db7ec1ff7869c473b,BUY,86498068750018438192524977941980476748299785729870940867089250086714498791178,0.999,4.384,1767251287
0xc4c8270cc42e942b0ef8a4eb5671250ee6ef3988be1fdb2917a4cbd164506497_1767251289,0x2c3dce8515854f167dc523745a6b9d98d22ec9266d9f4921f62fd3e4bf1cfa1b,0x7c33a9135c1cf344a3524852138553f41233e721,BUY,86498068750018438192524977941980476748299785729870940867089250086714498791178,0.999,1.001,1767251289
0x86b22b3b58ccc9c29cdd54e4b6fec5b527a77dff74a8c1a189d11b262e8887ae_1767251289,0x2c3dce8515854f167dc523745a6b9d98d22ec9266d9f4921f62fd3e4bf1cfa1b,0x7c33a9135c1cf344a3524852138553f41233e721,BUY,86498068750018438192524977941980476748299785729870940867089250086714498791178,0.999,1.001,1767251289
0x69e277b9854e3628e5277230d57bbfea9a27d82291700d254f3d7a19d779c539_1767251289,0x2c3dce8515854f167dc523745a6b9d98d22ec9266d9f4921f62fd3e4bf1cfa1b,0xae4543bbbcc1587fb180291f621b7a840992cce7,BUY,110290742709531333936637417418570910881285907663357514844586483587588568832794,0.004,110.0,1767251289
0xb20a67a278db18695bbc94f516c238be4c684693afd5fd17dde8b48a33092000_1767251289,0x2c3dce8515854f167dc523745a6b9d98d22ec9266d9f4921f62fd3e4bf1cfa1b,0xcc90a67b2f27cbf288344fcb1458848e01bd9e95,BUY,86498068750018438192524977941980476748299785729870940867089250086714498791178,0.999,10.96,1767251289
0x2164e99e96dc728c0a3ca2b011439ff216bcbb4a4de88f9054fa278bc9a1a76f_1767251293,0x2c3dce8515854f167dc523745a6b9d98d22ec9266d9f4921f62fd3e4bf1cfa1b,0x2b366034b69b64a444406b2db7ec1ff7869c473b,BUY,86498068750018438192524977941980476748299785729870940867089250086714498791178,0.999,4.384,1767251293
0x49df0260d4878912b70582be65c209e43dd59f02c34e07507be572358a486a5b_1767251293,0x2c3dce8515854f167dc523745a6b9d98d22ec9266d9f4921f62fd3e4bf1cfa1b,0x7c33a9135c1cf344a3524852138553f41233e721,BUY,86498068750018438192524977941980476748299785729870940867089250086714498791178,0.999,1.001,1767251293
0xa914aa7a2cfdb545a73abb6f41f1b0b40b8d1aa7bae33ecc9278890e6540ac8c_1767251295,0x2c3dce8515854f167dc523745a6b9d98d22ec9266d9f4921f62fd3e4bf1cfa1b,0x7c33a9135c1cf344a3524852138553f41233e721,BUY,86498068750018438192524977941980476748299785729870940867089250086714498791178,0.999,1.001,1767251295
0x4a037508448a0579714110e5bcebfe0b1fafb685a7ae88718383ec190061fb29_1767251295,0x2c3dce8515854f167dc523745a6b9d98d22ec9266d9f4921f62fd3e4bf1cfa1b,0x2b366034b69b64a444406b2db7ec1ff7869c473b,BUY,86498068750018438192524977941980476748299785729870940867089250086714498791178,0.999,4.384,1767251295
0xd7843516238251738d57f75e1b742fb13c2b1bf175975b1021e9a572c4c5b890_1767251295,0x2c3dce8515854f167dc523745a6b9d98d22ec9266d9f4921f62fd3e4bf1cfa1b,0x2b366034b69b64a444406b2db7ec1ff7869c473b,BUY,86498068750018438192524977941980476748299785729870940867089250086714498791178,0.999,4.384,1767251295
0x5aafdec5bf9de6df9ea3ae9dafa923ca6cb791f2a22c6538e90350a93819fc7a_1767251295,0x2c3dce8515854f167dc523745a6b9d98d22ec9266d9f4921f62fd3e4bf1cfa1b,0x2b366034b69b64a444406b2db7ec1ff7869c473b,BUY,86498068750018438192524977941980476748299785729870940867089250086714498791178,0.999,4.384,1767251295
0xd0cac8837770338eedb0819a7ee6f55f3ffac8a3e4d74fc695cc2b1204248e6e_1767251297,0x2c3dce8515854f167dc523745a6b9d98d22ec9266d9f4921f62fd3e4bf1cfa1b,0x2b366034b69b64a444406b2db7ec1ff7869c473b,BUY,86498068750018438192524977941980476748299785729870940867089250086714498791178,0.999,4.384,1767251297
0x942a8a55ccc74d146f399e7cf7ac58d61d6c3385f569f6084df9b066c91532ac_1767251301,0x2c3dce8515854f167dc523745a6b9d98d22ec9266d9f4921f62fd3e4bf1cfa1b,0x7c33a9135c1cf344a3524852138553f41233e721,BUY,86498068750018438192524977941980476748299785729870940867089250086714498791178,0.999,1.001,1767251301
0xf020a401a077bc3fd3c86c49a0c920480716659b3abbd4af9e86b134bda5ca09_1767251307,0x2c3dce8515854f167dc523745a6b9d98d22ec9266d9f4921f62fd3e4bf1cfa1b,0x7c33a9135c1cf344a3524852138553f41233e721,BUY,86498068750018438192524977941980476748299785729870940867089250086714498791178,0.999,1.001,1767251307
0xbc58c004c51607b0656dbc94729e36e66e558474097a1790829eadef1b42e88e_1767251333,0x2c3dce8515854f167dc523745a6b9d98d22ec9266d9f4921f62fd3e4bf1cfa1b,0xae4543bbbcc1587fb180291f621b7a840992cce7,BUY,110290742709531333936637417418570910881285907663357514844586483587588568832794,0.004,110.0,1767251333
0x097b75a41a612a65d4c657ff1d621986014b06787a95b7d452e44dd4b37a29eb_1767251333,0x2c3dce8515854f167dc523745a6b9d98d22ec9266d9f4921f62fd3e4bf1cfa1b,0xae4543bbbcc1587fb180291f621b7a840992cce7,BUY,110290742709531333936637417418570910881285907663357514844586483587588568832794,0.004,110.0,1767251333
0xf8ee6e77360fed0e69513ab40fc27072c0fbde18a34cfb5b0ad23b70e70e05ba_1767251333,0x2c3dce8515854f167dc523745a6b9d98d22ec9266d9f4921f62fd3e4bf1cfa1b,0xae4543bbbcc1587fb180291f621b7a840992cce7,BUY,110290742709531333936637417418570910881285907663357514844586483587588568832794,0.004,110.0,1767251333
0xc5c6c5d9d702abc4ad0ac71c28b528ff9fed08227a7ffaeb8f93dfe70ce2afd7_1767251333,0x2c3dce8515854f167dc523745a6b9d98d22ec9266d9f4921f62fd3e4bf1cfa1b,0xae4543bbbcc1587fb180291f621b7a840992cce7,BUY,110290742709531333936637417418570910881285907663357514844586483587588568832794,0.004,110.0,1767251333
0xd2530f5a218bd9182aad094db3b58ad1c556040d3e9f5f710a69c6e441e365fe_1767251333,0x2c3dce8515854f167dc523745a6b9d98d22ec9266d9f4921f62fd3e4bf1cfa1b,0xae4543bbbcc1587fb180291f621b7a840992cce7,BUY,110290742709531333936637417418570910881285907663357514844586483587588568832794,0.004,110.0,1767251333
0x8ecbe85696ce7811911ab0768ab0ff973419b299c05a4603c20e6306cd958f7e_1767251333,0x2c3dce8515854f167dc523745a6b9d98d22ec9266d9f4921f62fd3e4bf1cfa1b,0xae4543bbbcc1587fb180291f621b7a840992cce7,BUY,110290742709531333936637417418570910881285907663357514844586483587588568832794,0.004,110.0,1767251333
0xa46d11c48d3c948a2d685ae78e966417854c2c0dcdc9c58ea4e6036a414806e1_1767251333,0x2c3dce8515854f167dc523745a6b9d98d22ec9266d9f4921f62fd3e4bf1cfa1b,0xae4543bbbcc1587fb180291f621b7a840992cce7,BUY,110290742709531333936637417418570910881285907663357514844586483587588568832794,0.004,110.0,1767251333
0x073214db6890e16ee586521b2bff14b4f4e5000e8605122190623431f339cacf_1767251333,0x2c3dce8515854f167dc523745a6b9d98d22ec9266d9f4921f62fd3e4bf1cfa1b,0xae4543bbbcc1587fb180291f621b7a840992cce7,BUY,110290742709531333936637417418570910881285907663357514844586483587588568832794,0.004,110.0,1767251333
0x9aea48795eb133ce7072f4bbb4b64cf4421107e54ed3e44c6f9a5200239bca00_1767251333,0x2c3dce8515854f167dc523745a6b9d98d22ec9266d9f4921f62fd3e4bf1cfa1b,0xae4543bbbcc1587fb180291f621b7a840992cce7,BUY,110290742709531333936637417418570910881285907663357514844586483587588568832794,0.004,110.0,1767251333
0xb85af6ba807c7bcc85219d6a4c4390ed0a464a776da33979be2d62bb3fa88546_1767251333,0x2c3dce8515854f167dc523745a6b9d98d22ec9266d9f4921f62fd3e4bf1cfa1b,0xae4543bbbcc1587fb180291f621b7a840992cce7,BUY,110290742709531333936637417418570910881285907663357514844586483587588568832794,0.004,110.0,1767251333
0x6bcc2b485aa286319d5c9a1b66a33d0c2ab7d370dbf7ef76c4743cf06442e164_1767251333,0x2c3dce8515854f167dc523745a6b9d98d22ec9266d9f4921f62fd3e4bf1cfa1b,0xae4543bbbcc1587fb180291f621b7a840992cce7,BUY,110290742709531333936637417418570910881285907663357514844586483587588568832794,0.004,110.0,1767251333
0xfb6c23c0000f33671cc259a1c7a01b46e07c136188d6d3d829e788a3f1f56d7c_1767251335,0x2c3dce8515854f167dc523745a6b9d98d22ec9266d9f4921f62fd3e4bf1cfa1b,0xae4543bbbcc1587fb180291f621b7a840992cce7,BUY,110290742709531333936637417418570910881285907663357514844586483587588568832794,0.004,110.0,1767251335
0xdf85628e6826fb8dbdc083895cd31b2d727a5086b7e2ccaad6fda3f64fa290f2_1767251335,0x2c3dce8515854f167dc523745a6b9d98d22ec9266d9f4921f62fd3e4bf1cfa1b,0xae4543bbbcc1587fb180291f621b7a840992cce7,BUY,110290742709531333936637417418570910881285907663357514844586483587588568832794,0.004,110.0,1767251335
0x314e65af23c169173c68b7fbc94a05709e584136a5635f5e70f82f1f2a02c8dd_1767251335,0x2c3dce8515854f167dc523745a6b9d98d22ec9266d9f4921f62fd3e4bf1cfa1b,0xae4543bbbcc1587fb180291f621b7a840992cce7,BUY,110290742709531333936637417418570910881285907663357514844586483587588568832794,0.004,110.0,1767251335
0x8682bbe0293f024c1625656f37c9a4bca2d111e36c9e9ba21164e5a9d562476c_1767251339,0x2c3dce8515854f167dc523745a6b9d98d22ec9266d9f4921f62fd3e4bf1cfa1b,0x7c33a9135c1cf344a3524852138553f41233e721,BUY,86498068750018438192524977941980476748299785729870940867089250086714498791178,0.999,1.001,1767251339
0x6aca1fc10aa70e5a7786ff57750686fe5b1a6693ed88a6de5ab2c8f24e56523b_1767251339,0x2c3dce8515854f167dc523745a6b9d98d22ec9266d9f4921f62fd3e4bf1cfa1b,0x7c33a9135c1cf344a3524852138553f41233e721,BUY,86498068750018438192524977941980476748299785729870940867089250086714498791178,0.999,1.001,1767251339
0xd223ae424178b29258f7b4a63b08a3483b8ab5f33d59d00ea3c2a9c47145ddd8_1767251341,0x2c3dce8515854f167dc523745a6b9d98d22ec9266d9f4921f62fd3e4bf1cfa1b,0x2b366034b69b64a444406b2db7ec1ff7869c473b,BUY,86498068750018438192524977941980476748299785729870940867089250086714498791178,0.999,4.384,1767251341
0x82cddbdaff347ee92d4b46c1d848f95d6fcd513681fa074a306069f4925a0b5d_1767251343,0x2c3dce8515854f167dc523745a6b9d98d22ec9266d9f4921f62fd3e4bf1cfa1b,0x2b366034b69b64a444406b2db7ec1ff7869c473b,BUY,86498068750018438192524977941980476748299785729870940867089250086714498791178,0.999,4.384,1767251343
0x7d408fe27703b5f7a25a632f5bb6b6e5b955ec4f379fc58f2d631189b8c578f0_1767251343,0x2c3dce8515854f167dc523745a6b9d98d22ec9266d9f4921f62fd3e4bf1cfa1b,0x2b366034b69b64a444406b2db7ec1ff7869c473b,BUY,86498068750018438192524977941980476748299785729870940867089250086714498791178,0.999,4.384,1767251343
0x9e83e790e59219b12af9c0ae99751ba92d4f135d7cc8732d0e0549c5c3ddd529_1767251343,0x2c3dce8515854f167dc523745a6b9d98d22ec9266d9f4921f62fd3e4bf1cfa1b,0x2b366034b69b64a444406b2db7ec1ff7869c473b,BUY,86498068750018438192524977941980476748299785729870940867089250086714498791178,0.999,4.384,1767251343
0x6a374ec9d22848962f00cd956fd37086abab9dd6ce60f27ccfea654040926ec6_1767251343,0x2c3dce8515854f167dc523745a6b9d98d22ec9266d9f4921f62fd3e4bf1cfa1b,0x2b366034b69b64a444406b2db7ec1ff7869c473b,BUY,86498068750018438192524977941980476748299785729870940867089250086714498791178,0.999,4.384,1767251343
0x80303fea195d461bb2ca64b044ee438d528cb0657c5bede44119bba5ab90c8e1_1767251343,0x2c3dce8515854f167dc523745a6b9d98d22ec9266d9f4921f62fd3e4bf1cfa1b,0x2b366034b69b64a444406b2db7ec1ff7869c473b,BUY,86498068750018438192524977941980476748299785729870940867089250086714498791178,0.999,4.384,1767251343
0xcdc83565a189e5da064ae0c263c731c491772dd6b01694ddc142648ee05fb1c8_1767251343,0x2c3dce8515854f167dc523745a6b9d98d22ec9266d9f4921f62fd3e4bf1cfa1b,0x2b366034b69b64a444406b2db7ec1ff7869c473b,BUY,86498068750018438192524977941980476748299785729870940867089250086714498791178,0.999,4.384,1767251343
0x1b0eeeea102a06efcb1bfc53768efa043f2349224db84ce21330b9cbbd4aa1b5_1767251343,0x2c3dce8515854f167dc523745a6b9d98d22ec9266d9f4921f62fd3e4bf1cfa1b,0x2b366034b69b64a444406b2db7ec1ff7869c473b,BUY,86498068750018438192524977941980476748299785729870940867089250086714498791178,0.999,4.384,1767251343
0x9e9d09a784b1cc258445a518c932e2fdeedd8a87c472ccedac3fff074057c451_1767251343,0x2c3dce8515854f167dc523745a6b9d98d22ec9266d9f4921f62fd3e4bf1cfa1b,0x2b366034b69b64a444406b2db7ec1ff7869c473b,BUY,86498068750018438192524977941980476748299785729870940867089250086714498791178,0.999,4.384,1767251343
0xa8cb8eb988911dded67e08bf5bad890b1c7bd759bb24c88717a5c1466bdb9ec2_1767251343,0x2c3dce8515854f167dc523745a6b9d98d22ec9266d9f4921f62fd3e4bf1cfa1b,0x2b366034b69b64a444406b2db7ec1ff7869c473b,BUY,86498068750018438192524977941980476748299785729870940867089250086714498791178,0.999,4.384,1767251343
0x729909baa456ef5e215fda942118d1a486350ce6f6256501ca6d4fe02cba419a_1767251345,0x2c3dce8515854f167dc523745a6b9d98d22ec9266d9f4921f62fd3e4bf1cfa1b,0xae4543bbbcc1587fb180291f621b7a840992cce7,BUY,110290742709531333936637417418570910881285907663357514844586483587588568832794,0.004,110.0,1767251345
0xecda91671f7c62a0e57dd267128d4c8d691b28f8ba392ee468e74c69e539e755_1767251345,0x2c3dce8515854f167dc523745a6b9d98d22ec9266d9f4921f62fd3e4bf1cfa1b,0x7c33a9135c1cf344a3524852138553f41233e721,BUY,86498068750018438192524977941980476748299785729870940867089250086714498791178,0.999,1.001,1767251345
0xbbdcb7dc00e7d0601ee220525c0f0e42e511c2deec9a8a800c91956ab2283a20_1767251345,0x2c3dce8515854f167dc523745a6b9d98d22ec9266d9f4921f62fd3e4bf1cfa1b,0x2b366034b69b64a444406b2db7ec1ff7869c473b,BUY,86498068750018438192524977941980476748299785729870940867089250086714498791178,0.999,4.384,1767251345
0xc0ed86e55f794bd41385feb67fc6a654960ca413df7fa50b7c133373d7412111_1767251345,0x2c3dce8515854f167dc523745a6b9d98d22ec9266d9f4921f62fd3e4bf1cfa1b,0x2b366034b69b64a444406b2db7ec1ff7869c473b,BUY,86498068750018438192524977941980476748299785729870940867089250086714498791178,0.999,4.384,1767251345
0xe55b6d5b4b1ed1158a9a5f87e4455998331ed6e212c445e267c70f3b6b16178a_1767251345,0x2c3dce8515854f167dc523745a6b9d98d22ec9266d9f4921f62fd3e4bf1cfa1b,0x7c33a9135c1cf344a3524852138553f41233e721,BUY,86498068750018438192524977941980476748299785729870940867089250086714498791178,0.999,1.001,1767251345
0x017e75e33f8a72a8b0084222835cff46dad77e02ac092c69bbf4cacfd3a557d5_1767251345,0x2c3dce8515854f167dc523745a6b9d98d22ec9266d9f4921f62fd3e4bf1cfa1b,0x2b366034b69b64a444406b2db7ec1ff7869c473b,BUY,86498068750018438192524977941980476748299785729870940867089250086714498791178,0.999,4.384,1767251345
0x87d2ff9718ba5ecd65d57799f8c2d3eae4ea3a295e83b7450d9177282cf3db26_1767251345,0x2c3dce8515854f167dc523745a6b9d98d22ec9266d9f4921f62fd3e4bf1cfa1b,0xae4543bbbcc1587fb180291f621b7a840992cce7,BUY,110290742709531333936637417418570910881285907663357514844586483587588568832794,0.004,110.0,1767251345
0xbd4544c7bf10b33c9525e3e264191fbbca67fce3da1ded92c98e1e70ae2261b8_1767251347,0x2c3dce8515854f167dc523745a6b9d98d22ec9266d9f4921f62fd3e4bf1cfa1b,0xae4543bbbcc1587fb180291f621b7a840992cce7,BUY,110290742709531333936637417418570910881285907663357514844586483587588568832794,0.004,110.0,1767251347
0x5612039d8c4f55f75960c4b54755285d43ade0969b0047d7d5a79dd819fa7ea6_1767251347,0x2c3dce8515854f167dc523745a6b9d98d22ec9266d9f4921f62fd3e4bf1cfa1b,0xae4543bbbcc1587fb180291f621b7a840992cce7,BUY,110290742709531333936637417418570910881285907663357514844586483587588568832794,0.004,110.0,1767251347
0x50c438e156223a8e28abab85889efb7a8a51c92b12fe79e5d7073a51e564e3b9_1767251347,0x2c3dce8515854f167dc523745a6b9d98d22ec9266d9f4921f62fd3e4bf1cfa1b,0x2b366034b69b64a444406b2db7ec1ff7869c473b,BUY,86498068750018438192524977941980476748299785729870940867089250086714498791178,0.999,4.384,1767251347
0x87038fc718bfb953dcb5e9686f5203a3d6f61bee865baaf9c153d154619ef976_1767251347,0x2c3dce8515854f167dc523745a6b9d98d22ec9266d9f4921f62fd3e4bf1cfa1b,0xae4543bbbcc1587fb180291f621b7a840992cce7,BUY,110290742709531333936637417418570910881285907663357514844586483587588568832794,0.004,110.0,1767251347
0x6b55d17613653565832f5294a9bfd8994552c52be1bc6911e4793d8869394d98_1767251349,0x2c3dce8515854f167dc523745a6b9d98d22ec9266d9f4921f62fd3e4bf1cfa1b,0x7c33a9135c1cf344a3524852138553f41233e721,BUY,86498068750018438192524977941980476748299785729870940867089250086714498791178,0.999,1.001,1767251349
0x108a93876b5ac653a727cc3bbd7693bf98c229311c920f5ad356f66e9fab1c44_1767251349,0x2c3dce8515854f167dc523745a6b9d98d22ec9266d9f4921f62fd3e4bf1cfa1b,0xae4543bbbcc1587fb180291f621b7a840992cce7,BUY,110290742709531333936637417418570910881285907663357514844586483587588568832794,0.004,110.0,1767251349
0xb81d6052abc533eef31358006350d56cad435c69562729e6e4e3518bf6b9b8b1_1767251349,0x2c3dce8515854f167dc523745a6b9d98d22ec9266d9f4921f62fd3e4bf1cfa1b,0xae4543bbbcc1587fb180291f621b7a840992cce7,BUY,110290742709531333936637417418570910881285907663357514844586483587588568832794,0.004,110.0,1767251349
0xd8a69525f0db8364312e495b7a5c0aa1866dd9fa11cf93ef322ed38023f851b6_1767251349,0x2c3dce8515854f167dc523745a6b9d98d22ec9266d9f4921f62fd3e4bf1cfa1b,0xae4543bbbcc1587fb180291f621b7a840992cce7,BUY,110290742709531333936637417418570910881285907663357514844586483587588568832794,0.004,110.0,1767251349
0x63388a46c00f5454451c8cc9d79c727a37201b1ddf10a8c4ef05a24a2c308dee_1767251349,0x2c3dce8515854f167dc523745a6b9d98d22ec9266d9f4921f62fd3e4bf1cfa1b,0xae4543bbbcc1587fb180291f621b7a840992cce7,BUY,110290742709531333936637417418570910881285907663357514844586483587588568832794,0.004,110.0,1767251349
0x7b869ff29e612f5d754cdda9d35bd684eb2464f64ff5a100e7a704b025a357f9_1767251349,0x2c3dce8515854f167dc523745a6b9d98d22ec9266d9f4921f62fd3e4bf1cfa1b,0xae4543bbbcc1587fb180291f621b7a840992cce7,BUY,110290742709531333936637417418570910881285907663357514844586483587588568832794,0.004,110.0,1767251349
0x4e7b45046b10e9e610d0d669fd6e3be2029bc8f5202a7687f0470c83c4e7f93c_1767251349,0x2c3dce8515854f167dc523745a6b9d98d22ec9266d9f4921f62fd3e4bf1cfa1b,0xae4543bbbcc1587fb180291f621b7a840992cce7,BUY,110290742709531333936637417418570910881285907663357514844586483587588568832794,0.004,110.0,1767251349
0x83415890326744c5aacca23fb8e02d2c61575e0ad62b4b73be2bc9f978ef9d0d_1767251349,0x2c3dce8515854f167dc523745a6b9d98d22ec9266d9f4921f62fd3e4bf1cfa1b,0xae4543bbbcc1587fb180291f621b7a840992cce7,BUY,110290742709531333936637417418570910881285907663357514844586483587588568832794,0.004,110.0,1767251349
0x58dd795ee7bd25dfd3c8be051e14a264bf28f3683eef07302be7ee105a5d2da9_1767251351,0x2c3dce8515854f167dc523745a6b9d98d22ec9266d9f4921f62fd3e4bf1cfa1b,0xae4543bbbcc1587fb180291f621b7a840992cce7,BUY,110290742709531333936637417418570910881285907663357514844586483587588568832794,0.004,110.0,1767251351
0xd151745cb8c7235601b87499dba50dcf7932ec045d98ca989219070a18ce41c9_1767251351,0x2c3dce8515854f167dc523745a6b9d98d22ec9266d9f4921f62fd3e4bf1cfa1b,0xae4543bbbcc1587fb180291f621b7a840992cce7,BUY,110290742709531333936637417418570910881285907663357514844586483587588568832794,0.004,110.0,1767251351
0x031f3e7875d5d00d2c7633a49f89f4218bd02ea842c78a36b9198c1722227d3d_1767251351,0x2c3dce8515854f167dc523745a6b9d98d22ec9266d9f4921f62fd3e4bf1cfa1b,0x7c33a9135c1cf344a3524852138553f41233e721,BUY,86498068750018438192524977941980476748299785729870940867089250086714498791178,0.999,1.001,1767251351
0xac1fc6a37ab94c677d9e5156895152a6bbf067944ddb040e46592229ccd926a0_1767251351,0x2c3dce8515854f167dc523745a6b9d98d22ec9266d9f4921f62fd3e4bf1cfa1b,0xae4543bbbcc1587fb180291f621b7a840992cce7,BUY,110290742709531333936637417418570910881285907663357514844586483587588568832794,0.004,110.0,1767251351
0x5244af5d45de4ad37120b9ea8c6a2210037fe47775ba1f367083e59d777c6ac9_1767251351,0x2c3dce8515854f167dc523745a6b9d98d22ec9266d9f4921f62fd3e4bf1cfa1b,0x7c33a9135c1cf344a3524852138553f41233e721,BUY,86498068750018438192524977941980476748299785729870940867089250086714498791178,0.999,1.001,1767251351
0xe2b068ebc029a3b330eecd507758e968719c04d2ff4c8b308676226f3585dd12_1767251351,0x2c3dce8515854f167dc523745a6b9d98d22ec9266d9f4921f62fd3e4bf1cfa1b,0xae4543bbbcc1587fb180291f621b7a840992cce7,BUY,110290742709531333936637417418570910881285907663357514844586483587588568832794,0.004,110.0,1767251351
0x20d02c857adb524342512c232489cd58c3cc2b7bf4c0f935c51f2148b293ed27_1767251351,0x2c3dce8515854f167dc523745a6b9d98d22ec9266d9f4921f62fd3e4bf1cfa1b,0xae4543bbbcc1587fb180291f621b7a840992cce7,BUY,110290742709531333936637417418570910881285907663357514844586483587588568832794,0.004,110.0,1767251351
0x6c35f95dff6d2acbe1a80da49d0ec71023ceeac241e1351b25b04cba6ce20b9c_1767251351,0x2c3dce8515854f167dc523745a6b9d98d22ec9266d9f4921f62fd3e4bf1cfa1b,0x7c33a9135c1cf344a3524852138553f41233e721,BUY,86498068750018438192524977941980476748299785729870940867089250086714498791178,0.999,1.001,1767251351
0xa117923e7f744bb047e8655a99cbbc3939a84d0fb6e536420215b99ee2e596b7_1767251353,0x2c3dce8515854f167dc523745a6b9d98d22ec9266d9f4921f62fd3e4bf1cfa1b,0xae4543bbbcc1587fb180291f621b7a840992cce7,BUY,110290742709531333936637417418570910881285907663357514844586483587588568832794,0.004,110.0,1767251353
0xb4085439b4a0e0e9722d4e290da5dfc3312df0f0311264da26f6f5918b1318fe_1767251355,0x2c3dce8515854f167dc523745a6b9d98d22ec9266d9f4921f62fd3e4bf1cfa1b,0x2b366034b69b64a444406b2db7ec1ff7869c473b,BUY,86498068750018438192524977941980476748299785729870940867089250086714498791178,0.999,4.384,1767251355
0x0e9e90259558ca111a8395f36d7b5da9b2458d11575d31b3cfa25426ec71d05a_1767251355,0x2c3dce8515854f167dc523745a6b9d98d22ec9266d9f4921f62fd3e4bf1cfa1b,0xae4543bbbcc1587fb180291f621b7a840992cce7,BUY,110290742709531333936637417418570910881285907663357514844586483587588568832794,0.004,110.0,1767251355
0x93b3fce0187679cb63255570e1d0aeb04ded7a50027e0ff6c0016419a15d9924_1767251355,0x2c3dce8515854f167dc523745a6b9d98d22ec9266d9f4921f62fd3e4bf1cfa1b,0x2b366034b69b64a444406b2db7ec1ff7869c473b,BUY,86498068750018438192524977941980476748299785729870940867089250086714498791178,0.999,4.384,1767251355
0x82d101a7cbfdc65c527abbe5df495f5ff095b2772abdb0914ed8ab59e477552b_1767251355,0x2c3dce8515854f167dc523745a6b9d98d22ec9266d9f4921f62fd3e4bf1cfa1b,0x2b366034b69b64a444406b2db7ec1ff7869c473b,BUY,86498068750018438192524977941980476748299785729870940867089250086714498791178,0.999,4.384,1767251355
0xc062bb2fd57b074d42b535bd5a2e3c35ed351ec18c73266185e3cfda07219eb5_1767251355,0x2c3dce8515854f167dc523745a6b9d98d22ec9266d9f4921f62fd3e4bf1cfa1b,0x2b366034b69b64a444406b2db7ec1ff7869c473b,BUY,86498068750018438192524977941980476748299785729870940867089250086714498791178,0.999,4.384,1767251355
0xb54ea69677fa5987306ea4296414972c30fa9565f200f1343a54c8616fe8d779_1767251355,0x2c3dce8515854f167dc523745a6b9d98d22ec9266d9f4921f62fd3e4bf1cfa1b,0x7c33a9135c1cf344a3524852138553f41233e721,BUY,86498068750018438192524977941980476748299785729870940867089250086714498791178,0.999,1.001,1767251355
0x4cbfc06359cddf755c8f0198c23b7adccbd9641b3e77688c42e2bb0dd76da005_1767251355,0x2c3dce8515854f167dc523745a6b9d98d22ec9266d9f4921f62fd3e4bf1cfa1b,0x2b366034b69b64a444406b2db7ec1ff7869c473b,BUY,86498068750018438192524977941980476748299785729870940867089250086714498791178,0.999,4.384,1767251355
0xf9213ad564282d40a880af2c6a96f7288b447809397ccc49e9ec61b0f27a8b64_1767251355,0x2c3dce8515854f167dc523745a6b9d98d22ec9266d9f4921f62fd3e4bf1cfa1b,0xae4543bbbcc1587fb180291f621b7a840992cce7,BUY,110290742709531333936637417418570910881285907663357514844586483587588568832794,0.004,110.0,1767251355
0x174a1e7a234d2cb6641ba5e79fc9d9a74d80721c49fb3da04661ab89961ec1ab_1767251355,0x2c3dce8515854f167dc523745a6b9d98d22ec9266d9f4921f62fd3e4bf1cfa1b,0x7c33a9135c1cf344a3524852138553f41233e721,BUY,86498068750018438192524977941980476748299785729870940867089250086714498791178,0.999,1.001,1767251355
0xbb7f58838513e8bb7ad37673dee17ea8d66887bfba3b6d9a37742691c9fa7cd1_1767251357,0x2c3dce8515854f167dc523745a6b9d98d22ec9266d9f4921f62fd3e4bf1cfa1b,0x7c33a9135c1cf344a3524852138553f41233e721,BUY,86498068750018438192524977941980476748299785729870940867089250086714498791178,0.999,1.001,1767251357
0x63fcf885f8da0d4b9b6bc1a3ec026114e3643a8be2ae842752edcfc45e8f1b8d_1767251357,0x2c3dce8515854f167dc523745a6b9d98d22ec9266d9f4921f62fd3e4bf1cfa1b,0x2b366034b69b64a444406b2db7ec1ff7869c473b,BUY,86498068750018438192524977941980476748299785729870940867089250086714498791178,0.999,4.384,1767251357
0x238ebc191f783197119f0e5b0d69f2ceb0f168f5c7d4b30fc05bd0345dfa8767_1767251357,0x2c3dce8515854f167dc523745a6b9d98d22ec9266d9f4921f62fd3e4bf1cfa1b,0x2b366034b69b64a444406b2db7ec1ff7869c473b,BUY,86498068750018438192524977941980476748299785729870940867089250086714498791178,0.999,4.384,1767251357
0xd88aa556526f069f8abd2e8e61f67224f20ee1f19a4fb60283deee727e1fd4bc_1767251357,0x2c3dce8515854f167dc523745a6b9d98d22ec9266d9f4921f62fd3e4bf1cfa1b,0x2b366034b69b64a444406b2db7ec1ff7869c473b,BUY,86498068750018438192524977941980476748299785729870940867089250086714498791178,0.999,4.384,1767251357
0x67a4d3bd1519abe086cf0c399e87e1575e2b40149695c24b70e155f882f33b7c_1767251357,0x2c3dce8515854f167dc523745a6b9d98d22ec9266d9f4921f62fd3e4bf1cfa1b,0x7c33a9135c1cf344a3524852138553f41233e721,BUY,86498068750018438192524977941980476748299785729870940867089250086714498791178,0.999,1.001,1767251357
0xd19e8e1b588af5b6e16de52a8dacd17dc1765672e3791ca4b9ff8cac24c417cd_1767251357,0x2c3dce8515854f167dc523745a6b9d98d22ec9266d9f4921f62fd3e4bf1cfa1b,0xae4543bbbcc1587fb180291f621b7a840992cce7,BUY,110290742709531333936637417418570910881285907663357514844586483587588568832794,0.004,110.0,1767251357
0x41f7dce7fafbd3da5c782706a47111c0aee9800f660da7c730ad10ebaebc8184_1767251357,0x2c3dce8515854f167dc523745a6b9d98d22ec9266d9f4921f62fd3e4bf1cfa1b,0x7c33a9135c1cf344a3524852138553f41233e721,BUY,86498068750018438192524977941980476748299785729870940867089250086714498791178,0.999,1.001,1767251357
0x9ba9d1172c2017be67828402c8cdf2a6775bfed31efa53c840150a1f2806a63b_1767251357,0x2c3dce8515854f167dc523745a6b9d98d22ec9266d9f4921f62fd3e4bf1cfa1b,0x7c33a9135c1cf344a3524852138553f41233e721,BUY,86498068750018438192524977941980476748299785729870940867089250086714498791178,0.999,1.001,1767251357
0x9b9fb11b5e361918443aaa3e9a0249a85b795c11060a5a9bb352aa6d1a4026a8_1767251357,0x2c3dce8515854f167dc523745a6b9d98d22ec9266d9f4921f62fd3e4bf1cfa1b,0xae4543bbbcc1587fb180291f621b7a840992cce7,BUY,110290742709531333936637417418570910881285907663357514844586483587588568832794,0.004,110.0,1767251357
0xf706be60b8c0aa68d668a23eddd4310e12f5482418471674dc81e0cd1ea74af6_1767251359,0x2c3dce8515854f167dc523745a6b9d98d22ec9266d9f4921f62fd3e4bf1cfa1b,0xae4543bbbcc1587fb180291f621b7a840992cce7,BUY,110290742709531333936637417418570910881285907663357514844586483587588568832794,0.004,110.0,1767251359
0x5bc06c9b7c58e2565ec07f7ef9163a17bb3f23a0c4fe1007485171f15e98f402_1767251359,0x2c3dce8515854f167dc523745a6b9d98d22ec9266d9f4921f62fd3e4bf1cfa1b,0x2b366034b69b64a444406b2db7ec1ff7869c473b,BUY,86498068750018438192524977941980476748299785729870940867089250086714498791178,0.999,4.384,1767251359
0x4526da4eb6a372fd8e323c7445b9d49c6d98869320650a10629f95a3e34a388f_1767251359,0x2c3dce8515854f167dc523745a6b9d98d22ec9266d9f4921f62fd3e4bf1cfa1b,0x2b366034b69b64a444406b2db7ec1ff7869c473b,BUY,86498068750018438192524977941980476748299785729870940867089250086714498791178,0.999,4.384,1767251359
0xc050b0b10ef2e46ebfa0f904b13b94fc4eb68f07a8c4d192d413726e690052ae_1767251359,0x2c3dce8515854f167dc523745a6b9d98d22ec9266d9f4921f62fd3e4bf1cfa1b,0x2b366034b69b64a444406b2db7ec1ff7869c473b,BUY,86498068750018438192524977941980476748299785729870940867089250086714498791178,0.999,4.384,1767251359
0xb7ab172d1bbe6487d7c414c1f30a0ce8d9f6407f5e675f9f729441413ddaa27e_1767251359,0x2c3dce8515854f167dc523745a6b9d98d22ec9266d9f4921f62fd3e4bf1cfa1b,0x2b366034b69b64a444406b2db7ec1ff7869c473b,BUY,86498068750018438192524977941980476748299785729870940867089250086714498791178,0.999,4.384,1767251359
0x7880c89a31efd77e0c887831365371a24c9c3f70fb5636f2a3963604d39588cd_1767251359,0x2c3dce8515854f167dc523745a6b9d98d22ec9266d9f4921f62fd3e4bf1cfa1b,0x2b366034b69b64a444406b2db7ec1ff7869c473b,BUY,86498068750018438192524977941980476748299785729870940867089250086714498791178,0.999,4.384,1767251359
0x6978f2ea7faf6bc130bba9b0d914cc433b56abb1c6902c4980d4a3f9547e11ac_1767251359,0x2c3dce8515854f167dc523745a6b9d98d22ec9266d9f4921f62fd3e4bf1cfa1b,0xae4543bbbcc1587fb180291f621b7a840992cce7,BUY,110290742709531333936637417418570910881285907663357514844586483587588568832794,0.004,110.0,1767251359
0x5a1986863f0da71340da2e729c491b14ddab43f4654a68681c5b7be131c9ee3e_1767251359,0x2c3dce8515854f167dc523745a6b9d98d22ec9266d9f4921f62fd3e4bf1cfa1b,0xae4543bbbcc1587fb180291f621b7a840992cce7,BUY,110290742709531333936637417418570910881285907663357514844586483587588568832794,0.004,110.0,1767251359
0x7c2d0194793e6dea67f6eeebcee11aba81ccb179bbe1a6c355f580a14fd2e0cb_1767251359,0x2c3dce8515854f167dc523745a6b9d98d22ec9266d9f4921f62fd3e4bf1cfa1b,0x7c33a9135c1cf344a3524852138553f41233e721,BUY,86498068750018438192524977941980476748299785729870940867089250086714498791178,0.999,1.001,1767251359
0x473528ec8cd6910982286f0dbf6eb82f913b153d38301eba70ce347ff7b35536_1767251361,0x2c3dce8515854f167dc523745a6b9d98d22ec9266d9f4921f62fd3e4bf1cfa1b,0x7c33a9135c1cf344a3524852138553f41233e721,BUY,86498068750018438192524977941980476748299785729870940867089250086714498791178,0.999,1.001,1767251361
0x293d58bf36b2c2882f2e760637d539f7d3295e8c6fdd12c25390aad7495bf0c2_1767251361,0x2c3dce8515854f167dc523745a6b9d98d22ec9266d9f4921f62fd3e4bf1cfa1b,0x2b366034b69b64a444406b2db7ec1ff7869c473b,BUY,86498068750018438192524977941980476748299785729870940867089250086714498791178,0.999,4.384,1767251361
0xa031e95b7dabe4be901dd624ff249c87aa64fbfb7def348a3acf6ec2b94073d1_1767251361,0x2c3dce8515854f167dc523745a6b9d98d22ec9266d9f4921f62fd3e4bf1cfa1b,0x2b366034b69b64a444406b2db7ec1ff7869c473b,BUY,86498068750018438192524977941980476748299785729870940867089250086714498791178,0.999,4.384,1767251361
0x837e15b0557c5d063428ef44e526e856ec8274feb1e41f1792e52aa6f0dba463_1767251361,0x2c3dce8515854f167dc523745a6b9d98d22ec9266d9f4921f62fd3e4bf1cfa1b,0x2b366034b69b64a444406b2db7ec1ff7869c473b,BUY,86498068750018438192524977941980476748299785729870940867089250086714498791178,0.999,4.384,1767251361
0x536cc8a65d87f4a449a653eba0c098868d1598d7dfbd70c0c6c8caf1abe4c9e2_1767251361,0x2c3dce8515854f167dc523745a6b9d98d22ec9266d9f4921f62fd3e4bf1cfa1b,0x2b366034b69b64a444406b2db7ec1ff7869c473b,BUY,86498068750018438192524977941980476748299785729870940867089250086714498791178,0.999,4.384,1767251361
0x215ee039d76edce86a81406a19dc5cd69589914614c0b3f9361d120fde24ef86_1767251361,0x2c3dce8515854f167dc523745a6b9d98d22ec9266d9f4921f62fd3e4bf1cfa1b,0xae4543bbbcc1587fb180291f621b7a840992cce7,BUY,110290742709531333936637417418570910881285907663357514844586483587588568832794,0.004,110.0,1767251361
0x5842b641f4b39f605650a60186da4712b0266535d8b0b875f078935474292128_1767251361,0x2c3dce8515854f167dc523745a6b9d98d22ec9266d9f4921f62fd3e4bf1cfa1b,0xae4543bbbcc1587fb180291f621b7a840992cce7,BUY,110290742709531333936637417418570910881285907663357514844586483587588568832794,0.004,110.0,1767251361
0xd3e65126420d7f5656672623a7eddde53506ee56d7f07d7638786232d6004d94_1767251361,0x2c3dce8515854f167dc523745a6b9d98d22ec9266d9f4921f62fd3e4bf1cfa1b,0xae4543bbbcc1587fb180291f621b7a840992cce7,BUY,110290742709531333936637417418570910881285907663357514844586483587588568832794,0.004,110.0,1767251361
0x315367c2aebbae9aef3b0b9cbbc1df77a7a57f11b3463ffb1b55c66f3914117f_1767251361,0x2c3dce8515854f167dc523745a6b9d98d22ec9266d9f4921f62fd3e4bf1cfa1b,0xae4543bbbcc1587fb180291f621b7a840992cce7,BUY,110290742709531333936637417418570910881285907663357514844586483587588568832794,0.004,110.0,1767251361
0x1f0622f2cc96527d512bdb1b3d7d369a097391bea14b08e4221b7d02c8a14b92_1767251361,0x2c3dce8515854f167dc523745a6b9d98d22ec9266d9f4921f62fd3e4bf1cfa1b,0x2b366034b69b64a444406b2db7ec1ff7869c473b,BUY,86498068750018438192524977941980476748299785729870940867089250086714498791178,0.999,4.384,1767251361
0x49ed5b260158c89cf21877e706849855f522b9c7988f77def70fa006e7e2bfe7_1767251363,0x2c3dce8515854f167dc523745a6b9d98d22ec9266d9f4921f62fd3e4bf1cfa1b,0x7c33a9135c1cf344a3524852138553f41233e721,BUY,86498068750018438192524977941980476748299785729870940867089250086714498791178,0.999,1.001,1767251363
0xddce69df32b70c029d25c438420c9a211c31fe1a2a279c412d74a96ca5dc9686_1767251363,0x2c3dce8515854f167dc523745a6b9d98d22ec9266d9f4921f62fd3e4bf1cfa1b,0xae4543bbbcc1587fb180291f621b7a840992cce7,BUY,110290742709531333936637417418570910881285907663357514844586483587588568832794,0.004,110.0,1767251363
0x130c5a2447a1e5c428d341a75e0f9f009edd06f5c6c2118e1baf09247f94f52a_1767251363,0x2c3dce8515854f167dc523745a6b9d98d22ec9266d9f4921f62fd3e4bf1cfa1b,0x7c33a9135c1cf344a3524852138553f41233e721,BUY,86498068750018438192524977941980476748299785729870940867089250086714498791178,0.999,1.001,1767251363
0x61250870b93738963ac44dde962c7748689e22525c4190a18b8886e8a106c049_1767251363,0x2c3dce8515854f167dc523745a6b9d98d22ec9266d9f4921f62fd3e4bf1cfa1b,0x7c33a9135c1cf344a3524852138553f41233e721,BUY,86498068750018438192524977941980476748299785729870940867089250086714498791178,0.999,1.001,1767251363
0xcd56b5682accb72338b127500a981bdc7f8165de07ee03fa9c0b47a22ec76a91_1767251363,0x2c3dce8515854f167dc523745a6b9d98d22ec9266d9f4921f62fd3e4bf1cfa1b,0xae4543bbbcc1587fb180291f621b7a840992cce7,BUY,110290742709531333936637417418570910881285907663357514844586483587588568832794,0.004,110.0,1767251363
0xa86d72ac5be59ebaf608a6c51a8fd6f10f8c2cdd75dc492c0a4f4263d0f070d3_1767251363,0x2c3dce8515854f167dc523745a6b9d98d22ec9266d9f4921f62fd3e4bf1cfa1b,0xae4543bbbcc1587fb180291f621b7a840992cce7,BUY,110290742709531333936637417418570910881285907663357514844586483587588568832794,0.004,110.0,1767251363
0xf69e534f23515d8744d1dbc2b6cd1709b32fa49d677e8c93ad1489895f512303_1767251363,0x2c3dce8515854f167dc523745a6b9d98d22ec9266d9f4921f62fd3e4bf1cfa1b,0x2b366034b69b64a444406b2db7ec1ff7869c473b,BUY,86498068750018438192524977941980476748299785729870940867089250086714498791178,0.999,4.384,1767251363
0xf8a6da96ba71fdf722e70d81748ab07dbc1302185a1256814036cc1a6044329b_1767251363,0x2c3dce8515854f167dc523745a6b9d98d22ec9266d9f4921f62fd3e4bf1cfa1b,0xae4543bbbcc1587fb180291f621b7a840992cce7,BUY,110290742709531333936637417418570910881285907663357514844586483587588568832794,0.004,110.0,1767251363
0x9d884fabce43d5303caa6f27be0d3f318b728a5b71380d4f67ef1ed5e2b6c6c2_1767251363,0x2c3dce8515854f167dc523745a6b9d98d22ec9266d9f4921f62fd3e4bf1cfa1b,0x7c33a9135c1cf344a3524852138553f41233e721,BUY,86498068750018438192524977941980476748299785729870940867089250086714498791178,0.999,1.001,1767251363
0x8b4f0bba42b4b39d611d2349bd2d533f844e344fecbef723e02694e87e5bc614_1767251363,0x2c3dce8515854f167dc523745a6b9d98d22ec9266d9f4921f62fd3e4bf1cfa1b,0xae4543bbbcc1587fb180291f621b7a840992cce7,BUY,110290742709531333936637417418570910881285907663357514844586483587588568832794,0.004,110.0,1767251363
0x6709b49564c30d64c961d6978b9aa2a1ed8e54d78d24e9d274407ca440858d85_1767251363,0x2c3dce8515854f167dc523745a6b9d98d22ec9266d9f4921f62fd3e4bf1cfa1b,0xae4543bbbcc1587fb180291f621b7a840992cce7,BUY,110290742709531333936637417418570910881285907663357514844586483587588568832794,0.004,110.0,1767251363
0x84124917d8008595014e437ba643fd4528a787ea61ef0d82c3e262b0ede6caa4_1767251363,0x2c3dce8515854f167dc523745a6b9d98d22ec9266d9f4921f62fd3e4bf1cfa1b,0xae4543bbbcc1587fb180291f621b7a840992cce7,BUY,110290742709531333936637417418570910881285907663357514844586483587588568832794,0.004,110.0,1767251363
0x75525b76a2d8650620000ff7163faa04dd307606e15b51d50c5db4c22365a5d7_1767251363,0x2c3dce8515854f167dc523745a6b9d98d22ec9266d9f4921f62fd3e4bf1cfa1b,0xae4543bbbcc1587fb180291f621b7a840992cce7,BUY,110290742709531333936637417418570910881285907663357514844586483587588568832794,0.004,110.0,1767251363
0x2cf728d1b0306b327b4dc3a7b9dfd45e5117d91e8aaef77bfeacf24d59eacaba_1767251363,0x2c3dce8515854f167dc523745a6b9d98d22ec9266d9f4921f62fd3e4bf1cfa1b,0x7c33a9135c1cf344a3524852138553f41233e721,BUY,86498068750018438192524977941980476748299785729870940867089250086714498791178,0.999,1.001,1767251363
0xfda1aef6dfb40e3a11489a3a69e4c2ad2e564d0b23e98cb427de16423f437804_1767251363,0x2c3dce8515854f167dc523745a6b9d98d22ec9266d9f4921f62fd3e4bf1cfa1b,0x7c33a9135c1cf344a3524852138553f41233e721,BUY,86498068750018438192524977941980476748299785729870940867089250086714498791178,0.999,1.001,1767251363
0xccd95b4d4b8b904db4c00fbfdcfc79e19b6c3d6def22057d410bf6fd08cf277b_1767251363,0x2c3dce8515854f167dc523745a6b9d98d22ec9266d9f4921f62fd3e4bf1cfa1b,0xae4543bbbcc1587fb180291f621b7a840992cce7,BUY,110290742709531333936637417418570910881285907663357514844586483587588568832794,0.004,110.0,1767251363
0xf5c6f9908d9350514f9ff6510c7c469923e06974d2d8d32dbf4b8287d27aab66_1767251363,0x2c3dce8515854f167dc523745a6b9d98d22ec9266d9f4921f62fd3e4bf1cfa1b,0xae4543bbbcc1587fb180291f621b7a840992cce7,BUY,110290742709531333936637417418570910881285907663357514844586483587588568832794,0.004,110.0,1767251363
0xd9288bac4355ebb0fc23b4a3da52c5fa7c3bb1b4a80953cbdcd6002804a6baa5_1767251363,0x2c3dce8515854f167dc523745a6b9d98d22ec9266d9f4921f62fd3e4bf1cfa1b,0x2b366034b69b64a444406b2db7ec1ff7869c473b,BUY,86498068750018438192524977941980476748299785729870940867089250086714498791178,0.999,4.384,1767251363
0x4dcb7220582e4ed9eda7b055358e5abcabaf0fd6496c7a1cb769eea405aa81b5_1767251365,0x2c3dce8515854f167dc523745a6b9d98d22ec9266d9f4921f62fd3e4bf1cfa1b,0x2b366034b69b64a444406b2db7ec1ff7869c473b,BUY,86498068750018438192524977941980476748299785729870940867089250086714498791178,0.999,4.384,1767251365
0x5333ca5ca49383dd2a3316889d123c80cf53434417e6528234ddc11f3c3ab02e_1767251365,0x2c3dce8515854f167dc523745a6b9d98d22ec9266d9f4921f62fd3e4bf1cfa1b,0xae4543bbbcc1587fb180291f621b7a840992cce7,BUY,110290742709531333936637417418570910881285907663357514844586483587588568832794,0.004,110.0,1767251365
0x878cdacd368ee08beed4ea72e8143e7619569d46eb6b1664ba3aa18cfbc93f83_1767251365,0x2c3dce8515854f167dc523745a6b9d98d22ec9266d9f4921f62fd3e4bf1cfa1b,0xae4543bbbcc1587fb180291f621b7a840992cce7,BUY,110290742709531333936637417418570910881285907663357514844586483587588568832794,0.004,110.0,1767251365
0x0f9e2301c0d74f4826f68f0ab823b39764873a2055401ec90788daf58eec8fc3_1767251365,0x2c3dce8515854f167dc523745a6b9d98d22ec9266d9f4921f62fd3e4bf1cfa1b,0xae4543bbbcc1587fb180291f621b7a840992cce7,BUY,110290742709531333936637417418570910881285907663357514844586483587588568832794,0.004,110.0,1767251365
0x08da0ab28cb9badb5a9701574cd04b8241c4ab33b273b6cce0fa94e47970ee80_1767251365,0x2c3dce8515854f167dc523745a6b9d98d22ec9266d9f4921f62fd3e4bf1cfa1b,0xae4543bbbcc1587fb180291f621b7a840992cce7,BUY,110290742709531333936637417418570910881285907663357514844586483587588568832794,0.004,110.0,1767251365
0x6a5fee78b358daaee35b58bbe50b3e74ecd80670c0d69abd54fa7d43995f8153_1767251367,0x2c3dce8515854f167dc523745a6b9d98d22ec9266d9f4921f62fd3e4bf1cfa1b,0x7c33a9135c1cf344a3524852138553f41233e721,BUY,86498068750018438192524977941980476748299785729870940867089250086714498791178,0.999,1.001,1767251367
0x8ed34f922e7ddf02ab84b073083cf25491a50fab66c36e329fb485065facd62d_1767251367,0x2c3dce8515854f167dc523745a6b9d98d22ec9266d9f4921f62fd3e4bf1cfa1b,0xae4543bbbcc1587fb180291f621b7a840992cce7,BUY,110290742709531333936637417418570910881285907663357514844586483587588568832794,0.004,110.0,1767251367
0xb2d59d729ebb656d66d26bd9648d4644fe003b61bd6cdeee584d0b71a5b37570_1767251367,0x2c3dce8515854f167dc523745a6b9d98d22ec9266d9f4921f62fd3e4bf1cfa1b,0x7c33a9135c1cf344a3524852138553f41233e721,BUY,86498068750018438192524977941980476748299785729870940867089250086714498791178,0.999,1.001,1767251367
0x5774d16e36bc9e82383fe57eff592e879d417b1908e783bd755d6a709d9ca56f_1767251367,0x2c3dce8515854f167dc523745a6b9d98d22ec9266d9f4921f62fd3e4bf1cfa1b,0x2b366034b69b64a444406b2db7ec1ff7869c473b,BUY,86498068750018438192524977941980476748299785729870940867089250086714498791178,0.999,4.384,1767251367
0x3e97efebbae2a14959b20fcb3c712d9a4732067c15879065256c70b5c610e410_1767251367,0x2c3dce8515854f167dc523745a6b9d98d22ec9266d9f4921f62fd3e4bf1cfa1b,0x7c33a9135c1cf344a3524852138553f41233e721,BUY,86498068750018438192524977941980476748299785729870940867089250086714498791178,0.999,1.001,1767251367
0x64948e552b07cbe72c39041682d877ed79a35af00afdeb30b874f7bec0b21991_1767251367,0x2c3dce8515854f167dc523745a6b9d98d22ec9266d9f4921f62fd3e4bf1cfa1b,0xae4543bbbcc1587fb180291f621b7a840992cce7,BUY,110290742709531333936637417418570910881285907663357514844586483587588568832794,0.004,110.0,1767251367
0xee25293101114acc01191e0f3bdb33945f859e0b11beb20cf76d6a537dbe10a6_1767251367,0x2c3dce8515854f167dc523745a6b9d98d22ec9266d9f4921f62fd3e4bf1cfa1b,0x7c33a9135c1cf344a3524852138553f41233e721,BUY,86498068750018438192524977941980476748299785729870940867089250086714498791178,0.999,1.001,1767251367
0x66a1014326f5fa42665b4c5d301c8f053aeb7f42a9f23f3de36d1360a4647b88_1767251367,0x2c3dce8515854f167dc523745a6b9d98d22ec9266d9f4921f62fd3e4bf1cfa1b,0xae4543bbbcc1587fb180291f621b7a840992cce7,BUY,110290742709531333936637417418570910881285907663357514844586483587588568832794,0.004,110.0,1767251367
0xef941cd49d34c641ec2a8bde6cf8b3edd02d4f67b72e20f28c1352600309de97_1767251367,0x2c3dce8515854f167dc523745a6b9d98d22ec9266d9f4921f62fd3e4bf1cfa1b,0xae4543bbbcc1587fb180291f621b7a840992cce7,BUY,110290742709531333936637417418570910881285907663357514844586483587588568832794,0.004,110.0,1767251367
0x16fcf6167badcef57f7847a0e53b71c8a8f173fac2208ded729fb113c43b1c46_1767251367,0x2c3dce8515854f167dc523745a6b9d98d22ec9266d9f4921f62fd3e4bf1cfa1b,0xae4543bbbcc1587fb180291f621b7a840992cce7,BUY,110290742709531333936637417418570910881285907663357514844586483587588568832794,0.004,110.0,1767251367
0x0a8161ae1040fb4ec2e24000ef3025329337f1fb230d818f0dae11f414eeb922_1767251367,0x2c3dce8515854f167dc523745a6b9d98d22ec9266d9f4921f62fd3e4bf1cfa1b,0xae4543bbbcc1587fb180291f621b7a840992cce7,BUY,110290742709531333936637417418570910881285907663357514844586483587588568832794,0.004,110.0,1767251367
0xb437fed589a2625d2823ba0300f340457f110bbf802ffdf88983510723dd5da4_1767251369,0x2c3dce8515854f167dc523745a6b9d98d22ec9266d9f4921f62fd3e4bf1cfa1b,0x7c33a9135c1cf344a3524852138553f41233e721,BUY,86498068750018438192524977941980476748299785729870940867089250086714498791178,0.999,1.001,1767251369
0x7a2c07c52c551911eb9b7c2d5122ce7620dd2324ffd8cc8966887e3560cab7e9_1767251369,0x2c3dce8515854f167dc523745a6b9d98d22ec9266d9f4921f62fd3e4bf1cfa1b,0x7c33a9135c1cf344a3524852138553f41233e721,BUY,86498068750018438192524977941980476748299785729870940867089250086714498791178,0.999,1.001,1767251369
0x60d374b6e4b1fa684159f2c74a8d5e72d8a3c47c8083b96b80d5ad9e7e7000fa_1767251369,0x2c3dce8515854f167dc523745a6b9d98d22ec9266d9f4921f62fd3e4bf1cfa1b,0x7c33a9135c1cf344a3524852138553f41233e721,BUY,86498068750018438192524977941980476748299785729870940867089250086714498791178,0.999,1.001,1767251369
0x526c8c5b8993b67ac111ef658ac146ee51a39a0241295c8c2a2f933a05f815ee_1767251369,0x2c3dce8515854f167dc523745a6b9d98d22ec9266d9f4921f62fd3e4bf1cfa1b,0x2b366034b69b64a444406b2db7ec1ff7869c473b,BUY,86498068750018438192524977941980476748299785729870940867089250086714498791178,0.999,4.384,1767251369
0x3b924a2f95a3b0e203bfac037be088485463434def569424273e734167ea722e_1767251369,0x2c3dce8515854f167dc523745a6b9d98d22ec9266d9f4921f62fd3e4bf1cfa1b,0xae4543bbbcc1587fb180291f621b7a840992cce7,BUY,110290742709531333936637417418570910881285907663357514844586483587588568832794,0.004,110.0,1767251369
0x2768f2074a1828a30ab9f0273c73628c68bd4f5839e04a105bdf8aa1d8acffbc_1767251369,0x2c3dce8515854f167dc523745a6b9d98d22ec9266d9f4921f62fd3e4bf1cfa1b,0x2b366034b69b64a444406b2db7ec1ff7869c473b,BUY,86498068750018438192524977941980476748299785729870940867089250086714498791178,0.999,4.384,1767251369
0xbe0a75178c4f058b482365f85ab1442e0e1e8829bdf969b8273c088c8dc68baf_1767251369,0x2c3dce8515854f167dc523745a6b9d98d22ec9266d9f4921f62fd3e4bf1cfa1b,0xae4543bbbcc1587fb180291f621b7a840992cce7,BUY,110290742709531333936637417418570910881285907663357514844586483587588568832794,0.004,110.0,1767251369
0xe0130b4f60c380189e81060c1de208f983f1cc76d7f56deb590a60406f4616f3_1767251369,0x2c3dce8515854f167dc523745a6b9d98d22ec9266d9f4921f62fd3e4bf1cfa1b,0xae4543bbbcc1587fb180291f621b7a840992cce7,BUY,110290742709531333936637417418570910881285907663357514844586483587588568832794,0.004,110.0,1767251369
0x8d34ea0956d0f6d9f218757c8474e934ed27431ba9ea4f4cc6f71c0541774b5b_1767251369,0x2c3dce8515854f167dc523745a6b9d98d22ec9266d9f4921f62fd3e4bf1cfa1b,0xae4543bbbcc1587fb180291f621b7a840992cce7,BUY,110290742709531333936637417418570910881285907663357514844586483587588568832794,0.004,110.0,1767251369
0xc33fbc3cf9498c44514797bdfc59aae8b541f7890c5c2390f1b04f9a72097301_1767251369,0x2c3dce8515854f167dc523745a6b9d98d22ec9266d9f4921f62fd3e4bf1cfa1b,0x2b366034b69b64a444406b2db7ec1ff7869c473b,BUY,86498068750018438192524977941980476748299785729870940867089250086714498791178,0.999,4.384,1767251369
0x4fe7f6b28b67b0e1a1c7981026d4892f98df444433cb5ad48f6d356520b98b16_1767251369,0x2c3dce8515854f167dc523745a6b9d98d22ec9266d9f4921f62fd3e4bf1cfa1b,0xae4543bbbcc1587fb180291f621b7a840992cce7,BUY,110290742709531333936637417418570910881285907663357514844586483587588568832794,0.004,110.0,1767251369
0x425c6279ad867e3ce7a69e75cf91421ba079aaeb9744b865390f1126e3ff7857_1767251369,0x2c3dce8515854f167dc523745a6b9d98d22ec9266d9f4921f62fd3e4bf1cfa1b,0xae4543bbbcc1587fb180291f621b7a840992cce7,BUY,110290742709531333936637417418570910881285907663357514844586483587588568832794,0.004,110.0,1767251369
0x576605bcb9eb4944dd906a75e66f50df856128be244444bf9fac006d7918f590_1767251369,0x2c3dce8515854f167dc523745a6b9d98d22ec9266d9f4921f62fd3e4bf1cfa1b,0xae4543bbbcc1587fb180291f621b7a840992cce7,BUY,110290742709531333936637417418570910881285907663357514844586483587588568832794,0.004,110.0,1767251369
0x988a0ab3ca78625ff85e7f39d6be9b8c3c33db184860432108d2e4d4ac640a0f_1767251369,0x2c3dce8515854f167dc523745a6b9d98d22ec9266d9f4921f62fd3e4bf1cfa1b,0x2b366034b69b64a444406b2db7ec1ff7869c473b,BUY,86498068750018438192524977941980476748299785729870940867089250086714498791178,0.999,4.384,1767251369
0xcca22848fbc2519ea9d1bdc30e18abcc21c23b9400ab19a1e820931658d6d7c1_1767251371,0x2c3dce8515854f167dc523745a6b9d98d22ec9266d9f4921f62fd3e4bf1cfa1b,0x2b366034b69b64a444406b2db7ec1ff7869c473b,BUY,86498068750018438192524977941980476748299785729870940867089250086714498791178,0.999,4.384,1767251371
0xe8a66dfcfc1f8e67bf6b6e78280c6477a4bc7ea59aa53657e65fcac7bca23643_1767251371,0x2c3dce8515854f167dc523745a6b9d98d22ec9266d9f4921f62fd3e4bf1cfa1b,0xae4543bbbcc1587fb180291f621b7a840992cce7,BUY,110290742709531333936637417418570910881285907663357514844586483587588568832794,0.004,110.0,1767251371
0x34a071432b4910bdb2a69f6a6974902618992460a5647f7cc6607f0e25db7249_1767251371,0x2c3dce8515854f167dc523745a6b9d98d22ec9266d9f4921f62fd3e4bf1cfa1b,0x7c33a9135c1cf344a3524852138553f41233e721,BUY,86498068750018438192524977941980476748299785729870940867089250086714498791178,0.999,1.001,1767251371
0x21a515317cbcf1143553e95e711fb34f43dc9ce55b880aede63b195a889c5355_1767251371,0x2c3dce8515854f167dc523745a6b9d98d22ec9266d9f4921f62fd3e4bf1cfa1b,0x2b366034b69b64a444406b2db7ec1ff7869c473b,BUY,86498068750018438192524977941980476748299785729870940867089250086714498791178,0.999,4.384,1767251371
0xab49a9f7fff73245c02c54753d685ab4e45f62108ebc394302313a5945c63520_1767251371,0x2c3dce8515854f167dc523745a6b9d98d22ec9266d9f4921f62fd3e4bf1cfa1b,0x2b366034b69b64a444406b2db7ec1ff7869c473b,BUY,86498068750018438192524977941980476748299785729870940867089250086714498791178,0.999,4.384,1767251371
0x15e5ed1f58ffb725b4157220c823c7f0182d4c5c3426ffcfaca66bed279e7972_1767251371,0x2c3dce8515854f167dc523745a6b9d98d22ec9266d9f4921f62fd3e4bf1cfa1b,0xae4543bbbcc1587fb180291f621b7a840992cce7,BUY,110290742709531333936637417418570910881285907663357514844586483587588568832794,0.004,110.0,1767251371
0x92a54f0bf443d697b57d0864e49d0aeb85b8821d7ace1544e32af41c64a75787_1767251371,0x2c3dce8515854f167dc523745a6b9d98d22ec9266d9f4921f62fd3e4bf1cfa1b,0x2b366034b69b64a444406b2db7ec1ff7869c473b,BUY,86498068750018438192524977941980476748299785729870940867089250086714498791178,0.999,4.384,1767251371
0xd008b84b70ce081ff5a79e53f5d985ce5ebcc582647575af5b79516c78a7e1e8_1767251371,0x2c3dce8515854f167dc523745a6b9d98d22ec9266d9f4921f62fd3e4bf1cfa1b,0x2b366034b69b64a444406b2db7ec1ff7869c473b,BUY,86498068750018438192524977941980476748299785729870940867089250086714498791178,0.999,4.384,1767251371
0x8c8732a7c0683f0c5bb8820cd1f016f0d08c4cd493d2ce877a36e02cb0fe883a_1767251371,0x2c3dce8515854f167dc523745a6b9d98d22ec9266d9f4921f62fd3e4bf1cfa1b,0x2b366034b69b64a444406b2db7ec1ff7869c473b,BUY,86498068750018438192524977941980476748299785729870940867089250086714498791178,0.999,4.384,1767251371
0x9b383d732c28e9b906d59033addf9516c764c023b78fb8dce8b72544e6491d15_1767251371,0x2c3dce8515854f167dc523745a6b9d98d22ec9266d9f4921f62fd3e4bf1cfa1b,0x7c33a9135c1cf344a3524852138553f41233e721,BUY,86498068750018438192524977941980476748299785729870940867089250086714498791178,0.999,1.001,1767251371
0x06ba3fa3a38cbf1966f8b222fff8bbd740a52d7866c1df509b633d608f96eb38_1767251373,0x2c3dce8515854f167dc523745a6b9d98d22ec9266d9f4921f62fd3e4bf1cfa1b,0xae4543bbbcc1587fb180291f621b7a840992cce7,BUY,110290742709531333936637417418570910881285907663357514844586483587588568832794,0.004,110.0,1767251373
0xb0b4fd375b7403cd617db1cb2cce5a09f8d7f8113426c38b7b372614187be0ba_1767251373,0x2c3dce8515854f167dc523745a6b9d98d22ec9266d9f4921f62fd3e4bf1cfa1b,0x2b366034b69b64a444406b2db7ec1ff7869c473b,BUY,86498068750018438192524977941980476748299785729870940867089250086714498791178,0.999,4.384,1767251373
0xe1f293a51f2e889292ddf7e15935f0e3d74b1d208bb5ebba0d3552bcf02102b6_1767251373,0x2c3dce8515854f167dc523745a6b9d98d22ec9266d9f4921f62fd3e4bf1cfa1b,0xae4543bbbcc1587fb180291f621b7a840992cce7,BUY,110290742709531333936637417418570910881285907663357514844586483587588568832794,0.004,110.0,1767251373
0x51f226e9724ce29f7f05734077b245982023d38709c9c2c3cc0b60de3fbb04b6_1767251373,0x2c3dce8515854f167dc523745a6b9d98d22ec9266d9f4921f62fd3e4bf1cfa1b,0x7c33a9135c1cf344a3524852138553f41233e721,BUY,86498068750018438192524977941980476748299785729870940867089250086714498791178,0.999,1.001,1767251373
0xb63c1a4af52c86b01ebc711c0f9e66c0f802d3e1b4de929a7be81a9539491786_1767251373,0x2c3dce8515854f167dc523745a6b9d98d22ec9266d9f4921f62fd3e4bf1cfa1b,0x7c33a9135c1cf344a3524852138553f41233e721,BUY,86498068750018438192524977941980476748299785729870940867089250086714498791178,0.999,1.001,1767251373
0x5e78aa57dbcc5bbf16570eca794e588a88475d80aa7fce920dd7e705b4712b6f_1767251373,0x2c3dce8515854f167dc523745a6b9d98d22ec9266d9f4921f62fd3e4bf1cfa1b,0x2b366034b69b64a444406b2db7ec1ff7869c473b,BUY,86498068750018438192524977941980476748299785729870940867089250086714498791178,0.999,4.384,1767251373
0x64c12da19ecbfe92b206e6a4f11c28488addf5716fd9b47b1da93ac1ea8e1557_1767251373,0x2c3dce8515854f167dc523745a6b9d98d22ec9266d9f4921f62fd3e4bf1cfa1b,0xae4543bbbcc1587fb180291f621b7a840992cce7,BUY,110290742709531333936637417418570910881285907663357514844586483587588568832794,0.004,110.0,1767251373
0xa8312c7992063d3aedf70aa244dd472c7b7ed5c1153f9df88dc00aac41064af4_1767251373,0x2c3dce8515854f167dc523745a6b9d98d22ec9266d9f4921f62fd3e4bf1cfa1b,0x2b366034b69b64a444406b2db7ec1ff7869c473b,BUY,86498068750018438192524977941980476748299785729870940867089250086714498791178,0.999,4.384,1767251373
0xc027873a62bbc246a550a4fbc3925358a5427d910d778ef437fe37b2cde1ea8e_1767251373,0x2c3dce8515854f167dc523745a6b9d98d22ec9266d9f4921f62fd3e4bf1cfa1b,0xae4543bbbcc1587fb180291f621b7a840992cce7,BUY,110290742709531333936637417418570910881285907663357514844586483587588568832794,0.004,110.0,1767251373
0x48432baf43819843d8698aa88fc2a872832faac7039e149a54c3d4abde19a84a_1767251373,0x2c3dce8515854f167dc523745a6b9d98d22ec9266d9f4921f62fd3e4bf1cfa1b,0xae4543bbbcc1587fb180291f621b7a840992cce7,BUY,110290742709531333936637417418570910881285907663357514844586483587588568832794,0.004,110.0,1767251373
0x1ea1be621e05c236793ded50b99fb917f82188cd1966b754b1ef4cc8c3f9b792_1767251373,0x2c3dce8515854f167dc523745a6b9d98d22ec9266d9f4921f62fd3e4bf1cfa1b,0x7c33a9135c1cf344a3524852138553f41233e721,BUY,86498068750018438192524977941980476748299785729870940867089250086714498791178,0.999,1.001,1767251373
0xa30684f2267ff394f3900f155625c253e29d1ac7963cc766c2c0ad9a6f7944e1_1767251373,0x2c3dce8515854f167dc523745a6b9d98d22ec9266d9f4921f62fd3e4bf1cfa1b,0xae4543bbbcc1587fb180291f621b7a840992cce7,BUY,110290742709531333936637417418570910881285907663357514844586483587588568832794,0.004,110.0,1767251373
0xd839e351c62062be996efdd67053fe07745c3ae7d594c29215c4da40bcce4026_1767251375,0x2c3dce8515854f167dc523745a6b9d98d22ec9266d9f4921f62fd3e4bf1cfa1b,0xae4543bbbcc1587fb180291f621b7a840992cce7,BUY,110290742709531333936637417418570910881285907663357514844586483587588568832794,0.004,110.0,1767251375
0x4de59ab0532edaea84d42fb9c4c041677baf51d74918bb6ab74db5159ed8f78d_1767251375,0x2c3dce8515854f167dc523745a6b9d98d22ec9266d9f4921f62fd3e4bf1cfa1b,0x7c33a9135c1cf344a3524852138553f41233e721,BUY,86498068750018438192524977941980476748299785729870940867089250086714498791178,0.999,1.001,1767251375
0xea96a2e8a610994a7f689af6ab9cfb718123d127674fbf318615df1971a96fe5_1767251375,0x2c3dce8515854f167dc523745a6b9d98d22ec9266d9f4921f62fd3e4bf1cfa1b,0x2b366034b69b64a444406b2db7ec1ff7869c473b,BUY,86498068750018438192524977941980476748299785729870940867089250086714498791178,0.999,4.384,1767251375
0x46f466fe5b79b617b70f319c9cdbf326ca2a2b010441aa02e2a86ad504730549_1767251375,0x2c3dce8515854f167dc523745a6b9d98d22ec9266d9f4921f62fd3e4bf1cfa1b,0x7c33a9135c1cf344a3524852138553f41233e721,BUY,86498068750018438192524977941980476748299785729870940867089250086714498791178,0.999,1.001,1767251375
0xfd64d880bd8ca1516eccea542761a7384ea8c53cd7621037821491fd3384d11b_1767251375,0x2c3dce8515854f167dc523745a6b9d98d22ec9266d9f4921f62fd3e4bf1cfa1b,0xae4543bbbcc1587fb180291f621b7a840992cce7,BUY,110290742709531333936637417418570910881285907663357514844586483587588568832794,0.004,110.0,1767251375
0xe55ea028189472dbc945d04ccd89dcb9830a15309639bebabf557dc50664f798_1767251375,0x2c3dce8515854f167dc523745a6b9d98d22ec9266d9f4921f62fd3e4bf1cfa1b,0xf95d4f8f524f5fa3dbef41f45e52bcad7d84ca8d,BUY,86498068750018438192524977941980476748299785729870940867089250086714498791178,0.999,6.88,1767251375
0x691ed41d3adc11b501c2b6088673516b0c38c7ac1ba2facaa488a5fbad5a1d31_1767251375,0x2c3dce8515854f167dc523745a6b9d98d22ec9266d9f4921f62fd3e4bf1cfa1b,0x2b366034b69b64a444406b2db7ec1ff7869c473b,BUY,86498068750018438192524977941980476748299785729870940867089250086714498791178,0.999,4.384,1767251375
0x3ee1d10f611567c4bb5432e87debd3f97859b741c1e6aff4a822e09ac73ad00d_1767251375,0x2c3dce8515854f167dc523745a6b9d98d22ec9266d9f4921f62fd3e4bf1cfa1b,0xae4543bbbcc1587fb180291f621b7a840992cce7,BUY,110290742709531333936637417418570910881285907663357514844586483587588568832794,0.004,110.0,1767251375
0xd83f416692ee7314e38194d0e3b6ee12aa813151329fb280dc6068a72b8d538e_1767251375,0x2c3dce8515854f167dc523745a6b9d98d22ec9266d9f4921f62fd3e4bf1cfa1b,0xae4543bbbcc1587fb180291f621b7a840992cce7,BUY,110290742709531333936637417418570910881285907663357514844586483587588568832794,0.004,110.0,1767251375
0x1938cc33734fcde243e85ab57e070c68c50885823eff326ede1d79fd2ae90d28_1767251375,0x2c3dce8515854f167dc523745a6b9d98d22ec9266d9f4921f62fd3e4bf1cfa1b,0xae4543bbbcc1587fb180291f621b7a840992cce7,BUY,110290742709531333936637417418570910881285907663357514844586483587588568832794,0.004,110.0,1767251375
0x396a75989984e5779f66458255e9996cf497408a369c8be341e692a31dd67bf6_1767251375,0x2c3dce8515854f167dc523745a6b9d98d22ec9266d9f4921f62fd3e4bf1cfa1b,0x7c33a9135c1cf344a3524852138553f41233e721,BUY,86498068750018438192524977941980476748299785729870940867089250086714498791178,0.999,1.001,1767251375
0x294c5708ec1f04903f73aba8c57fc474fbc9cb1eb8b5111f66ce019642f215c1_1767251375,0x2c3dce8515854f167dc523745a6b9d98d22ec9266d9f4921f62fd3e4bf1cfa1b,0x2b366034b69b64a444406b2db7ec1ff7869c473b,BUY,86498068750018438192524977941980476748299785729870940867089250086714498791178,0.999,4.384,1767251375
0x5dc89f366860c87909fea3f40e75f33fc3d4d57b83cb8a7636b5f911ec2a0430_1767251375,0x2c3dce8515854f167dc523745a6b9d98d22ec9266d9f4921f62fd3e4bf1cfa1b,0x7c33a9135c1cf344a3524852138553f41233e721,BUY,86498068750018438192524977941980476748299785729870940867089250086714498791178,0.999,1.001,1767251375
0xdad7a7b60f7bbc7a2376e9f97a6bb1e781e48a333313f736f7cd0956e3692eb1_1767251375,0x2c3dce8515854f167dc523745a6b9d98d22ec9266d9f4921f62fd3e4bf1cfa1b,0xae4543bbbcc1587fb180291f621b7a840992cce7,BUY,110290742709531333936637417418570910881285907663357514844586483587588568832794,0.004,110.0,1767251375
0xcfd9fbd811070d6232b902d86c34e1c79e0017c2df2689bfcbecd65873149eb4_1767251375,0x2c3dce8515854f167dc523745a6b9d98d22ec9266d9f4921f62fd3e4bf1cfa1b,0x2b366034b69b64a444406b2db7ec1ff7869c473b,BUY,86498068750018438192524977941980476748299785729870940867089250086714498791178,0.999,4.384,1767251375
0x541f661cabecd644cb0a1a940fef96f82ea90eb6f6e580d11cdde1716fa4c53f_1767251375,0x2c3dce8515854f167dc523745a6b9d98d22ec9266d9f4921f62fd3e4bf1cfa1b,0xae4543bbbcc1587fb180291f621b7a840992cce7,BUY,110290742709531333936637417418570910881285907663357514844586483587588568832794,0.004,110.0,1767251375
0xcdb688476b3516faa17bcbdce34b82b08a9fe22d04b34af1fb58fffaba412c2e_1767251375,0x2c3dce8515854f167dc523745a6b9d98d22ec9266d9f4921f62fd3e4bf1cfa1b,0xae4543bbbcc1587fb180291f621b7a840992cce7,BUY,110290742709531333936637417418570910881285907663357514844586483587588568832794,0.004,110.0,1767251375
0xb0fae0c8e72a2c0d42e70cda2a8c409125719ac551525034ae0e6033219cfd00_1767251375,0x2c3dce8515854f167dc523745a6b9d98d22ec9266d9f4921f62fd3e4bf1cfa1b,0xae4543bbbcc1587fb180291f621b7a840992cce7,BUY,110290742709531333936637417418570910881285907663357514844586483587588568832794,0.004,110.0,1767251375
0x527147a392c2949189f6b58bdc9930440e14b8567995e8b2c5d5d445c55d6c55_1767251375,0x2c3dce8515854f167dc523745a6b9d98d22ec9266d9f4921f62fd3e4bf1cfa1b,0xae4543bbbcc1587fb180291f621b7a840992cce7,BUY,110290742709531333936637417418570910881285907663357514844586483587588568832794,0.004,110.0,1767251375
0x4e14424299174570773e10009d7b403cc43d4ec41068f4305a06697dbc0fd68e_1767251375,0x2c3dce8515854f167dc523745a6b9d98d22ec9266d9f4921f62fd3e4bf1cfa1b,0x7c33a9135c1cf344a3524852138553f41233e721,BUY,86498068750018438192524977941980476748299785729870940867089250086714498791178,0.999,1.001,1767251375
0xdd6a21f1392330bca9dadc32af9f5866118f9aeb7699070b6086b25369cf9f1d_1767251377,0x2c3dce8515854f167dc523745a6b9d98d22ec9266d9f4921f62fd3e4bf1cfa1b,0xae4543bbbcc1587fb180291f621b7a840992cce7,BUY,110290742709531333936637417418570910881285907663357514844586483587588568832794,0.004,110.0,1767251377
0xbd3bb8e553522f23937a6e228aad7638f5d97772aa87e849c29f222f5ad44170_1767251377,0x2c3dce8515854f167dc523745a6b9d98d22ec9266d9f4921f62fd3e4bf1cfa1b,0x2b366034b69b64a444406b2db7ec1ff7869c473b,BUY,86498068750018438192524977941980476748299785729870940867089250086714498791178,0.999,4.384,1767251377
0x1273173c024f477432347126e2c3880bf9a4ada917121d2245adc5a50a419667_1767251377,0x2c3dce8515854f167dc523745a6b9d98d22ec9266d9f4921f62fd3e4bf1cfa1b,0xae4543bbbcc1587fb180291f621b7a840992cce7,BUY,110290742709531333936637417418570910881285907663357514844586483587588568832794,0.004,110.0,1767251377
0x1f967ddac1f463601c29ab486b13b5b7ed78939db41d7209c2944fcd0e9ee205_1767251377,0x2c3dce8515854f167dc523745a6b9d98d22ec9266d9f4921f62fd3e4bf1cfa1b,0x2b366034b69b64a444406b2db7ec1ff7869c473b,BUY,86498068750018438192524977941980476748299785729870940867089250086714498791178,0.999,4.384,1767251377
0x45de14d503f353034389683937a8615c3c5e6f9778d0a0f425bf995b5b21a6d8_1767251377,0x2c3dce8515854f167dc523745a6b9d98d22ec9266d9f4921f62fd3e4bf1cfa1b,0xae4543bbbcc1587fb180291f621b7a840992cce7,BUY,110290742709531333936637417418570910881285907663357514844586483587588568832794,0.004,110.0,1767251377
0x7937d07667ab6cbc8ca76719336c91b87b38db3975c035e3fd0b2fe39f4522f5_1767251377,0x2c3dce8515854f167dc523745a6b9d98d22ec9266d9f4921f62fd3e4bf1cfa1b,0x7c33a9135c1cf344a3524852138553f41233e721,BUY,86498068750018438192524977941980476748299785729870940867089250086714498791178,0.999,1.001,1767251377
0x3c78d95e3914d660ec01cedd5d7b6f36b4887802e0e6d5c6674be25e5ab12e16_1767251377,0x2c3dce8515854f167dc523745a6b9d98d22ec9266d9f4921f62fd3e4bf1cfa1b,0x2b366034b69b64a444406b2db7ec1ff7869c473b,BUY,86498068750018438192524977941980476748299785729870940867089250086714498791178,0.999,4.384,1767251377
0xc82ef005730cf791196125c0215437ae8356607be18d7fae5b760dd331c031d4_1767251377,0x2c3dce8515854f167dc523745a6b9d98d22ec9266d9f4921f62fd3e4bf1cfa1b,0x7c33a9135c1cf344a3524852138553f41233e721,BUY,86498068750018438192524977941980476748299785729870940867089250086714498791178,0.999,1.001,1767251377
0xd31eae6018c526b92423944c3f437ee9cff177205da6076d9192a04383392bbe_1767251377,0x2c3dce8515854f167dc523745a6b9d98d22ec9266d9f4921f62fd3e4bf1cfa1b,0xae4543bbbcc1587fb180291f621b7a840992cce7,BUY,110290742709531333936637417418570910881285907663357514844586483587588568832794,0.004,110.0,1767251377
0xe8f76b451ec4a723735c1ff8fb0b787391c38034d8ec7bb1326203c29947334d_1767251377,0x2c3dce8515854f167dc523745a6b9d98d22ec9266d9f4921f62fd3e4bf1cfa1b,0x2b366034b69b64a444406b2db7ec1ff7869c473b,BUY,86498068750018438192524977941980476748299785729870940867089250086714498791178,0.999,4.384,1767251377
0x1db3adbaed07a81bd95f02000c9c50612ea067e66514f5f22c75e26396016c81_1767251377,0x2c3dce8515854f167dc523745a6b9d98d22ec9266d9f4921f62fd3e4bf1cfa1b,0x2b366034b69b64a444406b2db7ec1ff7869c473b,BUY,86498068750018438192524977941980476748299785729870940867089250086714498791178,0.999,4.384,1767251377
0x43d222a6fe43e9a1e9a27f5a57b3361111f5abc556e838d1f8e01550c32a5ebe_1767251379,0x2c3dce8515854f167dc523745a6b9d98d22ec9266d9f4921f62fd3e4bf1cfa1b,0x7c33a9135c1cf344a3524852138553f41233e721,BUY,86498068750018438192524977941980476748299785729870940867089250086714498791178,0.999,1.001,1767251379
0x7a7569acda9312d49a2200953ffaba821b63525284b0587b16dd7dbcac8a11bd_1767251379,0x2c3dce8515854f167dc523745a6b9d98d22ec9266d9f4921f62fd3e4bf1cfa1b,0x2b366034b69b64a444406b2db7ec1ff7869c473b,BUY,86498068750018438192524977941980476748299785729870940867089250086714498791178,0.999,4.384,1767251379
0x489bb44220e97c358d39b4a54c1f63feb25d03ad48cdafe9040a55b390748c95_1767251379,0x2c3dce8515854f167dc523745a6b9d98d22ec9266d9f4921f62fd3e4bf1cfa1b,0xae4543bbbcc1587fb180291f621b7a840992cce7,BUY,110290742709531333936637417418570910881285907663357514844586483587588568832794,0.004,110.0,1767251379
0x278665730bd06f31b5032f795cdf7c8358229e40fa351dbfc581cbc1a6643ae8_1767251379,0x2c3dce8515854f167dc523745a6b9d98d22ec9266d9f4921f62fd3e4bf1cfa1b,0xae4543bbbcc1587fb180291f621b7a840992cce7,BUY,110290742709531333936637417418570910881285907663357514844586483587588568832794,0.004,110.0,1767251379
0x58b1e10631a2a4850b3c49a60bda86235c6aadf1e340b2b2963a46ab422748e3_1767251379,0x2c3dce8515854f167dc523745a6b9d98d22ec9266d9f4921f62fd3e4bf1cfa1b,0x7c33a9135c1cf344a3524852138553f41233e721,BUY,86498068750018438192524977941980476748299785729870940867089250086714498791178,0.999,1.001,1767251379
0x6fa43acbbf02f5a7af6a26dd34489bd253b8b505d448134a747e1a16ef38d81e_1767251379,0x2c3dce8515854f167dc523745a6b9d98d22ec9266d9f4921f62fd3e4bf1cfa1b,0xae4543bbbcc1587fb180291f621b7a840992cce7,BUY,110290742709531333936637417418570910881285907663357514844586483587588568832794,0.004,110.0,1767251379
0x5b4effb31f368376f3d84fbacc64b3c983dd532f3bdb086fc0a56b3ee8e63f04_1767251379,0x2c3dce8515854f167dc523745a6b9d98d22ec9266d9f4921f62fd3e4bf1cfa1b,0xae4543bbbcc1587fb180291f621b7a840992cce7,BUY,110290742709531333936637417418570910881285907663357514844586483587588568832794,0.004,110.0,1767251379
0xe1c8f3ae6e53bce720c3168e46ac9519fb4d334d8ce238fa8883f00705832da5_1767251379,0x2c3dce8515854f167dc523745a6b9d98d22ec9266d9f4921f62fd3e4bf1cfa1b,0x2b366034b69b64a444406b2db7ec1ff7869c473b,BUY,86498068750018438192524977941980476748299785729870940867089250086714498791178,0.999,4.384,1767251379
0xe7ab9de0bdca54f99dd05ba86797285c537847ec43907a7d532ceaf6d493878a_1767251379,0x2c3dce8515854f167dc523745a6b9d98d22ec9266d9f4921f62fd3e4bf1cfa1b,0xae4543bbbcc1587fb180291f621b7a840992cce7,BUY,110290742709531333936637417418570910881285907663357514844586483587588568832794,0.004,110.0,1767251379
0xc7870bc3abb6cb59984a115264cf97b6cfb59ceed461a3740364ad67d0dac1e8_1767251379,0x2c3dce8515854f167dc523745a6b9d98d22ec9266d9f4921f62fd3e4bf1cfa1b,0x2b366034b69b64a444406b2db7ec1ff7869c473b,BUY,86498068750018438192524977941980476748299785729870940867089250086714498791178,0.999,4.384,1767251379
0xd5e08c465ecc042fb21db16bc0c01d928c6b71e67a637e8e88bb818551b092d9_1767251379,0x2c3dce8515854f167dc523745a6b9d98d22ec9266d9f4921f62fd3e4bf1cfa1b,0x2b366034b69b64a444406b2db7ec1ff7869c473b,BUY,86498068750018438192524977941980476748299785729870940867089250086714498791178,0.999,4.384,1767251379
0x2f94ce7336939d8ab4bbfd7d8c85fdba7996197f241cd6c76f54755d1e733c51_1767251379,0x2c3dce8515854f167dc523745a6b9d98d22ec9266d9f4921f62fd3e4bf1cfa1b,0x7c33a9135c1cf344a3524852138553f41233e721,BUY,86498068750018438192524977941980476748299785729870940867089250086714498791178,0.999,1.001,1767251379
0x29d2571e9b07316d930d85964d61cf5fca706001bc64a9acdc83e33e92994132_1767251379,0x2c3dce8515854f167dc523745a6b9d98d22ec9266d9f4921f62fd3e4bf1cfa1b,0x7c33a9135c1cf344a3524852138553f41233e721,BUY,86498068750018438192524977941980476748299785729870940867089250086714498791178,0.999,1.001,1767251379
0x4efbef13f31465167e57e39dec46fb6f9548dce36edae9c2c472fac8dffb3cbb_1767251381,0x2c3dce8515854f167dc523745a6b9d98d22ec9266d9f4921f62fd3e4bf1cfa1b,0x2b366034b69b64a444406b2db7ec1ff7869c473b,BUY,86498068750018438192524977941980476748299785729870940867089250086714498791178,0.999,4.384,1767251381
0x58e389a88f0cbe83e5003454fd7eaa329636d8bc9391583890603f0a7378f5b6_1767251381,0x2c3dce8515854f167dc523745a6b9d98d22ec9266d9f4921f62fd3e4bf1cfa1b,0x7c33a9135c1cf344a3524852138553f41233e721,BUY,86498068750018438192524977941980476748299785729870940867089250086714498791178,0.999,1.001,1767251381
0xebd9ab06da4e73f07a19cb286036a84cbc9be35bf177d9dd68feb6585ba78a6b_1767251381,0x2c3dce8515854f167dc523745a6b9d98d22ec9266d9f4921f62fd3e4bf1cfa1b,0x7c33a9135c1cf344a3524852138553f41233e721,BUY,86498068750018438192524977941980476748299785729870940867089250086714498791178,0.999,1.001,1767251381
0xa749c4fcc5818eefcc67bef7ca99ad0fd21bb7c8483c73868262381a29da14c9_1767251381,0x2c3dce8515854f167dc523745a6b9d98d22ec9266d9f4921f62fd3e4bf1cfa1b,0xae4543bbbcc1587fb180291f621b7a840992cce7,BUY,110290742709531333936637417418570910881285907663357514844586483587588568832794,0.004,110.0,1767251381
0x716cfd4bfd1cf981d34b8d6d4299333ba8b6b3ba521e1e443ff5aa562c7b3ad5_1767251381,0x2c3dce8515854f167dc523745a6b9d98d22ec9266d9f4921f62fd3e4bf1cfa1b,0x7c33a9135c1cf344a3524852138553f41233e721,BUY,86498068750018438192524977941980476748299785729870940867089250086714498791178,0.999,1.001,1767251381
0x9fcbed4ed7baffd97b8062c4def2177ed85a33d29b383035836cb78983df981d_1767251381,0x2c3dce8515854f167dc523745a6b9d98d22ec9266d9f4921f62fd3e4bf1cfa1b,0xae4543bbbcc1587fb180291f621b7a840992cce7,BUY,110290742709531333936637417418570910881285907663357514844586483587588568832794,0.004,110.0,1767251381
0x0a6a060fe55f4ef54ff2dbfde530b74fe731c18bbb58e28d3cbd0c60026a0149_1767251381,0x2c3dce8515854f167dc523745a6b9d98d22ec9266d9f4921f62fd3e4bf1cfa1b,0xae4543bbbcc1587fb180291f621b7a840992cce7,BUY,110290742709531333936637417418570910881285907663357514844586483587588568832794,0.004,110.0,1767251381
0x7c1d934a704c4fa5476c5793e7f7838f810520cf8121fd94ee7a2b1b467d06cf_1767251381,0x2c3dce8515854f167dc523745a6b9d98d22ec9266d9f4921f62fd3e4bf1cfa1b,0x7c33a9135c1cf344a3524852138553f41233e721,BUY,86498068750018438192524977941980476748299785729870940867089250086714498791178,0.999,1.001,1767251381
0x1b496520c88ceae78dbc14287b312f40b92d2a36be5f54c5395e4f3d09b5ec26_1767251381,0x2c3dce8515854f167dc523745a6b9d98d22ec9266d9f4921f62fd3e4bf1cfa1b,0x2b366034b69b64a444406b2db7ec1ff7869c473b,BUY,86498068750018438192524977941980476748299785729870940867089250086714498791178,0.999,4.384,1767251381
0xf518f2baeea89eae76abbcd4bf65845595fa11f1bdae78f2232e15d573ff2462_1767251381,0x2c3dce8515854f167dc523745a6b9d98d22ec9266d9f4921f62fd3e4bf1cfa1b,0x2b366034b69b64a444406b2db7ec1ff7869c473b,BUY,86498068750018438192524977941980476748299785729870940867089250086714498791178,0.999,4.384,1767251381
0x1b6698ce5a9e431ee2e387a64e622b8b856bd5bae84434d1d0223eb3d92387bf_1767251381,0x2c3dce8515854f167dc523745a6b9d98d22ec9266d9f4921f62fd3e4bf1cfa1b,0xae4543bbbcc1587fb180291f621b7a840992cce7,BUY,110290742709531333936637417418570910881285907663357514844586483587588568832794,0.004,110.0,1767251381
0x853380aa703212f357e1776ab4dcdbeb11da872a7f003aba689ca387dde6e819_1767251381,0x2c3dce8515854f167dc523745a6b9d98d22ec9266d9f4921f62fd3e4bf1cfa1b,0xae4543bbbcc1587fb180291f621b7a840992cce7,BUY,110290742709531333936637417418570910881285907663357514844586483587588568832794,0.004,110.0,1767251381
0xb44dc116a68a5a906450f697c75ea6a00a52f602c51fe12fea6a715735d84426_1767251381,0x2c3dce8515854f167dc523745a6b9d98d22ec9266d9f4921f62fd3e4bf1cfa1b,0xae4543bbbcc1587fb180291f621b7a840992cce7,BUY,110290742709531333936637417418570910881285907663357514844586483587588568832794,0.004,110.0,1767251381
0x956e6c6d458d72f8937eea21c4dab7f7d3ab3b6b7496798635ef0a62ef776155_1767251381,0x2c3dce8515854f167dc523745a6b9d98d22ec9266d9f4921f62fd3e4bf1cfa1b,0x7c33a9135c1cf344a3524852138553f41233e721,BUY,86498068750018438192524977941980476748299785729870940867089250086714498791178,0.999,1.001,1767251381
0x7654d0257d097f4058d7d6e1c0aeebb80324bfe07a5d9866d7b009b7fab256fd_1767251381,0x2c3dce8515854f167dc523745a6b9d98d22ec9266d9f4921f62fd3e4bf1cfa1b,0xae4543bbbcc1587fb180291f621b7a840992cce7,BUY,110290742709531333936637417418570910881285907663357514844586483587588568832794,0.004,110.0,1767251381
0x06721246f33f7cc75374cc151d339472c4a6436692cb20f840662548ac08d80d_1767251381,0x2c3dce8515854f167dc523745a6b9d98d22ec9266d9f4921f62fd3e4bf1cfa1b,0x2b366034b69b64a444406b2db7ec1ff7869c473b,BUY,86498068750018438192524977941980476748299785729870940867089250086714498791178,0.999,4.384,1767251381
0xf166a404aee73c2eb48e93b6bd1c9c4ac79bb9decbb4146799b1d26612cabd47_1767251381,0x2c3dce8515854f167dc523745a6b9d98d22ec9266d9f4921f62fd3e4bf1cfa1b,0xae4543bbbcc1587fb180291f621b7a840992cce7,BUY,110290742709531333936637417418570910881285907663357514844586483587588568832794,0.004,110.0,1767251381
0xcacb80e17b35e0a1e0190ba3321179cdb7056c4c95f72a575dd0b120c836641b_1767251381,0x2c3dce8515854f167dc523745a6b9d98d22ec9266d9f4921f62fd3e4bf1cfa1b,0xae4543bbbcc1587fb180291f621b7a840992cce7,BUY,110290742709531333936637417418570910881285907663357514844586483587588568832794,0.004,110.0,1767251381
0x31b39ede63debf332b4f63842f9800bb7027db76579d6a436bf24d991fc70618_1767251381,0x2c3dce8515854f167dc523745a6b9d98d22ec9266d9f4921f62fd3e4bf1cfa1b,0x2b366034b69b64a444406b2db7ec1ff7869c473b,BUY,86498068750018438192524977941980476748299785729870940867089250086714498791178,0.999,4.384,1767251381
0x1ebd7e6b03d58f1b0baaa6b516bec740789fe043ddae7a5ffc893248c3afc65e_1767251381,0x2c3dce8515854f167dc523745a6b9d98d22ec9266d9f4921f62fd3e4bf1cfa1b,0xae4543bbbcc1587fb180291f621b7a840992cce7,BUY,110290742709531333936637417418570910881285907663357514844586483587588568832794,0.004,110.0,1767251381
0xe6d02c2e044b0a5e83ea15385327b692f35a42cca0506145b0fc883807e12e0f_1767251381,0x2c3dce8515854f167dc523745a6b9d98d22ec9266d9f4921f62fd3e4bf1cfa1b,0x2b366034b69b64a444406b2db7ec1ff7869c473b,BUY,86498068750018438192524977941980476748299785729870940867089250086714498791178,0.999,4.384,1767251381
0x6a51304ce8614d6fe9ca68b976efc90f7d423e196f9eb61bbbf0a19ef725f45e_1767251381,0x2c3dce8515854f167dc523745a6b9d98d22ec9266d9f4921f62fd3e4bf1cfa1b,0x7c33a9135c1cf344a3524852138553f41233e721,BUY,86498068750018438192524977941980476748299785729870940867089250086714498791178,0.999,1.001,1767251381
0x6cf30785700832185346f38e91e9babc497b2e6d5d07ce6b530b735193246eda_1767251381,0x2c3dce8515854f167dc523745a6b9d98d22ec9266d9f4921f62fd3e4bf1cfa1b,0x2b366034b69b64a444406b2db7ec1ff7869c473b,BUY,86498068750018438192524977941980476748299785729870940867089250086714498791178,0.999,4.384,1767251381
0x2fecc5bcc08e2acdb007f7436980152589333e43ba071ce7ae382cd9c187a12c_1767251383,0x2c3dce8515854f167dc523745a6b9d98d22ec9266d9f4921f62fd3e4bf1cfa1b,0xae4543bbbcc1587fb180291f621b7a840992cce7,BUY,110290742709531333936637417418570910881285907663357514844586483587588568832794,0.004,110.0,1767251383
0x6bc5dbc85944301e85581908e037eea7ac4e3b403d19eab24ab38f850b351d93_1767251383,0x2c3dce8515854f167dc523745a6b9d98d22ec9266d9f4921f62fd3e4bf1cfa1b,0x7c33a9135c1cf344a3524852138553f41233e721,BUY,86498068750018438192524977941980476748299785729870940867089250086714498791178,0.999,1.001,1767251383
0xe762497a9de1c94d722ec3e0efad6fce6c6a9bb6ac74d7d628fef9a24806f192_1767251383,0x2c3dce8515854f167dc523745a6b9d98d22ec9266d9f4921f62fd3e4bf1cfa1b,0xae4543bbbcc1587fb180291f621b7a840992cce7,BUY,110290742709531333936637417418570910881285907663357514844586483587588568832794,0.004,110.0,1767251383
0xc0f81c85118ea930af1350dcd909dba68bd64716c72a3d6bba0a59ff589c872d_1767251383,0x2c3dce8515854f167dc523745a6b9d98d22ec9266d9f4921f62fd3e4bf1cfa1b,0xae4543bbbcc1587fb180291f621b7a840992cce7,BUY,110290742709531333936637417418570910881285907663357514844586483587588568832794,0.004,110.0,1767251383
0xb81491640b5478eee802824ff3e134b2c50aa3a097f39087c98234b6f36e04ab_1767251383,0x2c3dce8515854f167dc523745a6b9d98d22ec9266d9f4921f62fd3e4bf1cfa1b,0x2b366034b69b64a444406b2db7ec1ff7869c473b,BUY,86498068750018438192524977941980476748299785729870940867089250086714498791178,0.999,4.384,1767251383
0xe1c501de7bc8ea7a8f717c5303cab3bc54568befca6db305944ba268f9734741_1767251383,0x2c3dce8515854f167dc523745a6b9d98d22ec9266d9f4921f62fd3e4bf1cfa1b,0x2b366034b69b64a444406b2db7ec1ff7869c473b,BUY,86498068750018438192524977941980476748299785729870940867089250086714498791178,0.999,4.384,1767251383
0xfcfc685be68460d574b079f561606092c3549f59872caea09047d5088f73d8ae_1767251383,0x2c3dce8515854f167dc523745a6b9d98d22ec9266d9f4921f62fd3e4bf1cfa1b,0xae4543bbbcc1587fb180291f621b7a840992cce7,BUY,110290742709531333936637417418570910881285907663357514844586483587588568832794,0.004,110.0,1767251383
0x214072b95de141fdbbe7b8cb2b2f4d5c9426257515d6c5f6b252837207673bbe_1767251383,0x2c3dce8515854f167dc523745a6b9d98d22ec9266d9f4921f62fd3e4bf1cfa1b,0xae4543bbbcc1587fb180291f621b7a840992cce7,BUY,110290742709531333936637417418570910881285907663357514844586483587588568832794,0.004,110.0,1767251383
0x6ea8e48fe06cd8b2808b837be0f7058a8b5b62147d14083588276884a02a7bd6_1767251383,0x2c3dce8515854f167dc523745a6b9d98d22ec9266d9f4921f62fd3e4bf1cfa1b,0xae4543bbbcc1587fb180291f621b7a840992cce7,BUY,110290742709531333936637417418570910881285907663357514844586483587588568832794,0.004,110.0,1767251383
0xda287592884bf3afa54ca4d75d2a0f5130dc452b15c56f015a1887728d796151_1767251383,0x2c3dce8515854f167dc523745a6b9d98d22ec9266d9f4921f62fd3e4bf1cfa1b,0x7c33a9135c1cf344a3524852138553f41233e721,BUY,86498068750018438192524977941980476748299785729870940867089250086714498791178,0.999,1.001,1767251383
0x6b020dbc1810c281dcda7f3d910a438698328d7a2bb521a1b85533107ce4ba08_1767251383,0x2c3dce8515854f167dc523745a6b9d98d22ec9266d9f4921f62fd3e4bf1cfa1b,0xae4543bbbcc1587fb180291f621b7a840992cce7,BUY,110290742709531333936637417418570910881285907663357514844586483587588568832794,0.004,110.0,1767251383
0xc65bc86a7264c1ed7b8642346915864316ae49f973484757027fc6755dce20d1_1767251383,0x2c3dce8515854f167dc523745a6b9d98d22ec9266d9f4921f62fd3e4bf1cfa1b,0x7c33a9135c1cf344a3524852138553f41233e721,BUY,86498068750018438192524977941980476748299785729870940867089250086714498791178,0.999,1.001,1767251383
0x3c054a1aa2263da6f4b8ab54dff590db6eecb2600552359091cd55e6f87ecc7c_1767251383,0x2c3dce8515854f167dc523745a6b9d98d22ec9266d9f4921f62fd3e4bf1cfa1b,0x2b366034b69b64a444406b2db7ec1ff7869c473b,BUY,86498068750018438192524977941980476748299785729870940867089250086714498791178,0.999,4.384,1767251383
0x92cada83947f155f52a1f85f0b6d4a00e4fd280ee71637bccffbe4da247b4657_1767251383,0x2c3dce8515854f167dc523745a6b9d98d22ec9266d9f4921f62fd3e4bf1cfa1b,0x2b366034b69b64a444406b2db7ec1ff7869c473b,BUY,86498068750018438192524977941980476748299785729870940867089250086714498791178,0.999,4.384,1767251383
0xf99930f6c7ccccbe4d30f733fa82c394eef60d2cf9456c90c6a0bee6219ff44f_1767251383,0x2c3dce8515854f167dc523745a6b9d98d22ec9266d9f4921f62fd3e4bf1cfa1b,0x2b366034b69b64a444406b2db7ec1ff7869c473b,BUY,86498068750018438192524977941980476748299785729870940867089250086714498791178,0.999,4.384,1767251383
0xebdf6fc5f382fdd51a0c2950520257c6fd527080549c2ae0965bd47c5aebb22a_1767251385,0x2c3dce8515854f167dc523745a6b9d98d22ec9266d9f4921f62fd3e4bf1cfa1b,0xae4543bbbcc1587fb180291f621b7a840992cce7,BUY,110290742709531333936637417418570910881285907663357514844586483587588568832794,0.004,110.0,1767251385
0xb3931b623a7fcc3ce44b0e6625aa83cf40615a8b45f19112a537b09075a66fce_1767251385,0x2c3dce8515854f167dc523745a6b9d98d22ec9266d9f4921f62fd3e4bf1cfa1b,0xae4543bbbcc1587fb180291f621b7a840992cce7,BUY,110290742709531333936637417418570910881285907663357514844586483587588568832794,0.004,110.0,1767251385
0x81b6be4650d731422227fcf069e5a374c1af62fbe609b4c3744d459dbee300c4_1767251385,0x2c3dce8515854f167dc523745a6b9d98d22ec9266d9f4921f62fd3e4bf1cfa1b,0x7c33a9135c1cf344a3524852138553f41233e721,BUY,86498068750018438192524977941980476748299785729870940867089250086714498791178,0.999,1.001,1767251385
0xff5cea05766b94b12a8f8237e6303122af1a4106f92fc75ada61e8530cb4eb7f_1767251385,0x2c3dce8515854f167dc523745a6b9d98d22ec9266d9f4921f62fd3e4bf1cfa1b,0x7c33a9135c1cf344a3524852138553f41233e721,BUY,86498068750018438192524977941980476748299785729870940867089250086714498791178,0.999,1.001,1767251385
0x0190d6d18288aad75e184ab09150447b1dfccddf01c6f7cebe8121036fd01e22_1767251385,0x2c3dce8515854f167dc523745a6b9d98d22ec9266d9f4921f62fd3e4bf1cfa1b,0x7c33a9135c1cf344a3524852138553f41233e721,BUY,86498068750018438192524977941980476748299785729870940867089250086714498791178,0.999,1.001,1767251385
0xdeaa6d61fbee94d4a0db7266618955b0e2ad2ce5acff88767d965b6d51ba19aa_1767251385,0x2c3dce8515854f167dc523745a6b9d98d22ec9266d9f4921f62fd3e4bf1cfa1b,0xae4543bbbcc1587fb180291f621b7a840992cce7,BUY,110290742709531333936637417418570910881285907663357514844586483587588568832794,0.004,110.0,1767251385
0x05c93d2a8d6d5badbc679245ee264710d9cd7f318615cc0a9345becfc29d12bd_1767251385,0x2c3dce8515854f167dc523745a6b9d98d22ec9266d9f4921f62fd3e4bf1cfa1b,0xae4543bbbcc1587fb180291f621b7a840992cce7,BUY,110290742709531333936637417418570910881285907663357514844586483587588568832794,0.004,110.0,1767251385
0xcbd60b6aae4073bfee2e162c86c9e72c2518814c63474a7fcfa56ebb160a294f_1767251385,0x2c3dce8515854f167dc523745a6b9d98d22ec9266d9f4921f62fd3e4bf1cfa1b,0x2b366034b69b64a444406b2db7ec1ff7869c473b,BUY,86498068750018438192524977941980476748299785729870940867089250086714498791178,0.999,4.384,1767251385
0x77d35e3ebca5691651096adc7b5a2784ad430611430fb511a29d7fbe0d23d1bf_1767251385,0x2c3dce8515854f167dc523745a6b9d98d22ec9266d9f4921f62fd3e4bf1cfa1b,0x7c33a9135c1cf344a3524852138553f41233e721,BUY,86498068750018438192524977941980476748299785729870940867089250086714498791178,0.999,1.001,1767251385
0x8173bd94a8283a82d5bae85d375376a424165534c95f8a64be38f33515bd53df_1767251385,0x2c3dce8515854f167dc523745a6b9d98d22ec9266d9f4921f62fd3e4bf1cfa1b,0xae4543bbbcc1587fb180291f621b7a840992cce7,BUY,110290742709531333936637417418570910881285907663357514844586483587588568832794,0.004,110.0,1767251385
0xf52ac53f84ed3b98420128bb6e7d359bd8e6f439ea77e98342b5192b516635d8_1767251385,0x2c3dce8515854f167dc523745a6b9d98d22ec9266d9f4921f62fd3e4bf1cfa1b,0xae4543bbbcc1587fb180291f621b7a840992cce7,BUY,110290742709531333936637417418570910881285907663357514844586483587588568832794,0.004,110.0,1767251385
0xaf4042d8be57b8310314accfb3bb76cc8d06c042448a832cdbb224fa6e3ea04b_1767251385,0x2c3dce8515854f167dc523745a6b9d98d22ec9266d9f4921f62fd3e4bf1cfa1b,0xae4543bbbcc1587fb180291f621b7a840992cce7,BUY,110290742709531333936637417418570910881285907663357514844586483587588568832794,0.004,110.0,1767251385
0x9c70519cbf423f57e61ddc5c5245c54461843ff055e31d412b4b20f259ddcc12_1767251385,0x2c3dce8515854f167dc523745a6b9d98d22ec9266d9f4921f62fd3e4bf1cfa1b,0x7c33a9135c1cf344a3524852138553f41233e721,BUY,86498068750018438192524977941980476748299785729870940867089250086714498791178,0.999,1.001,1767251385
0x04f6c28aa36ee92541487e694cdfe652bd6ee80d3ab2a0c338a428a6593c9d45_1767251385,0x2c3dce8515854f167dc523745a6b9d98d22ec9266d9f4921f62fd3e4bf1cfa1b,0xae4543bbbcc1587fb180291f621b7a840992cce7,BUY,110290742709531333936637417418570910881285907663357514844586483587588568832794,0.004,110.0,1767251385
0x32f49f1dfbcabcc632ec928a7cf2f0967e391772892e45a665fb14d4da00e1d4_1767251385,0x2c3dce8515854f167dc523745a6b9d98d22ec9266d9f4921f62fd3e4bf1cfa1b,0xae4543bbbcc1587fb180291f621b7a840992cce7,BUY,110290742709531333936637417418570910881285907663357514844586483587588568832794,0.004,110.0,1767251385
0x33014f1256425839e7612ba664fe2e5d1a2837018fb9b52d19ce9475083de3c1_1767251385,0x2c3dce8515854f167dc523745a6b9d98d22ec9266d9f4921f62fd3e4bf1cfa1b,0xae4543bbbcc1587fb180291f621b7a840992cce7,BUY,110290742709531333936637417418570910881285907663357514844586483587588568832794,0.004,110.0,1767251385
0xb336a374ef6be62e92dfe13152c0a34cb317c2d1c4f413ec54840c93f6e70c61_1767251385,0x2c3dce8515854f167dc523745a6b9d98d22ec9266d9f4921f62fd3e4bf1cfa1b,0x2b366034b69b64a444406b2db7ec1ff7869c473b,BUY,86498068750018438192524977941980476748299785729870940867089250086714498791178,0.999,4.384,1767251385
0x6fbeb8ed3df78a6d84798c6b59f2103eef2320a2cb57baf0abeedc288fef7f9a_1767251385,0x2c3dce8515854f167dc523745a6b9d98d22ec9266d9f4921f62fd3e4bf1cfa1b,0x2b366034b69b64a444406b2db7ec1ff7869c473b,BUY,86498068750018438192524977941980476748299785729870940867089250086714498791178,0.999,4.384,1767251385
0x0c2eb96c97f8ba26edb806132b6fa8e73fa0f162d3cede6b6a837f3c83caf755_1767251387,0x2c3dce8515854f167dc523745a6b9d98d22ec9266d9f4921f62fd3e4bf1cfa1b,0xae4543bbbcc1587fb180291f621b7a840992cce7,BUY,110290742709531333936637417418570910881285907663357514844586483587588568832794,0.004,110.0,1767251387
0xf9fb1fc580f5cfb5cc01b84829ee6addfd58e9905c32096aa60b82b9d9bc8dd7_1767251387,0x2c3dce8515854f167dc523745a6b9d98d22ec9266d9f4921f62fd3e4bf1cfa1b,0xae4543bbbcc1587fb180291f621b7a840992cce7,BUY,110290742709531333936637417418570910881285907663357514844586483587588568832794,0.004,110.0,1767251387
0xafcf095b147293affdc074b11c35a1baa2f073194c1b3a4df201ad857f7db7d9_1767251387,0x2c3dce8515854f167dc523745a6b9d98d22ec9266d9f4921f62fd3e4bf1cfa1b,0xae4543bbbcc1587fb180291f621b7a840992cce7,BUY,110290742709531333936637417418570910881285907663357514844586483587588568832794,0.004,110.0,1767251387
0xf8160fc757f018efe90a9e303d8e5a67f35763c8a3f0f73d4328859fc6c13d4a_1767251387,0x2c3dce8515854f167dc523745a6b9d98d22ec9266d9f4921f62fd3e4bf1cfa1b,0xae4543bbbcc1587fb180291f621b7a840992cce7,BUY,110290742709531333936637417418570910881285907663357514844586483587588568832794,0.004,110.0,1767251387
0x2dfaff9eec18ccfc248ded1f02d88206f5feb71d5509248ebc89d58f2df72018_1767251387,0x2c3dce8515854f167dc523745a6b9d98d22ec9266d9f4921f62fd3e4bf1cfa1b,0xae4543bbbcc1587fb180291f621b7a840992cce7,BUY,110290742709531333936637417418570910881285907663357514844586483587588568832794,0.004,110.0,1767251387
0x74cbaa50f23ca9760c39e5e0415b0392b19ad337a3b05a6f2af98d51c57eecb1_1767251387,0x2c3dce8515854f167dc523745a6b9d98d22ec9266d9f4921f62fd3e4bf1cfa1b,0x7c33a9135c1cf344a3524852138553f41233e721,BUY,86498068750018438192524977941980476748299785729870940867089250086714498791178,0.999,1.001,1767251387
0x67ace1b9497de8ab12dc59f540d5fe68a2fb0a8b35f296aba2bf9be607916b14_1767251387,0x2c3dce8515854f167dc523745a6b9d98d22ec9266d9f4921f62fd3e4bf1cfa1b,0xae4543bbbcc1587fb180291f621b7a840992cce7,BUY,110290742709531333936637417418570910881285907663357514844586483587588568832794,0.004,110.0,1767251387
0x2f85db988c458d2fb4bb44fdaf25a5fde14257499a5ad77f3736eeeec0a800c1_1767251387,0x2c3dce8515854f167dc523745a6b9d98d22ec9266d9f4921f62fd3e4bf1cfa1b,0x7c33a9135c1cf344a3524852138553f41233e721,BUY,86498068750018438192524977941980476748299785729870940867089250086714498791178,0.999,1.001,1767251387
0x3194a1173659919984915ba09736c5ce833fa512346143fe2f64774373ce6201_1767251387,0x2c3dce8515854f167dc523745a6b9d98d22ec9266d9f4921f62fd3e4bf1cfa1b,0x2b366034b69b64a444406b2db7ec1ff7869c473b,BUY,86498068750018438192524977941980476748299785729870940867089250086714498791178,0.999,4.384,1767251387
0x67f7439b3c84ea5ed243900256ba1b974ac7bc3e68da519bbda050850ff7a565_1767251387,0x2c3dce8515854f167dc523745a6b9d98d22ec9266d9f4921f62fd3e4bf1cfa1b,0xae4543bbbcc1587fb180291f621b7a840992cce7,BUY,110290742709531333936637417418570910881285907663357514844586483587588568832794,0.004,110.0,1767251387
0xbeadc6186e1b07b34214c4b8cc7e9576833b4cb77e96346940fa92c2ea4b4d7a_1767251387,0x2c3dce8515854f167dc523745a6b9d98d22ec9266d9f4921f62fd3e4bf1cfa1b,0xae4543bbbcc1587fb180291f621b7a840992cce7,BUY,110290742709531333936637417418570910881285907663357514844586483587588568832794,0.004,110.0,1767251387
0x3ee6f88f862e222545ec769a85d989294a84171139c2cc100c2d552537d17efe_1767251387,0x2c3dce8515854f167dc523745a6b9d98d22ec9266d9f4921f62fd3e4bf1cfa1b,0xae4543bbbcc1587fb180291f621b7a840992cce7,BUY,110290742709531333936637417418570910881285907663357514844586483587588568832794,0.004,110.0,1767251387
0x0c57932506703401cd42e8291270f4ac538c077d75d6c9c70edb6e0c62c33883_1767251387,0x2c3dce8515854f167dc523745a6b9d98d22ec9266d9f4921f62fd3e4bf1cfa1b,0xae4543bbbcc1587fb180291f621b7a840992cce7,BUY,110290742709531333936637417418570910881285907663357514844586483587588568832794,0.004,110.0,1767251387
0x6b6a828ab28619f5cbda4d6ba37787f5cb18920d4aea623456c0a6ce928311cc_1767251387,0x2c3dce8515854f167dc523745a6b9d98d22ec9266d9f4921f62fd3e4bf1cfa1b,0xae4543bbbcc1587fb180291f621b7a840992cce7,BUY,110290742709531333936637417418570910881285907663357514844586483587588568832794,0.004,110.0,1767251387
0x2005d44c65b94d8fc4adba063660626d1bf8b962cb45615171f13d122946b8d9_1767251387,0x2c3dce8515854f167dc523745a6b9d98d22ec9266d9f4921f62fd3e4bf1cfa1b,0x7c33a9135c1cf344a3524852138553f41233e721,BUY,86498068750018438192524977941980476748299785729870940867089250086714498791178,0.999,1.001,1767251387
0xceef5e3d6cc9cc6e2a5b3f356d552cc0331ff639b6a25c411628d82fc7921b5f_1767251387,0x2c3dce8515854f167dc523745a6b9d98d22ec9266d9f4921f62fd3e4bf1cfa1b,0x2b366034b69b64a444406b2db7ec1ff7869c473b,BUY,86498068750018438192524977941980476748299785729870940867089250086714498791178,0.999,4.384,1767251387
0xaed6eb3bac026df88c82d9363a53c9f93da1be8dd60722f29bc086f6f73aa166_1767251387,0x2c3dce8515854f167dc523745a6b9d98d22ec9266d9f4921f62fd3e4bf1cfa1b,0x7c33a9135c1cf344a3524852138553f41233e721,BUY,86498068750018438192524977941980476748299785729870940867089250086714498791178,0.999,1.001,1767251387
0xa4d22a43fab286705f7a2e4625b047e06d52a37837766a70bbeae5e70b25d595_1767251387,0x2c3dce8515854f167dc523745a6b9d98d22ec9266d9f4921f62fd3e4bf1cfa1b,0x2b366034b69b64a444406b2db7ec1ff7869c473b,BUY,86498068750018438192524977941980476748299785729870940867089250086714498791178,0.999,4.384,1767251387
0x2c2a28b6e250af571d982691eeec0e480e8db2dd79c1f706b85c9817b7c4d808_1767251387,0x2c3dce8515854f167dc523745a6b9d98d22ec9266d9f4921f62fd3e4bf1cfa1b,0x7c33a9135c1cf344a3524852138553f41233e721,BUY,86498068750018438192524977941980476748299785729870940867089250086714498791178,0.999,1.001,1767251387
0x897b909e5da8b78ace07b9bc4f96a269fd6d1a38053086c3191daebe394cc54b_1767251387,0x2c3dce8515854f167dc523745a6b9d98d22ec9266d9f4921f62fd3e4bf1cfa1b,0x2b366034b69b64a444406b2db7ec1ff7869c473b,BUY,86498068750018438192524977941980476748299785729870940867089250086714498791178,0.999,4.384,1767251387
0x0c4052730184bd02fbb2b8023cb3ac7aa462bee1b635409cda8220203c0fcee5_1767251387,0x2c3dce8515854f167dc523745a6b9d98d22ec9266d9f4921f62fd3e4bf1cfa1b,0x2b366034b69b64a444406b2db7ec1ff7869c473b,BUY,86498068750018438192524977941980476748299785729870940867089250086714498791178,0.999,4.384,1767251387
0xdd60c3fba492a0ad1319159ddd0e2b76a86486118eb2ef06a172213da6ca8f1b_1767251387,0x2c3dce8515854f167dc523745a6b9d98d22ec9266d9f4921f62fd3e4bf1cfa1b,0xae4543bbbcc1587fb180291f621b7a840992cce7,BUY,110290742709531333936637417418570910881285907663357514844586483587588568832794,0.004,110.0,1767251387
0x73adbae96e4f42350e855f2923af863fd778503d76a816b6ffc4eaee73d6da61_1767251389,0x2c3dce8515854f167dc523745a6b9d98d22ec9266d9f4921f62fd3e4bf1cfa1b,0xae4543bbbcc1587fb180291f621b7a840992cce7,BUY,110290742709531333936637417418570910881285907663357514844586483587588568832794,0.004,110.0,1767251389
0x34ce5f58f9b09006f18939a6f2d4bda0de935384e566af6279f096b3789f4879_1767251389,0x2c3dce8515854f167dc523745a6b9d98d22ec9266d9f4921f62fd3e4bf1cfa1b,0xae4543bbbcc1587fb180291f621b7a840992cce7,BUY,110290742709531333936637417418570910881285907663357514844586483587588568832794,0.004,110.0,1767251389
0x6e53c6b2035f1faaed28df92d2bdd4e4858268f2bb4bbec6444cded5f128e542_1767251389,0x2c3dce8515854f167dc523745a6b9d98d22ec9266d9f4921f62fd3e4bf1cfa1b,0x7c33a9135c1cf344a3524852138553f41233e721,BUY,86498068750018438192524977941980476748299785729870940867089250086714498791178,0.999,1.001,1767251389
0xaead66c5cb01a583a650231457d100d93259bdb332db6a055c10ae1d4ca08c4e_1767251389,0x2c3dce8515854f167dc523745a6b9d98d22ec9266d9f4921f62fd3e4bf1cfa1b,0xae4543bbbcc1587fb180291f621b7a840992cce7,BUY,110290742709531333936637417418570910881285907663357514844586483587588568832794,0.004,110.0,1767251389
0x32494a51669cd01b2f51216e51cf33f44077fa294d586a405994b56455e56424_1767251389,0x2c3dce8515854f167dc523745a6b9d98d22ec9266d9f4921f62fd3e4bf1cfa1b,0x7c33a9135c1cf344a3524852138553f41233e721,BUY,86498068750018438192524977941980476748299785729870940867089250086714498791178,0.999,1.001,1767251389
0xbac3eb3f3a415fd003de8ef6189e24e5d5489b15dfa94cdea663e3cf9fb3c5ba_1767251389,0x2c3dce8515854f167dc523745a6b9d98d22ec9266d9f4921f62fd3e4bf1cfa1b,0x2b366034b69b64a444406b2db7ec1ff7869c473b,BUY,86498068750018438192524977941980476748299785729870940867089250086714498791178,0.999,4.384,1767251389
0xaa11d1253590280aef3cd393cc1be9e1a11b36c586505081c271b93e717ca2be_1767251389,0x2c3dce8515854f167dc523745a6b9d98d22ec9266d9f4921f62fd3e4bf1cfa1b,0xae4543bbbcc1587fb180291f621b7a840992cce7,BUY,110290742709531333936637417418570910881285907663357514844586483587588568832794,0.004,110.0,1767251389
0x5640aedf2977dfd12aeb6ea41a0b2778cf83aa30e3262b4cdc8fb1b6e8b14c42_1767251389,0x2c3dce8515854f167dc523745a6b9d98d22ec9266d9f4921f62fd3e4bf1cfa1b,0xae4543bbbcc1587fb180291f621b7a840992cce7,BUY,110290742709531333936637417418570910881285907663357514844586483587588568832794,0.004,110.0,1767251389
0x86c6ddfaa3c7f1acb7781178e1b39e56898064a9da4dbd3b0b1306095391362b_1767251389,0x2c3dce8515854f167dc523745a6b9d98d22ec9266d9f4921f62fd3e4bf1cfa1b,0xae4543bbbcc1587fb180291f621b7a840992cce7,BUY,110290742709531333936637417418570910881285907663357514844586483587588568832794,0.004,110.0,1767251389
0x26b5a9dfbb52bd8f4b1337a0fbe0dd77960b4fd2bb186e8de9734690bde51771_1767251389,0x2c3dce8515854f167dc523745a6b9d98d22ec9266d9f4921f62fd3e4bf1cfa1b,0xae4543bbbcc1587fb180291f621b7a840992cce7,BUY,110290742709531333936637417418570910881285907663357514844586483587588568832794,0.004,110.0,1767251389
0xf9cd5e737e57c6779cf8ff9c47b661b0fff6b8a787e8d15399fe0f4b8feb305c_1767251389,0x2c3dce8515854f167dc523745a6b9d98d22ec9266d9f4921f62fd3e4bf1cfa1b,0x7c33a9135c1cf344a3524852138553f41233e721,BUY,86498068750018438192524977941980476748299785729870940867089250086714498791178,0.999,1.001,1767251389
0x2a74b0d973fa0d4ed94132080400f939568219fe920a1d01e61966ef277b276d_1767251389,0x2c3dce8515854f167dc523745a6b9d98d22ec9266d9f4921f62fd3e4bf1cfa1b,0xae4543bbbcc1587fb180291f621b7a840992cce7,BUY,110290742709531333936637417418570910881285907663357514844586483587588568832794,0.004,110.0,1767251389
0xbf7b637ca2946ab99b5dea3562738f39fa45f5436d6fbea712a19ce7d4cbb03c_1767251389,0x2c3dce8515854f167dc523745a6b9d98d22ec9266d9f4921f62fd3e4bf1cfa1b,0xae4543bbbcc1587fb180291f621b7a840992cce7,BUY,110290742709531333936637417418570910881285907663357514844586483587588568832794,0.004,110.0,1767251389
0x62f0db615aae8541ddf303ab24c5acfebee976dde5fdbefffa09389a752ec1de_1767251389,0x2c3dce8515854f167dc523745a6b9d98d22ec9266d9f4921f62fd3e4bf1cfa1b,0x2b366034b69b64a444406b2db7ec1ff7869c473b,BUY,86498068750018438192524977941980476748299785729870940867089250086714498791178,0.999,4.384,1767251389
0x36503ba0152944c05b07f9d32197ae498cb91f6f591949a8ee2b3e79e6580285_1767251389,0x2c3dce8515854f167dc523745a6b9d98d22ec9266d9f4921f62fd3e4bf1cfa1b,0x7c33a9135c1cf344a3524852138553f41233e721,BUY,86498068750018438192524977941980476748299785729870940867089250086714498791178,0.999,1.001,1767251389
0x18f2e3f8c4540d54ee556aca64904c537f41ede2679e1d1f78e390d8d828e088_1767251389,0x2c3dce8515854f167dc523745a6b9d98d22ec9266d9f4921f62fd3e4bf1cfa1b,0xae4543bbbcc1587fb180291f621b7a840992cce7,BUY,110290742709531333936637417418570910881285907663357514844586483587588568832794,0.004,110.0,1767251389
0xd6ec88bf36ce2fd27865978b061a46641002357ce1a48e00ff3f24c29e87c151_1767251389,0x2c3dce8515854f167dc523745a6b9d98d22ec9266d9f4921f62fd3e4bf1cfa1b,0x2b366034b69b64a444406b2db7ec1ff7869c473b,BUY,86498068750018438192524977941980476748299785729870940867089250086714498791178,0.999,4.384,1767251389
0x1ed602f8578eaba69831746c86bb6d27fdbd98ad6771aebd4d702a58368829b7_1767251389,0x2c3dce8515854f167dc523745a6b9d98d22ec9266d9f4921f62fd3e4bf1cfa1b,0xae4543bbbcc1587fb180291f621b7a840992cce7,BUY,110290742709531333936637417418570910881285907663357514844586483587588568832794,0.004,110.0,1767251389
0xc9bf4f0760665578b4d96c9ba6e3380eab03ab9aefc1628cbdc58b512e7a0214_1767251391,0x2c3dce8515854f167dc523745a6b9d98d22ec9266d9f4921f62fd3e4bf1cfa1b,0xae4543bbbcc1587fb180291f621b7a840992cce7,BUY,110290742709531333936637417418570910881285907663357514844586483587588568832794,0.004,110.0,1767251391
0x6618864b697f5ba8a8a985a849865ec6cf1ff77ed12a8aa3662e534c152d5ea4_1767251391,0x2c3dce8515854f167dc523745a6b9d98d22ec9266d9f4921f62fd3e4bf1cfa1b,0x2b366034b69b64a444406b2db7ec1ff7869c473b,BUY,86498068750018438192524977941980476748299785729870940867089250086714498791178,0.999,4.384,1767251391
0x3cf326a58b62b777f1c28d89dd4d82e16c06c48e22fe0afab942e4bd64e22b2a_1767251391,0x2c3dce8515854f167dc523745a6b9d98d22ec9266d9f4921f62fd3e4bf1cfa1b,0x2b366034b69b64a444406b2db7ec1ff7869c473b,BUY,86498068750018438192524977941980476748299785729870940867089250086714498791178,0.999,4.384,1767251391
0x0dd22714b352aa73e96b69af0fabf136fbac2aa47c9e3e200e13a101e18ac0f1_1767251391,0x2c3dce8515854f167dc523745a6b9d98d22ec9266d9f4921f62fd3e4bf1cfa1b,0x7c33a9135c1cf344a3524852138553f41233e721,BUY,86498068750018438192524977941980476748299785729870940867089250086714498791178,0.999,1.001,1767251391
0xad33191125268651ff56c2c0a5753736dc3341e8ecf3f2a4afdfe7c79fd621b4_1767251391,0x2c3dce8515854f167dc523745a6b9d98d22ec9266d9f4921f62fd3e4bf1cfa1b,0x2b366034b69b64a444406b2db7ec1ff7869c473b,BUY,86498068750018438192524977941980476748299785729870940867089250086714498791178,0.999,4.384,1767251391
0xfee38ae2b4a34e64d16719e5132b14068ad81ab02bdb47d298daec7b096873b7_1767251391,0x2c3dce8515854f167dc523745a6b9d98d22ec9266d9f4921f62fd3e4bf1cfa1b,0x7c33a9135c1cf344a3524852138553f41233e721,BUY,86498068750018438192524977941980476748299785729870940867089250086714498791178,0.999,1.001,1767251391
0xd79741e082e0b15bb28c283f78956cbe6fde64bb17cc2e428df14e7f1c9aa0d9_1767251391,0x2c3dce8515854f167dc523745a6b9d98d22ec9266d9f4921f62fd3e4bf1cfa1b,0x7c33a9135c1cf344a3524852138553f41233e721,BUY,86498068750018438192524977941980476748299785729870940867089250086714498791178,0.999,1.001,1767251391
0xf5c3691aed54181be2db5f71589ec402a2ebefd03297e91125cdda1b4af8d962_1767251391,0x2c3dce8515854f167dc523745a6b9d98d22ec9266d9f4921f62fd3e4bf1cfa1b,0x7c33a9135c1cf344a3524852138553f41233e721,BUY,86498068750018438192524977941980476748299785729870940867089250086714498791178,0.999,1.001,1767251391
0x8a3df3aa12765f4d1a9c1deb97aa5d0952a5b0e98cd4f6b9770a9a3b3437fefc_1767251391,0x2c3dce8515854f167dc523745a6b9d98d22ec9266d9f4921f62fd3e4bf1cfa1b,0xae4543bbbcc1587fb180291f621b7a840992cce7,BUY,110290742709531333936637417418570910881285907663357514844586483587588568832794,0.004,110.0,1767251391
0x472e37dfcf20de13167f5fed709071f2d0eccb598071c5ad3dd0598474e24064_1767251391,0x2c3dce8515854f167dc523745a6b9d98d22ec9266d9f4921f62fd3e4bf1cfa1b,0xae4543bbbcc1587fb180291f621b7a840992cce7,BUY,110290742709531333936637417418570910881285907663357514844586483587588568832794,0.004,110.0,1767251391
0xddc557311cc1f3129013fe1894f6edec2f49c2618b0a208db2747daa5a82e726_1767251391,0x2c3dce8515854f167dc523745a6b9d98d22ec9266d9f4921f62fd3e4bf1cfa1b,0x2b366034b69b64a444406b2db7ec1ff7869c473b,BUY,86498068750018438192524977941980476748299785729870940867089250086714498791178,0.999,4.384,1767251391
0x3e4518794dc296b49a4ded248d48fef81d64bd5cd2b8b9b808fa716706fdab97_1767251391,0x2c3dce8515854f167dc523745a6b9d98d22ec9266d9f4921f62fd3e4bf1cfa1b,0xae4543bbbcc1587fb180291f621b7a840992cce7,BUY,110290742709531333936637417418570910881285907663357514844586483587588568832794,0.004,110.0,1767251391
0xf9c33ff5cf92fac03985b7be966868faedccd74d2446f952f35b2398134b170e_1767251391,0x2c3dce8515854f167dc523745a6b9d98d22ec9266d9f4921f62fd3e4bf1cfa1b,0x2b366034b69b64a444406b2db7ec1ff7869c473b,BUY,86498068750018438192524977941980476748299785729870940867089250086714498791178,0.999,4.384,1767251391
0xd6f1abe5ba4a062e205d195b8a4d45702d3bc905a201ec089f7b27752d0b086b_1767251391,0x2c3dce8515854f167dc523745a6b9d98d22ec9266d9f4921f62fd3e4bf1cfa1b,0xae4543bbbcc1587fb180291f621b7a840992cce7,BUY,110290742709531333936637417418570910881285907663357514844586483587588568832794,0.004,110.0,1767251391
0xb3495e16415e994bb881c36612e14e3aa63f29080a136d8a93affe1bf8f3e405_1767251393,0x2c3dce8515854f167dc523745a6b9d98d22ec9266d9f4921f62fd3e4bf1cfa1b,0x2b366034b69b64a444406b2db7ec1ff7869c473b,BUY,86498068750018438192524977941980476748299785729870940867089250086714498791178,0.999,4.384,1767251393
0x9d62ee05f333b519b3d396d24a5e0a349db6e23058cd84fc1518b72bbaf24c25_1767251393,0x2c3dce8515854f167dc523745a6b9d98d22ec9266d9f4921f62fd3e4bf1cfa1b,0x7c33a9135c1cf344a3524852138553f41233e721,BUY,86498068750018438192524977941980476748299785729870940867089250086714498791178,0.999,1.001,1767251393
0xbcfd5fbed72e4527616c23d5c93f3e139d96f8f8fc56cb1eb11c30d56e4006a9_1767251393,0x2c3dce8515854f167dc523745a6b9d98d22ec9266d9f4921f62fd3e4bf1cfa1b,0x7c33a9135c1cf344a3524852138553f41233e721,BUY,86498068750018438192524977941980476748299785729870940867089250086714498791178,0.999,1.001,1767251393
0x8d3a7b170d6c23bca5fec1069d5fb8fa2a137751888db48aa614f613164fbf19_1767251393,0x2c3dce8515854f167dc523745a6b9d98d22ec9266d9f4921f62fd3e4bf1cfa1b,0x2b366034b69b64a444406b2db7ec1ff7869c473b,BUY,86498068750018438192524977941980476748299785729870940867089250086714498791178,0.999,4.384,1767251393
0xd1131c807bdcfa2c8a300c2dc5b0b1c44b2408d0d20029de279210a2b3c61e4f_1767251393,0x2c3dce8515854f167dc523745a6b9d98d22ec9266d9f4921f62fd3e4bf1cfa1b,0xae4543bbbcc1587fb180291f621b7a840992cce7,BUY,110290742709531333936637417418570910881285907663357514844586483587588568832794,0.004,110.0,1767251393
0x96377feb74e582bb3fa531a1ca0ad7ac06e28d7439f31b9c4a2f7a1d59d875f7_1767251393,0x2c3dce8515854f167dc523745a6b9d98d22ec9266d9f4921f62fd3e4bf1cfa1b,0xae4543bbbcc1587fb180291f621b7a840992cce7,BUY,110290742709531333936637417418570910881285907663357514844586483587588568832794,0.004,110.0,1767251393
0x9910f56d5599a8e0fc6a645441891839b737b8c6b9498686e0573fc7516a0877_1767251393,0x2c3dce8515854f167dc523745a6b9d98d22ec9266d9f4921f62fd3e4bf1cfa1b,0xae4543bbbcc1587fb180291f621b7a840992cce7,BUY,110290742709531333936637417418570910881285907663357514844586483587588568832794,0.004,110.0,1767251393
0x0a5c7d57d0eeb1ab64e8e9782dcb0376c03f60989b2db8cd20bddfb2a3584957_1767251393,0x2c3dce8515854f167dc523745a6b9d98d22ec9266d9f4921f62fd3e4bf1cfa1b,0xae4543bbbcc1587fb180291f621b7a840992cce7,BUY,110290742709531333936637417418570910881285907663357514844586483587588568832794,0.004,110.0,1767251393
0x8cb7ed4ea812f585daea1f25a59b9f5e054a72575fb7b8bbfbf819d058757153_1767251393,0x2c3dce8515854f167dc523745a6b9d98d22ec9266d9f4921f62fd3e4bf1cfa1b,0x7c33a9135c1cf344a3524852138553f41233e721,BUY,86498068750018438192524977941980476748299785729870940867089250086714498791178,0.999,1.001,1767251393
0x62c5fcb2e7412ee58395fb8f5bf6e5a079f2269a1571b5ac8d9949c25418952b_1767251393,0x2c3dce8515854f167dc523745a6b9d98d22ec9266d9f4921f62fd3e4bf1cfa1b,0x7c33a9135c1cf344a3524852138553f41233e721,BUY,86498068750018438192524977941980476748299785729870940867089250086714498791178,0.999,1.001,1767251393
0x89d3e6f283d4b9e810b0919da5527a6e36fe26bcda836de2030f545f1be0f9c7_1767251393,0x2c3dce8515854f167dc523745a6b9d98d22ec9266d9f4921f62fd3e4bf1cfa1b,0xae4543bbbcc1587fb180291f621b7a840992cce7,BUY,110290742709531333936637417418570910881285907663357514844586483587588568832794,0.004,110.0,1767251393
0x9f9b0ea899f5738ea6a416ab66236a3374cb6f45b1b23829b27d718f127639a2_1767251393,0x2c3dce8515854f167dc523745a6b9d98d22ec9266d9f4921f62fd3e4bf1cfa1b,0xae4543bbbcc1587fb180291f621b7a840992cce7,BUY,110290742709531333936637417418570910881285907663357514844586483587588568832794,0.004,110.0,1767251393
0xf08fec7ebb8a552f4246be9ff07200ec05f51d9b56df706bcd8323afa6e4b003_1767251393,0x2c3dce8515854f167dc523745a6b9d98d22ec9266d9f4921f62fd3e4bf1cfa1b,0xae4543bbbcc1587fb180291f621b7a840992cce7,BUY,110290742709531333936637417418570910881285907663357514844586483587588568832794,0.004,110.0,1767251393
0xcdc9dc2e823dd3b66d53a892f59a5e94516999d8c21e3ee9bab44f93dcdc03f1_1767251393,0x2c3dce8515854f167dc523745a6b9d98d22ec9266d9f4921f62fd3e4bf1cfa1b,0xae4543bbbcc1587fb180291f621b7a840992cce7,BUY,110290742709531333936637417418570910881285907663357514844586483587588568832794,0.004,110.0,1767251393
0xd5b35a8e17459622e8daa827ca812f51f1491aa1cdbee0615ffced79065b4f08_1767251393,0x2c3dce8515854f167dc523745a6b9d98d22ec9266d9f4921f62fd3e4bf1cfa1b,0xae4543bbbcc1587fb180291f621b7a840992cce7,BUY,110290742709531333936637417418570910881285907663357514844586483587588568832794,0.004,110.0,1767251393
0x6c650d03c87f9e8e59456a6564514aab605ffc922b2c044300c6226e3e1c0e38_1767251393,0x2c3dce8515854f167dc523745a6b9d98d22ec9266d9f4921f62fd3e4bf1cfa1b,0x2b366034b69b64a444406b2db7ec1ff7869c473b,BUY,86498068750018438192524977941980476748299785729870940867089250086714498791178,0.999,4.384,1767251393
0x953d308026872da2d572265ae9c123270ded24caaf34d616a4dfa0e82e07b9dd_1767251393,0x2c3dce8515854f167dc523745a6b9d98d22ec9266d9f4921f62fd3e4bf1cfa1b,0x7c33a9135c1cf344a3524852138553f41233e721,BUY,86498068750018438192524977941980476748299785729870940867089250086714498791178,0.999,1.001,1767251393
0x1c1ebbe30eaf7d905a580b341e491c44b957eeebe716e907389d67d54ece5eed_1767251393,0x2c3dce8515854f167dc523745a6b9d98d22ec9266d9f4921f62fd3e4bf1cfa1b,0xae4543bbbcc1587fb180291f621b7a840992cce7,BUY,110290742709531333936637417418570910881285907663357514844586483587588568832794,0.004,110.0,1767251393
0xa2818189b77c53e0edf9039fb0cc540bceb66dc719d3140de10c083ece978be7_1767251393,0x2c3dce8515854f167dc523745a6b9d98d22ec9266d9f4921f62fd3e4bf1cfa1b,0x2b366034b69b64a444406b2db7ec1ff7869c473b,BUY,86498068750018438192524977941980476748299785729870940867089250086714498791178,0.999,4.384,1767251393
0xd81b8036b77b3c85388a8a2364dc812c854b1a8b00850b87b34e5bbcd0b18845_1767251393,0x2c3dce8515854f167dc523745a6b9d98d22ec9266d9f4921f62fd3e4bf1cfa1b,0x7c33a9135c1cf344a3524852138553f41233e721,BUY,86498068750018438192524977941980476748299785729870940867089250086714498791178,0.999,1.001,1767251393
0x98a5638cfece9de8bf308f51de5c3d3a37c1d3c17ed3ec01bc9bb7378dc07d1f_1767251395,0x2c3dce8515854f167dc523745a6b9d98d22ec9266d9f4921f62fd3e4bf1cfa1b,0x7c33a9135c1cf344a3524852138553f41233e721,BUY,86498068750018438192524977941980476748299785729870940867089250086714498791178,0.999,1.001,1767251395
0x0120e9cda7708a5d99993d377852da2273a90685e5d1c86d5b5840137ddd3564_1767251395,0x2c3dce8515854f167dc523745a6b9d98d22ec9266d9f4921f62fd3e4bf1cfa1b,0x7c33a9135c1cf344a3524852138553f41233e721,BUY,86498068750018438192524977941980476748299785729870940867089250086714498791178,0.999,1.001,1767251395
0x898f91bce23b8ef914c2f79f6c16a896f4f9ab34fba828b56c39ccbddcdebf1f_1767251395,0x2c3dce8515854f167dc523745a6b9d98d22ec9266d9f4921f62fd3e4bf1cfa1b,0x7c33a9135c1cf344a3524852138553f41233e721,BUY,86498068750018438192524977941980476748299785729870940867089250086714498791178,0.999,1.001,1767251395
0x9f4e3afa56115eb24c668a3b001cd41c16dfb67715ea2d415076bb603425b347_1767251395,0x2c3dce8515854f167dc523745a6b9d98d22ec9266d9f4921f62fd3e4bf1cfa1b,0x2b366034b69b64a444406b2db7ec1ff7869c473b,BUY,86498068750018438192524977941980476748299785729870940867089250086714498791178,0.999,4.384,1767251395
0x306849de2a51b337603facf98440662aff8175abd6200991d1c58d9ad925f855_1767251395,0x2c3dce8515854f167dc523745a6b9d98d22ec9266d9f4921f62fd3e4bf1cfa1b,0x2b366034b69b64a444406b2db7ec1ff7869c473b,BUY,86498068750018438192524977941980476748299785729870940867089250086714498791178,0.999,4.384,1767251395
0xc81d59ff509ac97afc5eae010e9205fb1408ff6f541bbde9175ceaa4f3b3f873_1767251395,0x2c3dce8515854f167dc523745a6b9d98d22ec9266d9f4921f62fd3e4bf1cfa1b,0xae4543bbbcc1587fb180291f621b7a840992cce7,BUY,110290742709531333936637417418570910881285907663357514844586483587588568832794,0.004,110.0,1767251395
0x33a749d31de66935b1527a27be9a5ffd512089e04b99e82d3c5be14b3e5759fd_1767251395,0x2c3dce8515854f167dc523745a6b9d98d22ec9266d9f4921f62fd3e4bf1cfa1b,0xae4543bbbcc1587fb180291f621b7a840992cce7,BUY,110290742709531333936637417418570910881285907663357514844586483587588568832794,0.004,110.0,1767251395
0x4505d9ca8ef9d71d3c10cff8b6c957026fff6c81942b02bb7345eb9575a23ad2_1767251395,0x2c3dce8515854f167dc523745a6b9d98d22ec9266d9f4921f62fd3e4bf1cfa1b,0x7c33a9135c1cf344a3524852138553f41233e721,BUY,86498068750018438192524977941980476748299785729870940867089250086714498791178,0.999,1.001,1767251395
0x021e5e2e5109c832e2af4b962d81723c7209776632cd09813b360d9395cc9890_1767251395,0x2c3dce8515854f167dc523745a6b9d98d22ec9266d9f4921f62fd3e4bf1cfa1b,0xae4543bbbcc1587fb180291f621b7a840992cce7,BUY,110290742709531333936637417418570910881285907663357514844586483587588568832794,0.004,110.0,1767251395
0x5fa514ab8fca7613c15d5d2bd100d3bd23d215c6cfb8502bfba97c46fff832eb_1767251395,0x2c3dce8515854f167dc523745a6b9d98d22ec9266d9f4921f62fd3e4bf1cfa1b,0xae4543bbbcc1587fb180291f621b7a840992cce7,BUY,110290742709531333936637417418570910881285907663357514844586483587588568832794,0.004,110.0,1767251395
0x5fbe42d9f9c391558099324c3eb2ef92af15d119f9a2614e9903cbc787dc4bf8_1767251395,0x2c3dce8515854f167dc523745a6b9d98d22ec9266d9f4921f62fd3e4bf1cfa1b,0xae4543bbbcc1587fb180291f621b7a840992cce7,BUY,110290742709531333936637417418570910881285907663357514844586483587588568832794,0.004,110.0,1767251395
0x44ac2d41194f95576b4aa904de8b6341d36114a3a06a2ebd46772ffaf0d43e22_1767251395,0x2c3dce8515854f167dc523745a6b9d98d22ec9266d9f4921f62fd3e4bf1cfa1b,0x2b366034b69b64a444406b2db7ec1ff7869c473b,BUY,86498068750018438192524977941980476748299785729870940867089250086714498791178,0.999,4.384,1767251395
0xa2de5c4580b550742d55b41b3ccf3c37356a58d88b8a902af6525de5bbc895fd_1767251395,0x2c3dce8515854f167dc523745a6b9d98d22ec9266d9f4921f62fd3e4bf1cfa1b,0x7c33a9135c1cf344a3524852138553f41233e721,BUY,86498068750018438192524977941980476748299785729870940867089250086714498791178,0.999,1.001,1767251395
0x50374371da578a3a4f1df57876f0e89970b68ae31df0328d921184a9beb3126d_1767251395,0x2c3dce8515854f167dc523745a6b9d98d22ec9266d9f4921f62fd3e4bf1cfa1b,0x2b366034b69b64a444406b2db7ec1ff7869c473b,BUY,86498068750018438192524977941980476748299785729870940867089250086714498791178,0.999,4.384,1767251395
0x78a5bd5e3e153bb7ff178fe233c7d80801c7ba340d39d5c630325b3b678e8937_1767251395,0x2c3dce8515854f167dc523745a6b9d98d22ec9266d9f4921f62fd3e4bf1cfa1b,0xae4543bbbcc1587fb180291f621b7a840992cce7,BUY,110290742709531333936637417418570910881285907663357514844586483587588568832794,0.004,110.0,1767251395
0xa9b0bf61ec081721af99f0802b446d7a3bc4630144fd2529c585b0a695980290_1767251397,0x2c3dce8515854f167dc523745a6b9d98d22ec9266d9f4921f62fd3e4bf1cfa1b,0x7c33a9135c1cf344a3524852138553f41233e721,BUY,86498068750018438192524977941980476748299785729870940867089250086714498791178,0.999,1.001,1767251397
0xad0d3f2fe782efd2e4f5738320f0f62e33ecad82720f36744023c2790ecaba61_1767251397,0x2c3dce8515854f167dc523745a6b9d98d22ec9266d9f4921f62fd3e4bf1cfa1b,0x7c33a9135c1cf344a3524852138553f41233e721,BUY,86498068750018438192524977941980476748299785729870940867089250086714498791178,0.999,1.001,1767251397
0xb34905d7efeb73b96a81c1d9e3da771aaf7b77a18c32e8220fbc85b33a8d58bf_1767251397,0x2c3dce8515854f167dc523745a6b9d98d22ec9266d9f4921f62fd3e4bf1cfa1b,0x2b366034b69b64a444406b2db7ec1ff7869c473b,BUY,86498068750018438192524977941980476748299785729870940867089250086714498791178,0.999,4.384,1767251397
0xf19605b18c9df715958b71a63527cf8c5bfd7848cbda6d13c5d68ba674bf80a0_1767251397,0x2c3dce8515854f167dc523745a6b9d98d22ec9266d9f4921f62fd3e4bf1cfa1b,0x2b366034b69b64a444406b2db7ec1ff7869c473b,BUY,86498068750018438192524977941980476748299785729870940867089250086714498791178,0.999,4.384,1767251397
0xfbc0c86396365a572f7b246ad2909ebb1dc0d95abc46b1a09b56360692659e07_1767251397,0x2c3dce8515854f167dc523745a6b9d98d22ec9266d9f4921f62fd3e4bf1cfa1b,0xae4543bbbcc1587fb180291f621b7a840992cce7,BUY,110290742709531333936637417418570910881285907663357514844586483587588568832794,0.004,110.0,1767251397
0x1fa7967392221d55bcf46e7f3b08096fe90efddeac37113d6ebe9c9d2e54be73_1767251397,0x2c3dce8515854f167dc523745a6b9d98d22ec9266d9f4921f62fd3e4bf1cfa1b,0xae4543bbbcc1587fb180291f621b7a840992cce7,BUY,110290742709531333936637417418570910881285907663357514844586483587588568832794,0.004,110.0,1767251397
0x1b7d8a48a92f72ec5e720a45bd9de1cc314e585b5d6996d3de490fe07fbbf2fb_1767251397,0x2c3dce8515854f167dc523745a6b9d98d22ec9266d9f4921f62fd3e4bf1cfa1b,0x7c33a9135c1cf344a3524852138553f41233e721,BUY,86498068750018438192524977941980476748299785729870940867089250086714498791178,0.999,1.001,1767251397
0xf0617ce077cac4406b809aee700356b155068fc9502b82da46eb5a48eb6eec6e_1767251397,0x2c3dce8515854f167dc523745a6b9d98d22ec9266d9f4921f62fd3e4bf1cfa1b,0x2b366034b69b64a444406b2db7ec1ff7869c473b,BUY,86498068750018438192524977941980476748299785729870940867089250086714498791178,0.999,4.384,1767251397
0xf36956b09903c7df0df35318c75139dcf40332883409c074a6d29a71e5fe5c90_1767251397,0x2c3dce8515854f167dc523745a6b9d98d22ec9266d9f4921f62fd3e4bf1cfa1b,0xae4543bbbcc1587fb180291f621b7a840992cce7,BUY,110290742709531333936637417418570910881285907663357514844586483587588568832794,0.004,110.0,1767251397
0x8781e755ee3b4bc8f7448e83f06a18f0bf83f43e178d25de0b8e8718462144a9_1767251397,0x2c3dce8515854f167dc523745a6b9d98d22ec9266d9f4921f62fd3e4bf1cfa1b,0x2b366034b69b64a444406b2db7ec1ff7869c473b,BUY,86498068750018438192524977941980476748299785729870940867089250086714498791178,0.999,4.384,1767251397
0xc9963c17cffd700bd10c3c2c37cb3c6f1a225866fe173d73eeb24c5002d38099_1767251397,0x2c3dce8515854f167dc523745a6b9d98d22ec9266d9f4921f62fd3e4bf1cfa1b,0xae4543bbbcc1587fb180291f621b7a840992cce7,BUY,110290742709531333936637417418570910881285907663357514844586483587588568832794,0.004,110.0,1767251397
0xbaaf1d6ceefd2c653148e1f6a08da9d5a38498cbafb8a4fc64f822d2a97a1c5f_1767251397,0x2c3dce8515854f167dc523745a6b9d98d22ec9266d9f4921f62fd3e4bf1cfa1b,0xae4543bbbcc1587fb180291f621b7a840992cce7,BUY,110290742709531333936637417418570910881285907663357514844586483587588568832794,0.004,110.0,1767251397
0x02f7cb8fafe441234febd57953b405118e31e3e7155c674bb748b86067fa05b5_1767251397,0x2c3dce8515854f167dc523745a6b9d98d22ec9266d9f4921f62fd3e4bf1cfa1b,0x7c33a9135c1cf344a3524852138553f41233e721,BUY,86498068750018438192524977941980476748299785729870940867089250086714498791178,0.999,1.001,1767251397
0x5aecdc79b7ef497090a50acf228a31e44e19591980a4250d357b11ee34a25db6_1767251397,0x2c3dce8515854f167dc523745a6b9d98d22ec9266d9f4921f62fd3e4bf1cfa1b,0xae4543bbbcc1587fb180291f621b7a840992cce7,BUY,110290742709531333936637417418570910881285907663357514844586483587588568832794,0.004,110.0,1767251397
0x2f8ca37aa2522921b188076d3876cc48d4e6410e841da1c754b5986821e5526b_1767251397,0x2c3dce8515854f167dc523745a6b9d98d22ec9266d9f4921f62fd3e4bf1cfa1b,0xae4543bbbcc1587fb180291f621b7a840992cce7,BUY,110290742709531333936637417418570910881285907663357514844586483587588568832794,0.004,110.0,1767251397
0xd5835f7c0418e67a4ea98cf005cae8e2e8f8c18a7050b3ecbed848cb87b9ed59_1767251397,0x2c3dce8515854f167dc523745a6b9d98d22ec9266d9f4921f62fd3e4bf1cfa1b,0x2b366034b69b64a444406b2db7ec1ff7869c473b,BUY,86498068750018438192524977941980476748299785729870940867089250086714498791178,0.999,4.384,1767251397
0xf2c94e6b920a0ac628eba8359cf594d1f8dc9e71e07719549d3318b688ee04d3_1767251397,0x2c3dce8515854f167dc523745a6b9d98d22ec9266d9f4921f62fd3e4bf1cfa1b,0xae4543bbbcc1587fb180291f621b7a840992cce7,BUY,110290742709531333936637417418570910881285907663357514844586483587588568832794,0.004,110.0,1767251397
0x16a597d483c99c671361dd6abe65b83c65974b8bc2924bafcbb6ffd90a773936_1767251397,0x2c3dce8515854f167dc523745a6b9d98d22ec9266d9f4921f62fd3e4bf1cfa1b,0xae4543bbbcc1587fb180291f621b7a840992cce7,BUY,110290742709531333936637417418570910881285907663357514844586483587588568832794,0.004,110.0,1767251397
0x7e53e6166db3be5bf0591bc30ad2dbc476c7657c2538442c21307a1cc1a8b69e_1767251397,0x2c3dce8515854f167dc523745a6b9d98d22ec9266d9f4921f62fd3e4bf1cfa1b,0x7c33a9135c1cf344a3524852138553f41233e721,BUY,86498068750018438192524977941980476748299785729870940867089250086714498791178,0.999,1.001,1767251397
0x6b0db72fa4be9111f2bdf295908d0d85c3c194a260352cbdc01da6771b735eab_1767251397,0x2c3dce8515854f167dc523745a6b9d98d22ec9266d9f4921f62fd3e4bf1cfa1b,0xae4543bbbcc1587fb180291f621b7a840992cce7,BUY,110290742709531333936637417418570910881285907663357514844586483587588568832794,0.004,110.0,1767251397
0x1632677b40427354dc0cb3dc7e67f3270e4a4fa4ee654742887b09a1505d829d_1767251399,0x2c3dce8515854f167dc523745a6b9d98d22ec9266d9f4921f62fd3e4bf1cfa1b,0x7c33a9135c1cf344a3524852138553f41233e721,BUY,86498068750018438192524977941980476748299785729870940867089250086714498791178,0.999,1.001,1767251399
0x34843711fdde570b4c57741601a72bb15c09571f40ff43423901f8c23de93c4e_1767251399,0x2c3dce8515854f167dc523745a6b9d98d22ec9266d9f4921f62fd3e4bf1cfa1b,0x2b366034b69b64a444406b2db7ec1ff7869c473b,BUY,86498068750018438192524977941980476748299785729870940867089250086714498791178,0.999,4.384,1767251399
0x2a4d38b07fb09a048ff3f32c79dfe1a873b0abda75e51028c085bf3e74d22c74_1767251399,0x2c3dce8515854f167dc523745a6b9d98d22ec9266d9f4921f62fd3e4bf1cfa1b,0x7c33a9135c1cf344a3524852138553f41233e721,BUY,86498068750018438192524977941980476748299785729870940867089250086714498791178,0.999,1.001,1767251399
0xa8fbbbd0e1dec2ccd6085fd9a27177fe5f063a62640b759d95fd55bdeab86faf_1767251399,0x2c3dce8515854f167dc523745a6b9d98d22ec9266d9f4921f62fd3e4bf1cfa1b,0x7c33a9135c1cf344a3524852138553f41233e721,BUY,86498068750018438192524977941980476748299785729870940867089250086714498791178,0.999,1.001,1767251399
0xdaaea80033be02bf19fb27dff29709150cb939c946d1b3820c756a06d86f9a0c_1767251399,0x2c3dce8515854f167dc523745a6b9d98d22ec9266d9f4921f62fd3e4bf1cfa1b,0x2b366034b69b64a444406b2db7ec1ff7869c473b,BUY,86498068750018438192524977941980476748299785729870940867089250086714498791178,0.999,4.384,1767251399
0x601867683ad10d8f9f5311835df811d624c02e02b1a315b88b020de6069a94a9_1767251399,0x2c3dce8515854f167dc523745a6b9d98d22ec9266d9f4921f62fd3e4bf1cfa1b,0xae4543bbbcc1587fb180291f621b7a840992cce7,BUY,110290742709531333936637417418570910881285907663357514844586483587588568832794,0.004,110.0,1767251399
0x6fd8cb231f68e7f833c0d5899e6543881830bc834ca78351c9b1c09b2041aa12_1767251399,0x2c3dce8515854f167dc523745a6b9d98d22ec9266d9f4921f62fd3e4bf1cfa1b,0xae4543bbbcc1587fb180291f621b7a840992cce7,BUY,110290742709531333936637417418570910881285907663357514844586483587588568832794,0.004,110.0,1767251399
0xbfe869b819c339bbf03f74f9f916cd06b4c6e135a55d0715dbe06460a3868817_1767251399,0x2c3dce8515854f167dc523745a6b9d98d22ec9266d9f4921f62fd3e4bf1cfa1b,0xae4543bbbcc1587fb180291f621b7a840992cce7,BUY,110290742709531333936637417418570910881285907663357514844586483587588568832794,0.004,110.0,1767251399
0x3ba979bea283d68c391a28722a845b16dee8ae5dcf58bd3231ca6acafbb412ee_1767251399,0x2c3dce8515854f167dc523745a6b9d98d22ec9266d9f4921f62fd3e4bf1cfa1b,0xae4543bbbcc1587fb180291f621b7a840992cce7,BUY,110290742709531333936637417418570910881285907663357514844586483587588568832794,0.004,110.0,1767251399
0x67d9f56c799195d11965981a18171ca866814aa91a97f32a96047ffd97793454_1767251399,0x2c3dce8515854f167dc523745a6b9d98d22ec9266d9f4921f62fd3e4bf1cfa1b,0x2b366034b69b64a444406b2db7ec1ff7869c473b,BUY,86498068750018438192524977941980476748299785729870940867089250086714498791178,0.999,4.384,1767251399
0xa44dea5533096b43d5e203926753ce1cd21c27326da20e2c149c1dbc0e8499e2_1767251399,0x2c3dce8515854f167dc523745a6b9d98d22ec9266d9f4921f62fd3e4bf1cfa1b,0xae4543bbbcc1587fb180291f621b7a840992cce7,BUY,110290742709531333936637417418570910881285907663357514844586483587588568832794,0.004,110.0,1767251399
0x2f47a18f2fbf59f6f83a0a56b45504dbeb9232e2598b4c43e22754f3aaffb7fb_1767251399,0x2c3dce8515854f167dc523745a6b9d98d22ec9266d9f4921f62fd3e4bf1cfa1b,0xae4543bbbcc1587fb180291f621b7a840992cce7,BUY,110290742709531333936637417418570910881285907663357514844586483587588568832794,0.004,110.0,1767251399
0x0cff7d9cfb24c12f329553b24c1451b32b90033880fa096ff956a85acc602441_1767251399,0x2c3dce8515854f167dc523745a6b9d98d22ec9266d9f4921f62fd3e4bf1cfa1b,0x2b366034b69b64a444406b2db7ec1ff7869c473b,BUY,86498068750018438192524977941980476748299785729870940867089250086714498791178,0.999,4.384,1767251399
0xb2687dd7957d1a3a7a947af05585c22e9518f4eb0f30256a6907520c43823572_1767251399,0x2c3dce8515854f167dc523745a6b9d98d22ec9266d9f4921f62fd3e4bf1cfa1b,0xae4543bbbcc1587fb180291f621b7a840992cce7,BUY,110290742709531333936637417418570910881285907663357514844586483587588568832794,0.004,110.0,1767251399
0xf2d3e0b1b13b4d4b7822865f09bc9a7a09c137a6f1f037dae907057dc5667041_1767251399,0x2c3dce8515854f167dc523745a6b9d98d22ec9266d9f4921f62fd3e4bf1cfa1b,0xae4543bbbcc1587fb180291f621b7a840992cce7,BUY,110290742709531333936637417418570910881285907663357514844586483587588568832794,0.004,110.0,1767251399
0xa72d294b79bbb9ae9ad563075aae605eea7f66336715322f128a822dd1efdf62_1767251399,0x2c3dce8515854f167dc523745a6b9d98d22ec9266d9f4921f62fd3e4bf1cfa1b,0xae4543bbbcc1587fb180291f621b7a840992cce7,BUY,110290742709531333936637417418570910881285907663357514844586483587588568832794,0.004,110.0,1767251399
0xd76a05989d97e9b2489cb42e0101af0fd3ea1e673449aa4dd13817608045c361_1767251399,0x2c3dce8515854f167dc523745a6b9d98d22ec9266d9f4921f62fd3e4bf1cfa1b,0x2b366034b69b64a444406b2db7ec1ff7869c473b,BUY,86498068750018438192524977941980476748299785729870940867089250086714498791178,0.999,4.384,1767251399
0x96008c43e5c80893e0c2695194537f2687af8ff4d7d94005973c4dd8987ea766_1767251399,0x2c3dce8515854f167dc523745a6b9d98d22ec9266d9f4921f62fd3e4bf1cfa1b,0xae4543bbbcc1587fb180291f621b7a840992cce7,BUY,110290742709531333936637417418570910881285907663357514844586483587588568832794,0.004,110.0,1767251399
0xfe64e2346b545e22e01e040e51c4a9eda74f7afef9b786dfd788485547c30f43_1767251399,0x2c3dce8515854f167dc523745a6b9d98d22ec9266d9f4921f62fd3e4bf1cfa1b,0x7c33a9135c1cf344a3524852138553f41233e721,BUY,86498068750018438192524977941980476748299785729870940867089250086714498791178,0.999,1.001,1767251399
0xe1fe2f58b7f98fc851cb0a8b83fa967c2ef477bf37d277db3d2fb0fbf0e8b2e6_1767251399,0x2c3dce8515854f167dc523745a6b9d98d22ec9266d9f4921f62fd3e4bf1cfa1b,0x7c33a9135c1cf344a3524852138553f41233e721,BUY,86498068750018438192524977941980476748299785729870940867089250086714498791178,0.999,1.001,1767251399
0xa1f2f1099ea7adc5b8b1aeb5ed6927f23eda3f946742d0dad03ef06d4341911b_1767251401,0x2c3dce8515854f167dc523745a6b9d98d22ec9266d9f4921f62fd3e4bf1cfa1b,0x2b366034b69b64a444406b2db7ec1ff7869c473b,BUY,86498068750018438192524977941980476748299785729870940867089250086714498791178,0.999,4.384,1767251401
0xa3cefff309e3c0ff9ba193fb5ba08b560a1f47ec19c3297dc8f7c59fe7eba3a8_1767251401,0x2c3dce8515854f167dc523745a6b9d98d22ec9266d9f4921f62fd3e4bf1cfa1b,0x2b366034b69b64a444406b2db7ec1ff7869c473b,BUY,86498068750018438192524977941980476748299785729870940867089250086714498791178,0.999,4.384,1767251401
0xd368458c36db1b42f69779479847e047788d0a142f7ec70686998931197c0f7e_1767251401,0x2c3dce8515854f167dc523745a6b9d98d22ec9266d9f4921f62fd3e4bf1cfa1b,0x7c33a9135c1cf344a3524852138553f41233e721,BUY,86498068750018438192524977941980476748299785729870940867089250086714498791178,0.999,1.001,1767251401
0x20296faec193369965529b34a693ed6c390775c4c1e974a6220ae5c50eb1c47b_1767251401,0x2c3dce8515854f167dc523745a6b9d98d22ec9266d9f4921f62fd3e4bf1cfa1b,0xae4543bbbcc1587fb180291f621b7a840992cce7,BUY,110290742709531333936637417418570910881285907663357514844586483587588568832794,0.004,110.0,1767251401
0x1540dc19620b32aa13d7aabc92ed7790f7f12a5c31718fdf43299d835a91413f_1767251401,0x2c3dce8515854f167dc523745a6b9d98d22ec9266d9f4921f62fd3e4bf1cfa1b,0xae4543bbbcc1587fb180291f621b7a840992cce7,BUY,110290742709531333936637417418570910881285907663357514844586483587588568832794,0.004,110.0,1767251401
0xeec851ee63d90cc44af51763867750c61c142a24918072ee513c7a7f17050dc9_1767251401,0x2c3dce8515854f167dc523745a6b9d98d22ec9266d9f4921f62fd3e4bf1cfa1b,0xae4543bbbcc1587fb180291f621b7a840992cce7,BUY,110290742709531333936637417418570910881285907663357514844586483587588568832794,0.004,110.0,1767251401
0x244db38ec487acafafe668dfb71a4a2b2e317e4714e30b5155e48484376ae04d_1767251401,0x2c3dce8515854f167dc523745a6b9d98d22ec9266d9f4921f62fd3e4bf1cfa1b,0xae4543bbbcc1587fb180291f621b7a840992cce7,BUY,110290742709531333936637417418570910881285907663357514844586483587588568832794,0.004,110.0,1767251401
0x463b5cd56a6a9bd52d9c6458470c9f6d637c9433709af12f4e1d620d471fd9c3_1767251401,0x2c3dce8515854f167dc523745a6b9d98d22ec9266d9f4921f62fd3e4bf1cfa1b,0xae4543bbbcc1587fb180291f621b7a840992cce7,BUY,110290742709531333936637417418570910881285907663357514844586483587588568832794,0.004,110.0,1767251401
0xe1d8116a916729288368d79e0198f29c3e7fca5bf30fd1300eb574638798027f_1767251401,0x2c3dce8515854f167dc523745a6b9d98d22ec9266d9f4921f62fd3e4bf1cfa1b,0x7c33a9135c1cf344a3524852138553f41233e721,BUY,86498068750018438192524977941980476748299785729870940867089250086714498791178,0.999,1.001,1767251401
0x90323ae96d1a68c8d6bcb8737cc42776326a52010355137c186fad59c85f9b27_1767251401,0x2c3dce8515854f167dc523745a6b9d98d22ec9266d9f4921f62fd3e4bf1cfa1b,0xae4543bbbcc1587fb180291f621b7a840992cce7,BUY,110290742709531333936637417418570910881285907663357514844586483587588568832794,0.004,110.0,1767251401
0x1777b6dae2aed72018e25ed5bd8139de5b5d84ccb04489025249e2056a7c3420_1767251401,0x2c3dce8515854f167dc523745a6b9d98d22ec9266d9f4921f62fd3e4bf1cfa1b,0xae4543bbbcc1587fb180291f621b7a840992cce7,BUY,110290742709531333936637417418570910881285907663357514844586483587588568832794,0.004,110.0,1767251401
0x5fef96b6ea9a103764ab25ca852dcb49535f6e81497a161bf52b04a90c1a89d0_1767251401,0x2c3dce8515854f167dc523745a6b9d98d22ec9266d9f4921f62fd3e4bf1cfa1b,0x2b366034b69b64a444406b2db7ec1ff7869c473b,BUY,86498068750018438192524977941980476748299785729870940867089250086714498791178,0.999,4.384,1767251401
0xaccdd0ff90b703d38c0db7610f6b4c15b40521f23b3c969cc1673d7ed875a34e_1767251401,0x2c3dce8515854f167dc523745a6b9d98d22ec9266d9f4921f62fd3e4bf1cfa1b,0xae4543bbbcc1587fb180291f621b7a840992cce7,BUY,110290742709531333936637417418570910881285907663357514844586483587588568832794,0.004,110.0,1767251401
0x22e75cde5517e6218bf3e3e4e548e61435f74c6625d371e02579ae3e7f0808fa_1767251401,0x2c3dce8515854f167dc523745a6b9d98d22ec9266d9f4921f62fd3e4bf1cfa1b,0x2b366034b69b64a444406b2db7ec1ff7869c473b,BUY,86498068750018438192524977941980476748299785729870940867089250086714498791178,0.999,4.384,1767251401
0x787fd01593931c91fc2820e100df022954b1e59520a181fbebeba376e68d251b_1767251401,0x2c3dce8515854f167dc523745a6b9d98d22ec9266d9f4921f62fd3e4bf1cfa1b,0x7c33a9135c1cf344a3524852138553f41233e721,BUY,86498068750018438192524977941980476748299785729870940867089250086714498791178,0.999,1.001,1767251401
0x2000a4a2c665908d5b1d8016f6b181d00285db419b98c8f92cb8b15ea0d268dc_1767251401,0x2c3dce8515854f167dc523745a6b9d98d22ec9266d9f4921f62fd3e4bf1cfa1b,0x7c33a9135c1cf344a3524852138553f41233e721,BUY,86498068750018438192524977941980476748299785729870940867089250086714498791178,0.999,1.001,1767251401
0x2c402b1703c872ed2c0302336e28c8ce58fd848855f68c3fa3d75e5e1b718603_1767251401,0x2c3dce8515854f167dc523745a6b9d98d22ec9266d9f4921f62fd3e4bf1cfa1b,0x7c33a9135c1cf344a3524852138553f41233e721,BUY,86498068750018438192524977941980476748299785729870940867089250086714498791178,0.999,1.001,1767251401
0xf26caf60e7a41d78d336d8678e09b086432c9fb1c34cd17b29257a206fde2877_1767251401,0x2c3dce8515854f167dc523745a6b9d98d22ec9266d9f4921f62fd3e4bf1cfa1b,0xae4543bbbcc1587fb180291f621b7a840992cce7,BUY,110290742709531333936637417418570910881285907663357514844586483587588568832794,0.004,110.0,1767251401
0x4ccdf9fc10a479e200e4784770d6459e3ca11b0dd6899a0ff4907837831fae20_1767251401,0x2c3dce8515854f167dc523745a6b9d98d22ec9266d9f4921f62fd3e4bf1cfa1b,0x7c33a9135c1cf344a3524852138553f41233e721,BUY,86498068750018438192524977941980476748299785729870940867089250086714498791178,0.999,1.001,1767251401
0xa2643ea2a47e86a7948bfc79fab3c351b71bfbfe15713e40f98699988e5f7435_1767251401,0x2c3dce8515854f167dc523745a6b9d98d22ec9266d9f4921f62fd3e4bf1cfa1b,0xae4543bbbcc1587fb180291f621b7a840992cce7,BUY,110290742709531333936637417418570910881285907663357514844586483587588568832794,0.004,110.0,1767251401
0x6946428d5cbcdbed188a9fb0dfdec99ec9e57e6cb854d3ce809372a15f6048f2_1767251403,0x2c3dce8515854f167dc523745a6b9d98d22ec9266d9f4921f62fd3e4bf1cfa1b,0x2b366034b69b64a444406b2db7ec1ff7869c473b,BUY,86498068750018438192524977941980476748299785729870940867089250086714498791178,0.999,4.384,1767251403
0x780dfe05ab7bb0ee28bbf0742b442c6ed4e7bb32d44798fd1e0c4d56b64c5b93_1767251403,0x2c3dce8515854f167dc523745a6b9d98d22ec9266d9f4921f62fd3e4bf1cfa1b,0x7c33a9135c1cf344a3524852138553f41233e721,BUY,86498068750018438192524977941980476748299785729870940867089250086714498791178,0.999,1.001,1767251403
0x0df64517c0cf8b30cdd102b01c9935895090a91431bb1e8e9132e5e219896291_1767251403,0x2c3dce8515854f167dc523745a6b9d98d22ec9266d9f4921f62fd3e4bf1cfa1b,0x7c33a9135c1cf344a3524852138553f41233e721,BUY,86498068750018438192524977941980476748299785729870940867089250086714498791178,0.999,1.001,1767251403
0x1a22c2652feb5124253c5f5d1369daf98431f2c5596a7bad1c30bcaff03fa5de_1767251403,0x2c3dce8515854f167dc523745a6b9d98d22ec9266d9f4921f62fd3e4bf1cfa1b,0x7c33a9135c1cf344a3524852138553f41233e721,BUY,86498068750018438192524977941980476748299785729870940867089250086714498791178,0.999,1.001,1767251403
0x7c92dc9c71f0292861e24dd7f929a987761ff5e56e2446f8d9f16d4bf10e2609_1767251403,0x2c3dce8515854f167dc523745a6b9d98d22ec9266d9f4921f62fd3e4bf1cfa1b,0x2b366034b69b64a444406b2db7ec1ff7869c473b,BUY,86498068750018438192524977941980476748299785729870940867089250086714498791178,0.999,4.384,1767251403
0x753aff226bab33eca08afad89dfd31c2e29c7492e9a4b94041e7911d9368014d_1767251403,0x2c3dce8515854f167dc523745a6b9d98d22ec9266d9f4921f62fd3e4bf1cfa1b,0xae4543bbbcc1587fb180291f621b7a840992cce7,BUY,110290742709531333936637417418570910881285907663357514844586483587588568832794,0.004,110.0,1767251403
0x6f17d1c06dc828afc4fa1df59b8188ca9e71d6ced5d9323da3b69669582f9fc0_1767251403,0x2c3dce8515854f167dc523745a6b9d98d22ec9266d9f4921f62fd3e4bf1cfa1b,0xae4543bbbcc1587fb180291f621b7a840992cce7,BUY,110290742709531333936637417418570910881285907663357514844586483587588568832794,0.004,110.0,1767251403
0xb0b3e409051473cce61d97fdedeb836d5945a5c11594603ac84cd76d1e4afa12_1767251403,0x2c3dce8515854f167dc523745a6b9d98d22ec9266d9f4921f62fd3e4bf1cfa1b,0x2b366034b69b64a444406b2db7ec1ff7869c473b,BUY,86498068750018438192524977941980476748299785729870940867089250086714498791178,0.999,4.384,1767251403
0x2e7941b592feb4fe42704b627048530a98c43880153935f321c27f20608747a8_1767251403,0x2c3dce8515854f167dc523745a6b9d98d22ec9266d9f4921f62fd3e4bf1cfa1b,0xae4543bbbcc1587fb180291f621b7a840992cce7,BUY,110290742709531333936637417418570910881285907663357514844586483587588568832794,0.004,110.0,1767251403
0xef4d6dc9bceb0beeac0153e73cc0baf8e1cc62debfae4650669a731d3f9752c8_1767251403,0x2c3dce8515854f167dc523745a6b9d98d22ec9266d9f4921f62fd3e4bf1cfa1b,0xae4543bbbcc1587fb180291f621b7a840992cce7,BUY,110290742709531333936637417418570910881285907663357514844586483587588568832794,0.004,110.0,1767251403
0x7750cf5f2d70837df7f9744f9666be9dfd6b68e11b7859a16d6170be9e4d0e4c_1767251403,0x2c3dce8515854f167dc523745a6b9d98d22ec9266d9f4921f62fd3e4bf1cfa1b,0xae4543bbbcc1587fb180291f621b7a840992cce7,BUY,110290742709531333936637417418570910881285907663357514844586483587588568832794,0.004,110.0,1767251403
0x158b0aff2f6b8f9471d6ea8475698dd27e9a64eb33ecf9e4d8239dc17752aa73_1767251403,0x2c3dce8515854f167dc523745a6b9d98d22ec9266d9f4921f62fd3e4bf1cfa1b,0xae4543bbbcc1587fb180291f621b7a840992cce7,BUY,110290742709531333936637417418570910881285907663357514844586483587588568832794,0.004,110.0,1767251403
0x9633950cffe49f4514d6f512b2ac5dee8042d6c8c9c578084d0e462e8b58fa3e_1767251403,0x2c3dce8515854f167dc523745a6b9d98d22ec9266d9f4921f62fd3e4bf1cfa1b,0x2b366034b69b64a444406b2db7ec1ff7869c473b,BUY,86498068750018438192524977941980476748299785729870940867089250086714498791178,0.999,4.384,1767251403
0x5077a337aa838bbdaf430f762b70e7d54a98d617c6515ce409e07a36ab5e1287_1767251403,0x2c3dce8515854f167dc523745a6b9d98d22ec9266d9f4921f62fd3e4bf1cfa1b,0xae4543bbbcc1587fb180291f621b7a840992cce7,BUY,110290742709531333936637417418570910881285907663357514844586483587588568832794,0.004,110.0,1767251403
0xf4b872fd2c7256ad09a119880d64b20ba1260d0e879f8c4824c2df13d999c31f_1767251403,0x2c3dce8515854f167dc523745a6b9d98d22ec9266d9f4921f62fd3e4bf1cfa1b,0xae4543bbbcc1587fb180291f621b7a840992cce7,BUY,110290742709531333936637417418570910881285907663357514844586483587588568832794,0.004,110.0,1767251403
0x0e1642752c6b7631c9ca8c2ada81155c3299153180db428539912a55a45bdb11_1767251403,0x2c3dce8515854f167dc523745a6b9d98d22ec9266d9f4921f62fd3e4bf1cfa1b,0x7c33a9135c1cf344a3524852138553f41233e721,BUY,86498068750018438192524977941980476748299785729870940867089250086714498791178,0.999,1.001,1767251403
0x48bef5d9212ca87d3d2b40335da39e6429e1efd87ec6bed45cc9306db6661519_1767251403,0x2c3dce8515854f167dc523745a6b9d98d22ec9266d9f4921f62fd3e4bf1cfa1b,0x2b366034b69b64a444406b2db7ec1ff7869c473b,BUY,86498068750018438192524977941980476748299785729870940867089250086714498791178,0.999,4.384,1767251403
0xa0c67636e3e37822ab4b16b0167922740f520bfd5cfc213b6906e3683cbba7ca_1767251403,0x2c3dce8515854f167dc523745a6b9d98d22ec9266d9f4921f62fd3e4bf1cfa1b,0x7c33a9135c1cf344a3524852138553f41233e721,BUY,86498068750018438192524977941980476748299785729870940867089250086714498791178,0.999,1.001,1767251403
0x05dccbff0a8ca8836300484b31460653e642abe52b59807d83c5a430c1ee042c_1767251403,0x2c3dce8515854f167dc523745a6b9d98d22ec9266d9f4921f62fd3e4bf1cfa1b,0x2b366034b69b64a444406b2db7ec1ff7869c473b,BUY,86498068750018438192524977941980476748299785729870940867089250086714498791178,0.999,4.384,1767251403
0x5f9cb43c15b8c9f024778d465fb043a4593fca82bd8977bfbf6c191af9105820_1767251405,0x2c3dce8515854f167dc523745a6b9d98d22ec9266d9f4921f62fd3e4bf1cfa1b,0x2b366034b69b64a444406b2db7ec1ff7869c473b,BUY,86498068750018438192524977941980476748299785729870940867089250086714498791178,0.999,4.384,1767251405
0x19fa1a628d940249087d2bae447e2408967cfa8e8088446d508c7aa4981e201d_1767251405,0x2c3dce8515854f167dc523745a6b9d98d22ec9266d9f4921f62fd3e4bf1cfa1b,0xae4543bbbcc1587fb180291f621b7a840992cce7,BUY,110290742709531333936637417418570910881285907663357514844586483587588568832794,0.004,110.0,1767251405
0xb51079f505aef9f5a5df4350f1b4a56ac54edc018919776cd33307db25f45bcc_1767251405,0x2c3dce8515854f167dc523745a6b9d98d22ec9266d9f4921f62fd3e4bf1cfa1b,0xf95d4f8f524f5fa3dbef41f45e52bcad7d84ca8d,BUY,86498068750018438192524977941980476748299785729870940867089250086714498791178,0.999,5.72,1767251405
0x4667ddd9c7119af3706b2419543a228fbae7311a5c848ab0e639b4b8512b13d2_1767251405,0x2c3dce8515854f167dc523745a6b9d98d22ec9266d9f4921f62fd3e4bf1cfa1b,0x7c33a9135c1cf344a3524852138553f41233e721,BUY,86498068750018438192524977941980476748299785729870940867089250086714498791178,0.999,1.001,1767251405
0x4d70172a64a9b1ce9832822a334c79ab080a246449ff74cf9fa30c9a7ed326e0_1767251405,0x2c3dce8515854f167dc523745a6b9d98d22ec9266d9f4921f62fd3e4bf1cfa1b,0x2b366034b69b64a444406b2db7ec1ff7869c473b,BUY,86498068750018438192524977941980476748299785729870940867089250086714498791178,0.999,4.384,1767251405
0x968a813117cf06a8654f1345fc9a1eb9a75687d662015ff774e7b0ea7aab2e7c_1767251405,0x2c3dce8515854f167dc523745a6b9d98d22ec9266d9f4921f62fd3e4bf1cfa1b,0xae4543bbbcc1587fb180291f621b7a840992cce7,BUY,110290742709531333936637417418570910881285907663357514844586483587588568832794,0.004,110.0,1767251405
0x4209cb43a3ffbf0a89aeb7ea8cf3368e85b23d56b32b3a432b569baa061173ad_1767251405,0x2c3dce8515854f167dc523745a6b9d98d22ec9266d9f4921f62fd3e4bf1cfa1b,0x2b366034b69b64a444406b2db7ec1ff7869c473b,BUY,86498068750018438192524977941980476748299785729870940867089250086714498791178,0.999,4.384,1767251405
0xc16c95f7b769612e375073faf87ba7f0eab65da70b0fae3342c4690a36f3f2eb_1767251405,0x2c3dce8515854f167dc523745a6b9d98d22ec9266d9f4921f62fd3e4bf1cfa1b,0x7c33a9135c1cf344a3524852138553f41233e721,BUY,86498068750018438192524977941980476748299785729870940867089250086714498791178,0.999,1.001,1767251405
0xb12862b3a0c540a75391736e1be35db8988ce4075b2f5e6ecfc781dd0b4100be_1767251405,0x2c3dce8515854f167dc523745a6b9d98d22ec9266d9f4921f62fd3e4bf1cfa1b,0x2b366034b69b64a444406b2db7ec1ff7869c473b,BUY,86498068750018438192524977941980476748299785729870940867089250086714498791178,0.999,4.384,1767251405
0x0c987067ee307f6fa6ecc63eb2da0cdb07939f79c98420b2739d876c25357258_1767251405,0x2c3dce8515854f167dc523745a6b9d98d22ec9266d9f4921f62fd3e4bf1cfa1b,0x7c33a9135c1cf344a3524852138553f41233e721,BUY,86498068750018438192524977941980476748299785729870940867089250086714498791178,0.999,1.001,1767251405
0xff89913cc23c5acaed480ef78164b6ebc67a27b07028290fa6f13480e6c534e2_1767251405,0x2c3dce8515854f167dc523745a6b9d98d22ec9266d9f4921f62fd3e4bf1cfa1b,0xae4543bbbcc1587fb180291f621b7a840992cce7,BUY,110290742709531333936637417418570910881285907663357514844586483587588568832794,0.004,110.0,1767251405
0x91873f9c60b34564e1587f07b81e1ee4eab099cd61f4c30a0e87d42975215bf7_1767251405,0x2c3dce8515854f167dc523745a6b9d98d22ec9266d9f4921f62fd3e4bf1cfa1b,0xae4543bbbcc1587fb180291f621b7a840992cce7,BUY,110290742709531333936637417418570910881285907663357514844586483587588568832794,0.004,110.0,1767251405
0xacae8f639e6e1813052c60aa7b6d830d56c2235a01beefb95d6039e759a6d4d1_1767251405,0x2c3dce8515854f167dc523745a6b9d98d22ec9266d9f4921f62fd3e4bf1cfa1b,0xae4543bbbcc1587fb180291f621b7a840992cce7,BUY,110290742709531333936637417418570910881285907663357514844586483587588568832794,0.004,110.0,1767251405
0x1279105490b61a57c657b0cb39df84fc28e3e80a92148c6c8f6830098f8c415f_1767251405,0x2c3dce8515854f167dc523745a6b9d98d22ec9266d9f4921f62fd3e4bf1cfa1b,0xae4543bbbcc1587fb180291f621b7a840992cce7,BUY,110290742709531333936637417418570910881285907663357514844586483587588568832794,0.004,110.0,1767251405
0xd24dd33348a55376a54f93690eaca91233964479daaabef94349bd271ff6e109_1767251405,0x2c3dce8515854f167dc523745a6b9d98d22ec9266d9f4921f62fd3e4bf1cfa1b,0xae4543bbbcc1587fb180291f621b7a840992cce7,BUY,110290742709531333936637417418570910881285907663357514844586483587588568832794,0.004,110.0,1767251405
0x52cc382b6d3900fa10c7c2c41b342388246332270e53fee48a877af598c39ad4_1767251405,0x2c3dce8515854f167dc523745a6b9d98d22ec9266d9f4921f62fd3e4bf1cfa1b,0xae4543bbbcc1587fb180291f621b7a840992cce7,BUY,110290742709531333936637417418570910881285907663357514844586483587588568832794,0.004,110.0,1767251405
0xccdaf2bf011fde33b83801936cc40d2cb15a57686d86cce73d94ce0fa7f5858f_1767251405,0x2c3dce8515854f167dc523745a6b9d98d22ec9266d9f4921f62fd3e4bf1cfa1b,0x7c33a9135c1cf344a3524852138553f41233e721,BUY,86498068750018438192524977941980476748299785729870940867089250086714498791178,0.999,1.001,1767251405
0xf46c3ff849c6fda7df8d9d2860b7c0e4e6a8e70ee92b2b7fd1927b7c44600ed2_1767251405,0x2c3dce8515854f167dc523745a6b9d98d22ec9266d9f4921f62fd3e4bf1cfa1b,0x7c33a9135c1cf344a3524852138553f41233e721,BUY,86498068750018438192524977941980476748299785729870940867089250086714498791178,0.999,1.001,1767251405
0x02ee7c4b5bc0d98f484981bb5a84be9f103a873f35edb19741da11f630e67786_1767251405,0x2c3dce8515854f167dc523745a6b9d98d22ec9266d9f4921f62fd3e4bf1cfa1b,0xae4543bbbcc1587fb180291f621b7a840992cce7,BUY,110290742709531333936637417418570910881285907663357514844586483587588568832794,0.004,110.0,1767251405
0xc32b4ad3753becaa1963472b6a2caeb1f1fd73494176f9568cdc8a512a101a8b_1767251405,0x2c3dce8515854f167dc523745a6b9d98d22ec9266d9f4921f62fd3e4bf1cfa1b,0xae4543bbbcc1587fb180291f621b7a840992cce7,BUY,110290742709531333936637417418570910881285907663357514844586483587588568832794,0.004,110.0,1767251405
0xbd74d33f3d0a5f766ee2b21f5fa7d81810584fdea04a7e45d6c1ecbf3c097d54_1767251407,0x2c3dce8515854f167dc523745a6b9d98d22ec9266d9f4921f62fd3e4bf1cfa1b,0xae4543bbbcc1587fb180291f621b7a840992cce7,BUY,110290742709531333936637417418570910881285907663357514844586483587588568832794,0.004,110.0,1767251407
0xbcf77aa0a05ef6d2d1a55c34fcf8cc35b567172cb51b5882ceb073675101b5ab_1767251407,0x2c3dce8515854f167dc523745a6b9d98d22ec9266d9f4921f62fd3e4bf1cfa1b,0xae4543bbbcc1587fb180291f621b7a840992cce7,BUY,110290742709531333936637417418570910881285907663357514844586483587588568832794,0.004,110.0,1767251407
0xf6bec3ffa6b35a5e9c4db34eec5ca4d411f5caa33b28ae36d8efdcc1ece92537_1767251407,0x2c3dce8515854f167dc523745a6b9d98d22ec9266d9f4921f62fd3e4bf1cfa1b,0xae4543bbbcc1587fb180291f621b7a840992cce7,BUY,110290742709531333936637417418570910881285907663357514844586483587588568832794,0.004,110.0,1767251407
0x56aa7dc79454715da4e0c442eab4b7224dcdece9b5b9396dd92dcfdaa5f573b3_1767251407,0x2c3dce8515854f167dc523745a6b9d98d22ec9266d9f4921f62fd3e4bf1cfa1b,0xae4543bbbcc1587fb180291f621b7a840992cce7,BUY,110290742709531333936637417418570910881285907663357514844586483587588568832794,0.004,110.0,1767251407
0x9787430d9ae0b194f5d5d55513e4439544e4099e9b1243b89ac2b698f6fdf1f7_1767251407,0x2c3dce8515854f167dc523745a6b9d98d22ec9266d9f4921f62fd3e4bf1cfa1b,0xae4543bbbcc1587fb180291f621b7a840992cce7,BUY,110290742709531333936637417418570910881285907663357514844586483587588568832794,0.004,110.0,1767251407
0x848465d1b76cdd4ec3c10638a3fd657a2a167757e5bf6ffc95fcc5b525d87a95_1767251407,0x2c3dce8515854f167dc523745a6b9d98d22ec9266d9f4921f62fd3e4bf1cfa1b,0x2b366034b69b64a444406b2db7ec1ff7869c473b,BUY,86498068750018438192524977941980476748299785729870940867089250086714498791178,0.999,4.384,1767251407
0x70ad3b7a136703a3c87f9e2f5e393f977b496d132ffce1883f95bcabb011be58_1767251407,0x2c3dce8515854f167dc523745a6b9d98d22ec9266d9f4921f62fd3e4bf1cfa1b,0xae4543bbbcc1587fb180291f621b7a840992cce7,BUY,110290742709531333936637417418570910881285907663357514844586483587588568832794,0.004,110.0,1767251407
0x598dcf27993fcd420735064adc298acf63e9023f826ba6e9bae6d88d1df1ad48_1767251407,0x2c3dce8515854f167dc523745a6b9d98d22ec9266d9f4921f62fd3e4bf1cfa1b,0xae4543bbbcc1587fb180291f621b7a840992cce7,BUY,110290742709531333936637417418570910881285907663357514844586483587588568832794,0.004,110.0,1767251407
0x990dfaab52d39a7ba038a05e766ddd83778edff890b9ac21f1612fab8c366117_1767251407,0x2c3dce8515854f167dc523745a6b9d98d22ec9266d9f4921f62fd3e4bf1cfa1b,0xae4543bbbcc1587fb180291f621b7a840992cce7,BUY,110290742709531333936637417418570910881285907663357514844586483587588568832794,0.004,110.0,1767251407
0x9e19b177324c51e6529fe4f82db7c35823181146157d6b210981f3dc5ca9feee_1767251407,0x2c3dce8515854f167dc523745a6b9d98d22ec9266d9f4921f62fd3e4bf1cfa1b,0x7c33a9135c1cf344a3524852138553f41233e721,BUY,86498068750018438192524977941980476748299785729870940867089250086714498791178,0.999,1.001,1767251407
0x0ea70e40988c13b8e6de63ad64692b722ee29737eb2d9fc8678cc67001c97937_1767251407,0x2c3dce8515854f167dc523745a6b9d98d22ec9266d9f4921f62fd3e4bf1cfa1b,0x2b366034b69b64a444406b2db7ec1ff7869c473b,BUY,86498068750018438192524977941980476748299785729870940867089250086714498791178,0.999,4.384,1767251407
0x5795d860a8501a9f67305ec1d1cefcfa4bb8ac256d5a0e1af461a72e63fb70c8_1767251407,0x2c3dce8515854f167dc523745a6b9d98d22ec9266d9f4921f62fd3e4bf1cfa1b,0x7c33a9135c1cf344a3524852138553f41233e721,BUY,86498068750018438192524977941980476748299785729870940867089250086714498791178,0.999,1.001,1767251407
0x748cfbc0f9906e2485ffb9f5f36c404dc6dd1ccdbd45bd65d9f034a1087f5a98_1767251407,0x2c3dce8515854f167dc523745a6b9d98d22ec9266d9f4921f62fd3e4bf1cfa1b,0xae4543bbbcc1587fb180291f621b7a840992cce7,BUY,110290742709531333936637417418570910881285907663357514844586483587588568832794,0.004,110.0,1767251407
0xd4561a87041b75013bb5c527a2e24e9509561e29e308241b8f4db0d0cb56abb8_1767251407,0x2c3dce8515854f167dc523745a6b9d98d22ec9266d9f4921f62fd3e4bf1cfa1b,0xae4543bbbcc1587fb180291f621b7a840992cce7,BUY,110290742709531333936637417418570910881285907663357514844586483587588568832794,0.004,110.0,1767251407
0xc0cf7823607ae99628c4859ddcfc851064d82fd85ebdb8356c05d689a94110ef_1767251407,0x2c3dce8515854f167dc523745a6b9d98d22ec9266d9f4921f62fd3e4bf1cfa1b,0xae4543bbbcc1587fb180291f621b7a840992cce7,BUY,110290742709531333936637417418570910881285907663357514844586483587588568832794,0.004,110.0,1767251407
0x70b8d338417dfdf8caa2029d4aa5ecad44c3b4d4f5cdb09b3668886d44746c11_1767251407,0x2c3dce8515854f167dc523745a6b9d98d22ec9266d9f4921f62fd3e4bf1cfa1b,0x7c33a9135c1cf344a3524852138553f41233e721,BUY,86498068750018438192524977941980476748299785729870940867089250086714498791178,0.999,1.001,1767251407
0x8393e49056630b60520a753c15f7a65c987fe514d2cf8f7e1af399f8aded8803_1767251407,0x2c3dce8515854f167dc523745a6b9d98d22ec9266d9f4921f62fd3e4bf1cfa1b,0x2b366034b69b64a444406b2db7ec1ff7869c473b,BUY,86498068750018438192524977941980476748299785729870940867089250086714498791178,0.999,4.384,1767251407
0x3fe786a732c98c76ac0f1f61c565792675d7d69ab0115b4d4d931573445fca71_1767251407,0x2c3dce8515854f167dc523745a6b9d98d22ec9266d9f4921f62fd3e4bf1cfa1b,0xae4543bbbcc1587fb180291f621b7a840992cce7,BUY,110290742709531333936637417418570910881285907663357514844586483587588568832794,0.004,110.0,1767251407
0x1c06f562a70ea348cf7b2ce7b45ab997672523038b4bc7fe3cd8af608b926218_1767251407,0x2c3dce8515854f167dc523745a6b9d98d22ec9266d9f4921f62fd3e4bf1cfa1b,0xae4543bbbcc1587fb180291f621b7a840992cce7,BUY,110290742709531333936637417418570910881285907663357514844586483587588568832794,0.004,110.0,1767251407
0xa1e8ca0f5640f64900534c4cbae12ad4f1f5e571f623998f996691737d3c7c1f_1767251407,0x2c3dce8515854f167dc523745a6b9d98d22ec9266d9f4921f62fd3e4bf1cfa1b,0x2b366034b69b64a444406b2db7ec1ff7869c473b,BUY,86498068750018438192524977941980476748299785729870940867089250086714498791178,0.999,4.384,1767251407
0x864015cb7a6bbc8bb43c864465589799b5e290f05333bf8595e3c98fb2400ac6_1767251407,0x2c3dce8515854f167dc523745a6b9d98d22ec9266d9f4921f62fd3e4bf1cfa1b,0x7c33a9135c1cf344a3524852138553f41233e721,BUY,86498068750018438192524977941980476748299785729870940867089250086714498791178,0.999,1.001,1767251407
0x2d79d56211a85f47e83784753a5da56a3de39c9c51a2c579fa2a4654439bb7b8_1767251409,0x2c3dce8515854f167dc523745a6b9d98d22ec9266d9f4921f62fd3e4bf1cfa1b,0x2b366034b69b64a444406b2db7ec1ff7869c473b,BUY,86498068750018438192524977941980476748299785729870940867089250086714498791178,0.999,4.384,1767251409
0xd5bae415d5b61d5c5ff2fd33bbc5be39e6585c539ceba2a1cfff8461e15f2d49_1767251409,0x2c3dce8515854f167dc523745a6b9d98d22ec9266d9f4921f62fd3e4bf1cfa1b,0x2b366034b69b64a444406b2db7ec1ff7869c473b,BUY,86498068750018438192524977941980476748299785729870940867089250086714498791178,0.999,4.384,1767251409
0x5f67e5df4ecc5d70f358c0d5e4fa5540117be9e54b035c07a0a9ef5e9e3696e2_1767251409,0x2c3dce8515854f167dc523745a6b9d98d22ec9266d9f4921f62fd3e4bf1cfa1b,0xae4543bbbcc1587fb180291f621b7a840992cce7,BUY,110290742709531333936637417418570910881285907663357514844586483587588568832794,0.004,110.0,1767251409
0xbe1dc4015e7726559ef66d900d2cbe617d5ece6c0202fabe37b6651a4b687f3d_1767251409,0x2c3dce8515854f167dc523745a6b9d98d22ec9266d9f4921f62fd3e4bf1cfa1b,0x7c33a9135c1cf344a3524852138553f41233e721,BUY,86498068750018438192524977941980476748299785729870940867089250086714498791178,0.999,1.001,1767251409
0x773e25908ebe3e8e099e19e4781bc6a67e1f74d14d4f96ac410ae3883a32e9ba_1767251409,0x2c3dce8515854f167dc523745a6b9d98d22ec9266d9f4921f62fd3e4bf1cfa1b,0xae4543bbbcc1587fb180291f621b7a840992cce7,BUY,110290742709531333936637417418570910881285907663357514844586483587588568832794,0.004,110.0,1767251409
0x0d75463480e1f072423b59851c8538914a8677a9baf28b7d085d809b64d441d9_1767251409,0x2c3dce8515854f167dc523745a6b9d98d22ec9266d9f4921f62fd3e4bf1cfa1b,0x7c33a9135c1cf344a3524852138553f41233e721,BUY,86498068750018438192524977941980476748299785729870940867089250086714498791178,0.999,1.001,1767251409
0xaf2e25dc03a9244f3f0733a079c988e97664940944528e0e86ca76363da39e27_1767251409,0x2c3dce8515854f167dc523745a6b9d98d22ec9266d9f4921f62fd3e4bf1cfa1b,0xae4543bbbcc1587fb180291f621b7a840992cce7,BUY,110290742709531333936637417418570910881285907663357514844586483587588568832794,0.004,110.0,1767251409
0xd9444ae0b3eede8e502d11ad39c5a3d2bf722ac33ccea99ff4da9d615771de5a_1767251409,0x2c3dce8515854f167dc523745a6b9d98d22ec9266d9f4921f62fd3e4bf1cfa1b,0x7c33a9135c1cf344a3524852138553f41233e721,BUY,86498068750018438192524977941980476748299785729870940867089250086714498791178,0.999,1.001,1767251409
0x2834af7c3d9554ae6b25e23530d5ba5e1511471f4071e10a0df1cfdb339813f0_1767251409,0x2c3dce8515854f167dc523745a6b9d98d22ec9266d9f4921f62fd3e4bf1cfa1b,0x2b366034b69b64a444406b2db7ec1ff7869c473b,BUY,86498068750018438192524977941980476748299785729870940867089250086714498791178,0.999,4.384,1767251409
0x373d72fc1a92e8c21a580c5c9d4509dd78b5a6e9677c4e68d941a8f2cfc54b10_1767251409,0x2c3dce8515854f167dc523745a6b9d98d22ec9266d9f4921f62fd3e4bf1cfa1b,0xae4543bbbcc1587fb180291f621b7a840992cce7,BUY,110290742709531333936637417418570910881285907663357514844586483587588568832794,0.004,110.0,1767251409
0xb434298bbafef7543b39df164d7de20bd06f9117ebcc20156a23a60a504d5f59_1767251409,0x2c3dce8515854f167dc523745a6b9d98d22ec9266d9f4921f62fd3e4bf1cfa1b,0xae4543bbbcc1587fb180291f621b7a840992cce7,BUY,110290742709531333936637417418570910881285907663357514844586483587588568832794,0.004,110.0,1767251409
0xbd814f7deb955d2cdc61806b17621864fa7b5d3e4a0ecd8793df14b808c97676_1767251409,0x2c3dce8515854f167dc523745a6b9d98d22ec9266d9f4921f62fd3e4bf1cfa1b,0xae4543bbbcc1587fb180291f621b7a840992cce7,BUY,110290742709531333936637417418570910881285907663357514844586483587588568832794,0.004,110.0,1767251409
0xa34336a732770b7faa8c06a06a55bc6ff539665723519d5ee3b03d169c092699_1767251409,0x2c3dce8515854f167dc523745a6b9d98d22ec9266d9f4921f62fd3e4bf1cfa1b,0xae4543bbbcc1587fb180291f621b7a840992cce7,BUY,110290742709531333936637417418570910881285907663357514844586483587588568832794,0.004,110.0,1767251409
0x4056e24f9b5c32c92b608f9bf8972135c159370dd69d974c13b1d0fba88912a2_1767251409,0x2c3dce8515854f167dc523745a6b9d98d22ec9266d9f4921f62fd3e4bf1cfa1b,0xae4543bbbcc1587fb180291f621b7a840992cce7,BUY,110290742709531333936637417418570910881285907663357514844586483587588568832794,0.004,110.0,1767251409
0x08312eb8e2b2a922a03ceb262a173742f9d30fa27dbe22cf31ed6b5d1439f464_1767251409,0x2c3dce8515854f167dc523745a6b9d98d22ec9266d9f4921f62fd3e4bf1cfa1b,0x7c33a9135c1cf344a3524852138553f41233e721,BUY,86498068750018438192524977941980476748299785729870940867089250086714498791178,0.999,1.001,1767251409
0xb7a7febc29cb0a694acb63ffdb62d7ae9f9c008b3a96ef3500c667a945070570_1767251409,0x2c3dce8515854f167dc523745a6b9d98d22ec9266d9f4921f62fd3e4bf1cfa1b,0x2b366034b69b64a444406b2db7ec1ff7869c473b,BUY,86498068750018438192524977941980476748299785729870940867089250086714498791178,0.999,4.384,1767251409
0xfb822f934128314e8fff02356ccc020f69951090759522924cdaa6fb0d5c8b28_1767251409,0x2c3dce8515854f167dc523745a6b9d98d22ec9266d9f4921f62fd3e4bf1cfa1b,0x7c33a9135c1cf344a3524852138553f41233e721,BUY,86498068750018438192524977941980476748299785729870940867089250086714498791178,0.999,1.001,1767251409
0x76b928fb696d2ce859ded2f3d82af6df1c842c8ebe0b7b18de320f990739fa4e_1767251411,0x2c3dce8515854f167dc523745a6b9d98d22ec9266d9f4921f62fd3e4bf1cfa1b,0x7c33a9135c1cf344a3524852138553f41233e721,BUY,86498068750018438192524977941980476748299785729870940867089250086714498791178,0.999,1.001,1767251411
0x6f9c7dfa7baa610fc820253219221e85637e1685e5a84386b78db284cebef80d_1767251411,0x2c3dce8515854f167dc523745a6b9d98d22ec9266d9f4921f62fd3e4bf1cfa1b,0x7c33a9135c1cf344a3524852138553f41233e721,BUY,86498068750018438192524977941980476748299785729870940867089250086714498791178,0.999,1.001,1767251411
0x818f4cba5e9a9c7067d6d12537722bb4188708ee385cb92384d6fe586c548e6a_1767251411,0x2c3dce8515854f167dc523745a6b9d98d22ec9266d9f4921f62fd3e4bf1cfa1b,0x2b366034b69b64a444406b2db7ec1ff7869c473b,BUY,86498068750018438192524977941980476748299785729870940867089250086714498791178,0.999,4.384,1767251411
0x348526251b181449c037b85f61dff4651d0802249da39b828994a3d9d7b1e04c_1767251411,0x2c3dce8515854f167dc523745a6b9d98d22ec9266d9f4921f62fd3e4bf1cfa1b,0x7c33a9135c1cf344a3524852138553f41233e721,BUY,86498068750018438192524977941980476748299785729870940867089250086714498791178,0.999,1.001,1767251411
0xbae0abb752cf0e3f0fad6b7f65967eecc7b114efc17ab65f0127db0cd67eec9d_1767251411,0x2c3dce8515854f167dc523745a6b9d98d22ec9266d9f4921f62fd3e4bf1cfa1b,0xae4543bbbcc1587fb180291f621b7a840992cce7,BUY,110290742709531333936637417418570910881285907663357514844586483587588568832794,0.005727363636363636,110.0,1767251411
0xdcb1a2c94ea2ffdbdb324e4d01c4e6d33fa1b10dd6e540bcd2dfc4d02537e8a5_1767251411,0x2c3dce8515854f167dc523745a6b9d98d22ec9266d9f4921f62fd3e4bf1cfa1b,0xae4543bbbcc1587fb180291f621b7a840992cce7,BUY,110290742709531333936637417418570910881285907663357514844586483587588568832794,0.006,110.0,1767251411
0x476e9e40df46b09e058873e0b5d0d5a5b0aea2580e5f92686f1c8fad1b4218df_1767251411,0x2c3dce8515854f167dc523745a6b9d98d22ec9266d9f4921f62fd3e4bf1cfa1b,0x7c33a9135c1cf344a3524852138553f41233e721,BUY,86498068750018438192524977941980476748299785729870940867089250086714498791178,0.999,1.001,1767251411
0x01ff55c4507c0713afd82c136278a707ef2c183388a455d8925a0328a55ebb44_1767251411,0x2c3dce8515854f167dc523745a6b9d98d22ec9266d9f4921f62fd3e4bf1cfa1b,0xae4543bbbcc1587fb180291f621b7a840992cce7,BUY,110290742709531333936637417418570910881285907663357514844586483587588568832794,0.004,110.0,1767251411
0xd3e107d2cec8455b3e7f87214ffc41b0efdd8225bcce979f68033fd11572963f_1767251411,0x2c3dce8515854f167dc523745a6b9d98d22ec9266d9f4921f62fd3e4bf1cfa1b,0xae4543bbbcc1587fb180291f621b7a840992cce7,BUY,110290742709531333936637417418570910881285907663357514844586483587588568832794,0.006,110.0,1767251411
0x16f61be0b612e91073b3d92a62c49b1a73cb5dbbb290fd3877bfd91cd9567dbe_1767251411,0x2c3dce8515854f167dc523745a6b9d98d22ec9266d9f4921f62fd3e4bf1cfa1b,0xae4543bbbcc1587fb180291f621b7a840992cce7,BUY,110290742709531333936637417418570910881285907663357514844586483587588568832794,0.005128727272727273,110.0,1767251411
0xc41dc5e7ebbb9ced44c343fdaf6f1c3010fd9db3b917dedd89255376a5d6e1be_1767251411,0x2c3dce8515854f167dc523745a6b9d98d22ec9266d9f4921f62fd3e4bf1cfa1b,0xae4543bbbcc1587fb180291f621b7a840992cce7,BUY,110290742709531333936637417418570910881285907663357514844586483587588568832794,0.006,110.0,1767251411
0x0f3565907dc127254b0529a7ec3d5bbcab386af7cd4d2ad1802a1173bc1b5cfc_1767251411,0x2c3dce8515854f167dc523745a6b9d98d22ec9266d9f4921f62fd3e4bf1cfa1b,0x7c33a9135c1cf344a3524852138553f41233e721,BUY,86498068750018438192524977941980476748299785729870940867089250086714498791178,0.999,1.001,1767251411
0x96ce746289476e5db0f1233e1d2be9455bdbbae416a65cee91c2cdf86b12326c_1767251411,0x2c3dce8515854f167dc523745a6b9d98d22ec9266d9f4921f62fd3e4bf1cfa1b,0xae4543bbbcc1587fb180291f621b7a840992cce7,BUY,110290742709531333936637417418570910881285907663357514844586483587588568832794,0.004,110.0,1767251411
0xcadc931523d0a62b33664d52a217cc6f689d80b2afbdc827d0ad7885d3dd08c3_1767251411,0x2c3dce8515854f167dc523745a6b9d98d22ec9266d9f4921f62fd3e4bf1cfa1b,0x2b366034b69b64a444406b2db7ec1ff7869c473b,BUY,86498068750018438192524977941980476748299785729870940867089250086714498791178,0.999,4.384,1767251411
0x2bc9419febc2940b7098e90a5fa4109cea6d3114bb0102b66e0ea4476b03de15_1767251411,0x2c3dce8515854f167dc523745a6b9d98d22ec9266d9f4921f62fd3e4bf1cfa1b,0x2b366034b69b64a444406b2db7ec1ff7869c473b,BUY,86498068750018438192524977941980476748299785729870940867089250086714498791178,0.999,4.384,1767251411
0x209baf41eadb1e4acbe72d544227c0e7b395c4ec9e2cb20696f83f22d9a14fb6_1767251411,0x2c3dce8515854f167dc523745a6b9d98d22ec9266d9f4921f62fd3e4bf1cfa1b,0x2b366034b69b64a444406b2db7ec1ff7869c473b,BUY,86498068750018438192524977941980476748299785729870940867089250086714498791178,0.999,4.384,1767251411
0x59c8701c03a70a73fb0969ea215a197f3b4e682d02f94d0c9fb6a41ba20b986d_1767251411,0x2c3dce8515854f167dc523745a6b9d98d22ec9266d9f4921f62fd3e4bf1cfa1b,0xae4543bbbcc1587fb180291f621b7a840992cce7,BUY,110290742709531333936637417418570910881285907663357514844586483587588568832794,0.004,110.0,1767251411
0x186e4b6916059dc766315389e657232255b29111d8edfc62249fbefedb45babc_1767251411,0x2c3dce8515854f167dc523745a6b9d98d22ec9266d9f4921f62fd3e4bf1cfa1b,0x7c33a9135c1cf344a3524852138553f41233e721,BUY,86498068750018438192524977941980476748299785729870940867089250086714498791178,0.999,1.001,1767251411
0x3d58adf93788a116c0cffecb19829467716fca3cee83dff8c171da91340ccccf_1767251411,0x2c3dce8515854f167dc523745a6b9d98d22ec9266d9f4921f62fd3e4bf1cfa1b,0xae4543bbbcc1587fb180291f621b7a840992cce7,BUY,110290742709531333936637417418570910881285907663357514844586483587588568832794,0.004,110.0,1767251411
0x564241b4e2ba7b3e79b27e506b7652cb0efe4833b62618058478ef333fe78330_1767251411,0x2c3dce8515854f167dc523745a6b9d98d22ec9266d9f4921f62fd3e4bf1cfa1b,0x2b366034b69b64a444406b2db7ec1ff7869c473b,BUY,86498068750018438192524977941980476748299785729870940867089250086714498791178,0.999,4.384,1767251411
0xaa357a45efbf8a125f41b468d531123f9cadcf9baffb7de338d57716ba63756a_1767251411,0x2c3dce8515854f167dc523745a6b9d98d22ec9266d9f4921f62fd3e4bf1cfa1b,0xae4543bbbcc1587fb180291f621b7a840992cce7,BUY,110290742709531333936637417418570910881285907663357514844586483587588568832794,0.004,110.0,1767251411
0x4bd0adbcfec1e1f9d2f1a508a8cc0b64ffdd328b96d4cb3491f336b8c8dd58e0_1767251411,0x2c3dce8515854f167dc523745a6b9d98d22ec9266d9f4921f62fd3e4bf1cfa1b,0x2b366034b69b64a444406b2db7ec1ff7869c473b,BUY,86498068750018438192524977941980476748299785729870940867089250086714498791178,0.999,4.384,1767251411
0x39ffe019831b10f1adbeef1603cac8284189b6412edd017d3fddb1a32b82dfc1_1767251411,0x2c3dce8515854f167dc523745a6b9d98d22ec9266d9f4921f62fd3e4bf1cfa1b,0xae4543bbbcc1587fb180291f621b7a840992cce7,BUY,110290742709531333936637417418570910881285907663357514844586483587588568832794,0.006,110.0,1767251411
0x049af1427d171702583f2deb6a6eb21e6b1879334312edbe0a59fdce03a41b36_1767251411,0x2c3dce8515854f167dc523745a6b9d98d22ec9266d9f4921f62fd3e4bf1cfa1b,0xae4543bbbcc1587fb180291f621b7a840992cce7,BUY,110290742709531333936637417418570910881285907663357514844586483587588568832794,0.006,110.0,1767251411
0x7d5d41b58d1be27a38711ccc4b3d0cc76c6bc565e7a1616d896f51484035f25b_1767251413,0x2c3dce8515854f167dc523745a6b9d98d22ec9266d9f4921f62fd3e4bf1cfa1b,0x7c33a9135c1cf344a3524852138553f41233e721,BUY,86498068750018438192524977941980476748299785729870940867089250086714498791178,0.998,1.002,1767251413
0x24745ebb7bf332f2091156a0260ee707c825e3d166d3305b69beba8cf38d54b4_1767251413,0x2c3dce8515854f167dc523745a6b9d98d22ec9266d9f4921f62fd3e4bf1cfa1b,0xae4543bbbcc1587fb180291f621b7a840992cce7,BUY,110290742709531333936637417418570910881285907663357514844586483587588568832794,0.006,110.0,1767251413
0x3502c396f0f509f6d9c55511753bcae0d0b5f83f44e9689f9836a9c6b12999c2_1767251413,0x2c3dce8515854f167dc523745a6b9d98d22ec9266d9f4921f62fd3e4bf1cfa1b,0x7c33a9135c1cf344a3524852138553f41233e721,BUY,86498068750018438192524977941980476748299785729870940867089250086714498791178,0.998,1.002,1767251413
0x149ec9fe9c87061cdf0354fd390ffcef09ab4f216c5a3d686556d2c895cf35b6_1767251413,0x2c3dce8515854f167dc523745a6b9d98d22ec9266d9f4921f62fd3e4bf1cfa1b,0x7c33a9135c1cf344a3524852138553f41233e721,BUY,86498068750018438192524977941980476748299785729870940867089250086714498791178,0.998,1.002,1767251413
0x4d3dce618f8c3b1edf390fdfefcbf8b06ad784696b77b17630ad2f59699b40d3_1767251413,0x2c3dce8515854f167dc523745a6b9d98d22ec9266d9f4921f62fd3e4bf1cfa1b,0xae4543bbbcc1587fb180291f621b7a840992cce7,BUY,110290742709531333936637417418570910881285907663357514844586483587588568832794,0.006,110.0,1767251413
0x3b2d6eeff675b5503e5ca6e73114258435e5dbccc9a6c54593fee7bb203c43bc_1767251413,0x2c3dce8515854f167dc523745a6b9d98d22ec9266d9f4921f62fd3e4bf1cfa1b,0xae4543bbbcc1587fb180291f621b7a840992cce7,BUY,110290742709531333936637417418570910881285907663357514844586483587588568832794,0.006,110.0,1767251413
0x77374f5f687cc5de8b39141e7310ef6450440b5c33fcacebb57f253d3530929f_1767251413,0x2c3dce8515854f167dc523745a6b9d98d22ec9266d9f4921f62fd3e4bf1cfa1b,0xae4543bbbcc1587fb180291f621b7a840992cce7,BUY,110290742709531333936637417418570910881285907663357514844586483587588568832794,0.006,110.0,1767251413
0x56304ae61b0e59c18fe8959e11cfc670cd5f87d5523ea4b484882392af8d2d57_1767251413,0x2c3dce8515854f167dc523745a6b9d98d22ec9266d9f4921f62fd3e4bf1cfa1b,0xae4543bbbcc1587fb180291f621b7a840992cce7,BUY,110290742709531333936637417418570910881285907663357514844586483587588568832794,0.006,110.0,1767251413
0x32c357dcbfd4f1f56cd8f11734f774a82fdac797505ecee5203ba6685bf80f8f_1767251413,0x2c3dce8515854f167dc523745a6b9d98d22ec9266d9f4921f62fd3e4bf1cfa1b,0x2b366034b69b64a444406b2db7ec1ff7869c473b,BUY,86498068750018438192524977941980476748299785729870940867089250086714498791178,0.999,4.384,1767251413
0xce05bc348298224b4bcf8d6859653adeca048e65beeb4ac8ef1f63b1d589c214_1767251413,0x2c3dce8515854f167dc523745a6b9d98d22ec9266d9f4921f62fd3e4bf1cfa1b,0xae4543bbbcc1587fb180291f621b7a840992cce7,BUY,110290742709531333936637417418570910881285907663357514844586483587588568832794,0.006,110.0,1767251413
0xc5b9ede8a7e7ad2a9be50cd4fd91bdc4c7de7a2302004158bad98a7a516e5eb3_1767251413,0x2c3dce8515854f167dc523745a6b9d98d22ec9266d9f4921f62fd3e4bf1cfa1b,0x7c33a9135c1cf344a3524852138553f41233e721,BUY,86498068750018438192524977941980476748299785729870940867089250086714498791178,0.999,1.001,1767251413
0x157c9a8296fa23ca15222c56169c9f546877e0a003fa1ea0b998d223661df195_1767251413,0x2c3dce8515854f167dc523745a6b9d98d22ec9266d9f4921f62fd3e4bf1cfa1b,0x2b366034b69b64a444406b2db7ec1ff7869c473b,BUY,86498068750018438192524977941980476748299785729870940867089250086714498791178,0.998,4.3885,1767251413
0x40d1ae127c364970689257d054d81e2a942f2d7cbbb67bb16c37dc8870b04505_1767251413,0x2c3dce8515854f167dc523745a6b9d98d22ec9266d9f4921f62fd3e4bf1cfa1b,0xae4543bbbcc1587fb180291f621b7a840992cce7,BUY,110290742709531333936637417418570910881285907663357514844586483587588568832794,0.006,110.0,1767251413
0x2f75df909cbd1ba78de21ef68fd5672f303abdede90b843bf6acba19b272de75_1767251413,0x2c3dce8515854f167dc523745a6b9d98d22ec9266d9f4921f62fd3e4bf1cfa1b,0x2b366034b69b64a444406b2db7ec1ff7869c473b,BUY,86498068750018438192524977941980476748299785729870940867089250086714498791178,0.998,4.3885,1767251413
0xe66c5afe7262c1d54071e6e35d2f916bae9384963afb4a3ada6a02a6f191df5a_1767251413,0x2c3dce8515854f167dc523745a6b9d98d22ec9266d9f4921f62fd3e4bf1cfa1b,0xae4543bbbcc1587fb180291f621b7a840992cce7,BUY,110290742709531333936637417418570910881285907663357514844586483587588568832794,0.006,110.0,1767251413
0x1f9ea7bab93f1b8791985c43bd5e69dfccbf88c58d88d7c616d94be8a69061e6_1767251413,0x2c3dce8515854f167dc523745a6b9d98d22ec9266d9f4921f62fd3e4bf1cfa1b,0x2b366034b69b64a444406b2db7ec1ff7869c473b,BUY,86498068750018438192524977941980476748299785729870940867089250086714498791178,0.998,4.3885,1767251413
0x98d33e22cd8b3b1b400f1df1c8058e598d14427f6957d19c787da8dce707f18e_1767251413,0x2c3dce8515854f167dc523745a6b9d98d22ec9266d9f4921f62fd3e4bf1cfa1b,0xae4543bbbcc1587fb180291f621b7a840992cce7,BUY,110290742709531333936637417418570910881285907663357514844586483587588568832794,0.006,110.0,1767251413
0x58d8e3840f34d7a230d0d2ceb2fbce29219f3e7e0fe17e475e22de3e5b23cad2_1767251413,0x2c3dce8515854f167dc523745a6b9d98d22ec9266d9f4921f62fd3e4bf1cfa1b,0x2b366034b69b64a444406b2db7ec1ff7869c473b,BUY,86498068750018438192524977941980476748299785729870940867089250086714498791178,0.998,4.3885,1767251413
0x3d780511a6b5f30701c596faf44e6c8d001074ab3535a3e8e9bc162a04126b19_1767251413,0x2c3dce8515854f167dc523745a6b9d98d22ec9266d9f4921f62fd3e4bf1cfa1b,0x2b366034b69b64a444406b2db7ec1ff7869c473b,BUY,86498068750018438192524977941980476748299785729870940867089250086714498791178,0.998,4.3885,1767251413
0x4b1a2f9b97ffe6d86ecc7be55aa5d6c7d42cdf129d6fdfdc021e40ab37d2b6c5_1767251413,0x2c3dce8515854f167dc523745a6b9d98d22ec9266d9f4921f62fd3e4bf1cfa1b,0xae4543bbbcc1587fb180291f621b7a840992cce7,BUY,110290742709531333936637417418570910881285907663357514844586483587588568832794,0.006,110.0,1767251413
0x37100023862d0439eed6fc3b24d26dd5e9cc4b4b7807c0bd659dc4844c9442da_1767251413,0x2c3dce8515854f167dc523745a6b9d98d22ec9266d9f4921f62fd3e4bf1cfa1b,0x2b366034b69b64a444406b2db7ec1ff7869c473b,BUY,86498068750018438192524977941980476748299785729870940867089250086714498791178,0.998,4.3885,1767251413
0x9fc0d48d86785cc38e09ccdc1d99227551fbba3a68edf0f42ed5b7e4edde24d8_1767251415,0x2c3dce8515854f167dc523745a6b9d98d22ec9266d9f4921f62fd3e4bf1cfa1b,0x2b366034b69b64a444406b2db7ec1ff7869c473b,BUY,86498068750018438192524977941980476748299785729870940867089250086714498791178,0.9969998939264468,4.393178,1767251415
0xa39780d8ca58b1c142e4aad0d81e4d59069dd92be0cd18a1f77f7d2dfbf786c3_1767251415,0x2c3dce8515854f167dc523745a6b9d98d22ec9266d9f4921f62fd3e4bf1cfa1b,0xae4543bbbcc1587fb180291f621b7a840992cce7,BUY,110290742709531333936637417418570910881285907663357514844586483587588568832794,0.006,110.0,1767251415
0xbeff82a986175c1b49d7b0f9e8a9abffb5b8ca55c0273abc360cc5537d52733c_1767251415,0x2c3dce8515854f167dc523745a6b9d98d22ec9266d9f4921f62fd3e4bf1cfa1b,0xae4543bbbcc1587fb180291f621b7a840992cce7,BUY,110290742709531333936637417418570910881285907663357514844586483587588568832794,0.006,110.0,1767251415
0x7d06766ad0833522acd30fc0abc3c8f1db20ff465d812f93093e3fece8e2793d_1767251415,0x2c3dce8515854f167dc523745a6b9d98d22ec9266d9f4921f62fd3e4bf1cfa1b,0xae4543bbbcc1587fb180291f621b7a840992cce7,BUY,110290742709531333936637417418570910881285907663357514844586483587588568832794,0.006,110.0,1767251415
0xb1aff65dc04b8a8d306339e35fff4fe74af6efc68150f2ba48e637a9757b2522_1767251415,0x2c3dce8515854f167dc523745a6b9d98d22ec9266d9f4921f62fd3e4bf1cfa1b,0x7c33a9135c1cf344a3524852138553f41233e721,BUY,86498068750018438192524977941980476748299785729870940867089250086714498791178,0.998,1.002,1767251415
0xf136f3879d6c28a584ad64877dc780fe2be21f5f0b58b82ca7abe6fa61ae561b_1767251415,0x2c3dce8515854f167dc523745a6b9d98d22ec9266d9f4921f62fd3e4bf1cfa1b,0xae4543bbbcc1587fb180291f621b7a840992cce7,BUY,110290742709531333936637417418570910881285907663357514844586483587588568832794,0.006,110.0,1767251415
0x597e1814974aa9876300195d7328e3a094f76381bf020c3bd06d5e1b53070a8e_1767251415,0x2c3dce8515854f167dc523745a6b9d98d22ec9266d9f4921f62fd3e4bf1cfa1b,0xae4543bbbcc1587fb180291f621b7a840992cce7,BUY,110290742709531333936637417418570910881285907663357514844586483587588568832794,0.006,110.0,1767251415
0xb29b03743c2cf0050d7e3656e1ebd7686fde7260ca91cad73bef3648afaa910f_1767251415,0x2c3dce8515854f167dc523745a6b9d98d22ec9266d9f4921f62fd3e4bf1cfa1b,0x2b366034b69b64a444406b2db7ec1ff7869c473b,BUY,86498068750018438192524977941980476748299785729870940867089250086714498791178,0.998,4.3885,1767251415
0x78e16743395034011da6990de9f7312b40339dd2532aa05559ffc8825b39e33b_1767251415,0x2c3dce8515854f167dc523745a6b9d98d22ec9266d9f4921f62fd3e4bf1cfa1b,0xae4543bbbcc1587fb180291f621b7a840992cce7,BUY,110290742709531333936637417418570910881285907663357514844586483587588568832794,0.006,110.0,1767251415
0x1161a2dde8009c679a43bb735723c3f1feaa3b26514e8aa8721d074e30aea62d_1767251415,0x2c3dce8515854f167dc523745a6b9d98d22ec9266d9f4921f62fd3e4bf1cfa1b,0xae4543bbbcc1587fb180291f621b7a840992cce7,BUY,110290742709531333936637417418570910881285907663357514844586483587588568832794,0.006,110.0,1767251415
0x53a976a9e418012b8810cf8283bf5cffda9aa240d17dfe942d2aa741be4f65bf_1767251415,0x2c3dce8515854f167dc523745a6b9d98d22ec9266d9f4921f62fd3e4bf1cfa1b,0xae4543bbbcc1587fb180291f621b7a840992cce7,BUY,110290742709531333936637417418570910881285907663357514844586483587588568832794,0.006,110.0,1767251415
0x24934bb85822f6f78ee78a10e2852c7bda1a0c83856b138809fce53687fe2760_1767251415,0x2c3dce8515854f167dc523745a6b9d98d22ec9266d9f4921f62fd3e4bf1cfa1b,0x7c33a9135c1cf344a3524852138553f41233e721,BUY,86498068750018438192524977941980476748299785729870940867089250086714498791178,0.9969990269270036,1.003008,1767251415
0xb8f37049952340811c3d6d82adb92ccbc33fef552f05a51134c8b823240ff93e_1767251415,0x2c3dce8515854f167dc523745a6b9d98d22ec9266d9f4921f62fd3e4bf1cfa1b,0xf95d4f8f524f5fa3dbef41f45e52bcad7d84ca8d,BUY,86498068750018438192524977941980476748299785729870940867089250086714498791178,0.998,5.27,1767251415
0x9bac3b9bd656b1f1685c0c072fd36d989a73eb3f8cf3b902a66de3002b42a20f_1767251415,0x2c3dce8515854f167dc523745a6b9d98d22ec9266d9f4921f62fd3e4bf1cfa1b,0x7c33a9135c1cf344a3524852138553f41233e721,BUY,86498068750018438192524977941980476748299785729870940867089250086714498791178,0.9969990269270036,1.003008,1767251415
0xe1e5ea9ab7811ba42233edcc19f0e3f1b644edd80d1bf10e0689f227acbaf377_1767251415,0x2c3dce8515854f167dc523745a6b9d98d22ec9266d9f4921f62fd3e4bf1cfa1b,0x2b366034b69b64a444406b2db7ec1ff7869c473b,BUY,86498068750018438192524977941980476748299785729870940867089250086714498791178,0.9969998939264468,4.393178,1767251415
0xc034f039a58d52f9b55a1c2009358bda4ead806cd701df7d2ad0892374d1217e_1767251417,0x2c3dce8515854f167dc523745a6b9d98d22ec9266d9f4921f62fd3e4bf1cfa1b,0x7c33a9135c1cf344a3524852138553f41233e721,BUY,86498068750018438192524977941980476748299785729870940867089250086714498791178,0.9969990269270036,1.003008,1767251417
0xd4353423d31e70e9c0a2a1eec57672375949b618f31c6eaeb0d0d01acd37f5b3_1767251417,0x2c3dce8515854f167dc523745a6b9d98d22ec9266d9f4921f62fd3e4bf1cfa1b,0xae4543bbbcc1587fb180291f621b7a840992cce7,BUY,110290742709531333936637417418570910881285907663357514844586483587588568832794,0.006,110.0,1767251417
0x8dc4e890f86bceb96ffe1a9fbf560be5bdc3c5a69594ed5a47a43d08d88a83da_1767251417,0x2c3dce8515854f167dc523745a6b9d98d22ec9266d9f4921f62fd3e4bf1cfa1b,0xae4543bbbcc1587fb180291f621b7a840992cce7,BUY,110290742709531333936637417418570910881285907663357514844586483587588568832794,0.006,110.0,1767251417
0x871576052eaaedcf05ed8ea681e3f34e9450679bff59bdcd07cfade401af59d3_1767251417,0x2c3dce8515854f167dc523745a6b9d98d22ec9266d9f4921f62fd3e4bf1cfa1b,0xae4543bbbcc1587fb180291f621b7a840992cce7,BUY,110290742709531333936637417418570910881285907663357514844586483587588568832794,0.006,110.0,1767251417
0x9d8a6a19ffebb30e67601d0c4fa26354222a65731a72fc28cde220988c992d79_1767251417,0x2c3dce8515854f167dc523745a6b9d98d22ec9266d9f4921f62fd3e4bf1cfa1b,0xae4543bbbcc1587fb180291f621b7a840992cce7,BUY,110290742709531333936637417418570910881285907663357514844586483587588568832794,0.006,110.0,1767251417
0x8132dfa1f7b4168074265c75af1ef3b5c5ec0ea053c406cf9055af8427cf164d_1767251417,0x2c3dce8515854f167dc523745a6b9d98d22ec9266d9f4921f62fd3e4bf1cfa1b,0x7c33a9135c1cf344a3524852138553f41233e721,BUY,86498068750018438192524977941980476748299785729870940867089250086714498791178,0.9969990269270036,1.003008,1767251417
0x5b2b1c1a86b54bd830f83ac92976d61e13135249b3910fae89930e55a5500ca2_1767251417,0x2c3dce8515854f167dc523745a6b9d98d22ec9266d9f4921f62fd3e4bf1cfa1b,0xae4543bbbcc1587fb180291f621b7a840992cce7,BUY,110290742709531333936637417418570910881285907663357514844586483587588568832794,0.006,110.0,1767251417
0xe62d8b81d9f6b00a8f2d585275d7296695674a4c7bd1a322527341a256c54120_1767251417,0x2c3dce8515854f167dc523745a6b9d98d22ec9266d9f4921f62fd3e4bf1cfa1b,0xae4543bbbcc1587fb180291f621b7a840992cce7,BUY,110290742709531333936637417418570910881285907663357514844586483587588568832794,0.006,110.0,1767251417
0x919fd89df4b3c980ef5ab63e1578e7517f7cd83560653a4d2645a05cef6bc11f_1767251417,0x2c3dce8515854f167dc523745a6b9d98d22ec9266d9f4921f62fd3e4bf1cfa1b,0xae4543bbbcc1587fb180291f621b7a840992cce7,BUY,110290742709531333936637417418570910881285907663357514844586483587588568832794,0.006,110.0,1767251417
0xb801ca2e751a65ee7db9e14856bb04ebbb76e1e2d31cf2b03dc4c77167b28226_1767251417,0x2c3dce8515854f167dc523745a6b9d98d22ec9266d9f4921f62fd3e4bf1cfa1b,0x2b366034b69b64a444406b2db7ec1ff7869c473b,BUY,86498068750018438192524977941980476748299785729870940867089250086714498791178,0.9969998939264468,4.393178,1767251417
0xaa8ffd51732783c5612a97d757a54d1b34411349ed331577cb8e33c32f67f7f1_1767251417,0x2c3dce8515854f167dc523745a6b9d98d22ec9266d9f4921f62fd3e4bf1cfa1b,0xae4543bbbcc1587fb180291f621b7a840992cce7,BUY,110290742709531333936637417418570910881285907663357514844586483587588568832794,0.006,110.0,1767251417
0x0d756a5bd2c38cd2181799a16ec397d046fc7a5101a588c459eaede8e94db321_1767251417,0x2c3dce8515854f167dc523745a6b9d98d22ec9266d9f4921f62fd3e4bf1cfa1b,0xae4543bbbcc1587fb180291f621b7a840992cce7,BUY,110290742709531333936637417418570910881285907663357514844586483587588568832794,0.006,110.0,1767251417
0x1beb916d9f0710c209a3c83a06d1c03f4ab541e8b1fab12401aeeed9eafe472a_1767251417,0x2c3dce8515854f167dc523745a6b9d98d22ec9266d9f4921f62fd3e4bf1cfa1b,0x7c33a9135c1cf344a3524852138553f41233e721,BUY,86498068750018438192524977941980476748299785729870940867089250086714498791178,0.9969990269270036,1.003008,1767251417
0x9337faa5fa86f4010168bf9e06b396497a9c6906d92e7924d448ff52d1daefb1_1767251417,0x2c3dce8515854f167dc523745a6b9d98d22ec9266d9f4921f62fd3e4bf1cfa1b,0x7c33a9135c1cf344a3524852138553f41233e721,BUY,86498068750018438192524977941980476748299785729870940867089250086714498791178,0.9969990269270036,1.003008,1767251417
0x14deb696d19cfe65d31d83afdb7f375f438cc702f545a29d746213e070d6528a_1767251417,0x2c3dce8515854f167dc523745a6b9d98d22ec9266d9f4921f62fd3e4bf1cfa1b,0x7c33a9135c1cf344a3524852138553f41233e721,BUY,86498068750018438192524977941980476748299785729870940867089250086714498791178,0.9969990269270036,1.003008,1767251417
0xf6cf7593c6caf363d827424972c189fdcb08b8719beb1abc02a24f714ab50768_1767251417,0x2c3dce8515854f167dc523745a6b9d98d22ec9266d9f4921f62fd3e4bf1cfa1b,0x2b366034b69b64a444406b2db7ec1ff7869c473b,BUY,86498068750018438192524977941980476748299785729870940867089250086714498791178,0.9969998939264468,4.393178,1767251417
0xdc43ccfe1283e95864258300fbcd4d7984db44090fb8a7f48bc9cdce145e346a_1767251417,0x2c3dce8515854f167dc523745a6b9d98d22ec9266d9f4921f62fd3e4bf1cfa1b,0x7c33a9135c1cf344a3524852138553f41233e721,BUY,86498068750018438192524977941980476748299785729870940867089250086714498791178,0.9969990269270036,1.003008,1767251417
0x9926abfef210ec477eb4596c04c56101f66675853468018647654f24544204b1_1767251417,0x2c3dce8515854f167dc523745a6b9d98d22ec9266d9f4921f62fd3e4bf1cfa1b,0x7c33a9135c1cf344a3524852138553f41233e721,BUY,86498068750018438192524977941980476748299785729870940867089250086714498791178,0.9969990269270036,1.003008,1767251417
0x6417fa6f58ecd545beed47100eb153c3f1e46e19a937c604d4094b51805cf0cc_1767251419,0x2c3dce8515854f167dc523745a6b9d98d22ec9266d9f4921f62fd3e4bf1cfa1b,0x7c33a9135c1cf344a3524852138553f41233e721,BUY,86498068750018438192524977941980476748299785729870940867089250086714498791178,0.9969990269270036,1.003008,1767251419
0x6702cc121bd0307895fae9ccf0367458ee831354c55f3effa70690d7157c8c1d_1767251419,0x2c3dce8515854f167dc523745a6b9d98d22ec9266d9f4921f62fd3e4bf1cfa1b,0xae4543bbbcc1587fb180291f621b7a840992cce7,BUY,110290742709531333936637417418570910881285907663357514844586483587588568832794,0.006,110.0,1767251419
0x5ef0f909b908d313ae4216045844fa668eed7ff29bbce77598389762af5caba7_1767251419,0x2c3dce8515854f167dc523745a6b9d98d22ec9266d9f4921f62fd3e4bf1cfa1b,0xae4543bbbcc1587fb180291f621b7a840992cce7,BUY,110290742709531333936637417418570910881285907663357514844586483587588568832794,0.006,110.0,1767251419
0x34181cc5f79d992578c4fa9eb8dbae1615388da01d4eb51a3c4fb7241d6ac7e7_1767251419,0x2c3dce8515854f167dc523745a6b9d98d22ec9266d9f4921f62fd3e4bf1cfa1b,0x7c33a9135c1cf344a3524852138553f41233e721,BUY,86498068750018438192524977941980476748299785729870940867089250086714498791178,0.9969990269270036,1.003008,1767251419
0x8281720256cf30e50dbbf956df35fac23fba542d6d6b7f8d7a97102dc79e8e38_1767251421,0x2c3dce8515854f167dc523745a6b9d98d22ec9266d9f4921f62fd3e4bf1cfa1b,0x7c33a9135c1cf344a3524852138553f41233e721,BUY,86498068750018438192524977941980476748299785729870940867089250086714498791178,0.998,1.002,1767251421
0x6c449cb01c3758292214601c113789782ba2f9eb8200ac47d46b4879a6e63b83_1767251421,0x2c3dce8515854f167dc523745a6b9d98d22ec9266d9f4921f62fd3e4bf1cfa1b,0x2b366034b69b64a444406b2db7ec1ff7869c473b,BUY,86498068750018438192524977941980476748299785729870940867089250086714498791178,0.998,4.3885,1767251421
0xd7c0a867f1768b74646c87127232ec003ef30e891bbee7b0d12cdeacac9cad81_1767251421,0x2c3dce8515854f167dc523745a6b9d98d22ec9266d9f4921f62fd3e4bf1cfa1b,0x7c33a9135c1cf344a3524852138553f41233e721,BUY,86498068750018438192524977941980476748299785729870940867089250086714498791178,0.998,1.002,1767251421
0xd313a0a54489f01f12254b728536e04b425a767fbf9da63f7a94dee194ce1746_1767251421,0x2c3dce8515854f167dc523745a6b9d98d22ec9266d9f4921f62fd3e4bf1cfa1b,0x2b366034b69b64a444406b2db7ec1ff7869c473b,BUY,86498068750018438192524977941980476748299785729870940867089250086714498791178,0.998,4.3885,1767251421
0x0ba0353369affd45f168b756e3a8b8015f94ea9c636efa5f91feef2c90f9970e_1767251421,0x2c3dce8515854f167dc523745a6b9d98d22ec9266d9f4921f62fd3e4bf1cfa1b,0x2b366034b69b64a444406b2db7ec1ff7869c473b,BUY,86498068750018438192524977941980476748299785729870940867089250086714498791178,0.998,4.3885,1767251421
0x90e56a72df0fb1b7d209198713569e16c98f344012705d2ca3f4320e69eb69be_1767251421,0x2c3dce8515854f167dc523745a6b9d98d22ec9266d9f4921f62fd3e4bf1cfa1b,0x2b366034b69b64a444406b2db7ec1ff7869c473b,BUY,86498068750018438192524977941980476748299785729870940867089250086714498791178,0.998,4.3885,1767251421
0x00aa0afc98b6984f33a1e684238d1ec9beb1035c00bb7914ccdad9616d98846e_1767251421,0x2c3dce8515854f167dc523745a6b9d98d22ec9266d9f4921f62fd3e4bf1cfa1b,0x7c33a9135c1cf344a3524852138553f41233e721,BUY,86498068750018438192524977941980476748299785729870940867089250086714498791178,0.998,1.002,1767251421
0x80b6713d19d636340a4a13a2c19dfabe0513d3586bf72b5d1b68553dca09dcc8_1767251421,0x2c3dce8515854f167dc523745a6b9d98d22ec9266d9f4921f62fd3e4bf1cfa1b,0x2b366034b69b64a444406b2db7ec1ff7869c473b,BUY,86498068750018438192524977941980476748299785729870940867089250086714498791178,0.9979362041467305,4.389,1767251421
0xdea33346b099833e9acdbd0e8dacbdc86c86bb65a7bf9ec11fdd123a894572a7_1767251421,0x2c3dce8515854f167dc523745a6b9d98d22ec9266d9f4921f62fd3e4bf1cfa1b,0x7c33a9135c1cf344a3524852138553f41233e721,BUY,86498068750018438192524977941980476748299785729870940867089250086714498791178,0.9969990269270036,1.003008,1767251421
0x4b0ce61bf083943bd05b3ed91cdd97c090be898c888e44377ec5fcb7d4280793_1767251423,0x2c3dce8515854f167dc523745a6b9d98d22ec9266d9f4921f62fd3e4bf1cfa1b,0x7c33a9135c1cf344a3524852138553f41233e721,BUY,86498068750018438192524977941980476748299785729870940867089250086714498791178,0.998,1.002,1767251423
0xcc14c7bcb25a47209c1d67245fe46d6e0854799fa967c7b48106151bd9f3d9b6_1767251423,0x2c3dce8515854f167dc523745a6b9d98d22ec9266d9f4921f62fd3e4bf1cfa1b,0x2b366034b69b64a444406b2db7ec1ff7869c473b,BUY,86498068750018438192524977941980476748299785729870940867089250086714498791178,0.998,4.3885,1767251423
0xbd596f99448a524ede90c4b1aae3a6d362ad1d4d397b30b8a1b0ed23deae229f_1767251423,0x2c3dce8515854f167dc523745a6b9d98d22ec9266d9f4921f62fd3e4bf1cfa1b,0x7c33a9135c1cf344a3524852138553f41233e721,BUY,86498068750018438192524977941980476748299785729870940867089250086714498791178,0.998,1.002,1767251423
0x9d34d30f8724351f119b2ecb3d24bb15e089d278a1bf3c983399ab71f2450a05_1767251423,0x2c3dce8515854f167dc523745a6b9d98d22ec9266d9f4921f62fd3e4bf1cfa1b,0x2b366034b69b64a444406b2db7ec1ff7869c473b,BUY,86498068750018438192524977941980476748299785729870940867089250086714498791178,0.998,4.3885,1767251423
0xf301bbd6d9e39904a7ef51f3d320ba48342b00ce56b84c344eeed78b842d2ef4_1767251423,0x2c3dce8515854f167dc523745a6b9d98d22ec9266d9f4921f62fd3e4bf1cfa1b,0x2b366034b69b64a444406b2db7ec1ff7869c473b,BUY,86498068750018438192524977941980476748299785729870940867089250086714498791178,0.998,4.3885,1767251423
0x3f2cbe16c60526dd7922b32dca908b956d3349d2f862a5b6cdb3fe53f0848396_1767251423,0x2c3dce8515854f167dc523745a6b9d98d22ec9266d9f4921f62fd3e4bf1cfa1b,0x7c33a9135c1cf344a3524852138553f41233e721,BUY,86498068750018438192524977941980476748299785729870940867089250086714498791178,0.997,1.003,1767251423
0x927a05deecaec6363ef6a73b3aae725b231d0d4b698708592b72ccdc6c93cd06_1767251425,0x2c3dce8515854f167dc523745a6b9d98d22ec9266d9f4921f62fd3e4bf1cfa1b,0x2b366034b69b64a444406b2db7ec1ff7869c473b,BUY,86498068750018438192524977941980476748299785729870940867089250086714498791178,0.998,4.3885,1767251425
0x4dbe00d84f53c7c68ac45b1a43642c6cb32cd3968d4881525d248252191908c6_1767251425,0x2c3dce8515854f167dc523745a6b9d98d22ec9266d9f4921f62fd3e4bf1cfa1b,0x2b366034b69b64a444406b2db7ec1ff7869c473b,BUY,86498068750018438192524977941980476748299785729870940867089250086714498791178,0.998,4.3885,1767251425
0x6dcd760a6bd293c6187565605401bf0296369b5124f91cd0bd1f4fc16e017909_1767251425,0x2c3dce8515854f167dc523745a6b9d98d22ec9266d9f4921f62fd3e4bf1cfa1b,0x7c33a9135c1cf344a3524852138553f41233e721,BUY,86498068750018438192524977941980476748299785729870940867089250086714498791178,0.998,1.002,1767251425
0x2240d1d36de4b40906d71d723f704d4f456a8518dadfe8c5ae1ffea31708ca2f_1767251425,0x2c3dce8515854f167dc523745a6b9d98d22ec9266d9f4921f62fd3e4bf1cfa1b,0x2b366034b69b64a444406b2db7ec1ff7869c473b,BUY,86498068750018438192524977941980476748299785729870940867089250086714498791178,0.998,4.3885,1767251425
0x673947eb517aa4e84a091ff23f5d7dca2ce9b3150244c4e15e96689ae48e03e3_1767251425,0x2c3dce8515854f167dc523745a6b9d98d22ec9266d9f4921f62fd3e4bf1cfa1b,0x2b366034b69b64a444406b2db7ec1ff7869c473b,BUY,86498068750018438192524977941980476748299785729870940867089250086714498791178,0.9972531876138434,4.392,1767251425
0xdf6e26708b5cb5a06d4ef397b8468f73ebca6456d21bd04ffc47c9c1037463fe_1767251425,0x2c3dce8515854f167dc523745a6b9d98d22ec9266d9f4921f62fd3e4bf1cfa1b,0x7c33a9135c1cf344a3524852138553f41233e721,BUY,86498068750018438192524977941980476748299785729870940867089250086714498791178,0.997,1.003,1767251425
0x62a9b39710c2ae088080d80002f4b552d85052c21335240c42f7fa6da8965fb3_1767251425,0x2c3dce8515854f167dc523745a6b9d98d22ec9266d9f4921f62fd3e4bf1cfa1b,0x7c33a9135c1cf344a3524852138553f41233e721,BUY,86498068750018438192524977941980476748299785729870940867089250086714498791178,0.997,1.003,1767251425
0xd33cba310a39546d1eb4cc8c2c28a63a8c209d982b80560670e4af8e6ebbb5a6_1767251425,0x2c3dce8515854f167dc523745a6b9d98d22ec9266d9f4921f62fd3e4bf1cfa1b,0x7c33a9135c1cf344a3524852138553f41233e721,BUY,86498068750018438192524977941980476748299785729870940867089250086714498791178,0.998,1.002,1767251425
0xcba7a8c9b4ee5ca4ca593cef2ab45638da160e9fec4084a16e8f861f7c3ac3d9_1767251425,0x2c3dce8515854f167dc523745a6b9d98d22ec9266d9f4921f62fd3e4bf1cfa1b,0x7c33a9135c1cf344a3524852138553f41233e721,BUY,86498068750018438192524977941980476748299785729870940867089250086714498791178,0.998,1.002,1767251425
0x557e21a9bd7f6d2e959126e275035782934426a697a7407f0ee0d724d19540b3_1767251425,0x2c3dce8515854f167dc523745a6b9d98d22ec9266d9f4921f62fd3e4bf1cfa1b,0x7c33a9135c1cf344a3524852138553f41233e721,BUY,86498068750018438192524977941980476748299785729870940867089250086714498791178,0.997,1.003,1767251425
0x465331fed1acf1f85ed751ab6c8be7a1cbc111b1b5f75f456d527d2871b1f74c_1767251425,0x2c3dce8515854f167dc523745a6b9d98d22ec9266d9f4921f62fd3e4bf1cfa1b,0x2b366034b69b64a444406b2db7ec1ff7869c473b,BUY,86498068750018438192524977941980476748299785729870940867089250086714498791178,0.997,4.393,1767251425
0x49b45fbc5e54ecfafddd6876f30d5924c2f97a7e7616847b76c3ac3cae2e2a20_1767251425,0x2c3dce8515854f167dc523745a6b9d98d22ec9266d9f4921f62fd3e4bf1cfa1b,0x2b366034b69b64a444406b2db7ec1ff7869c473b,BUY,86498068750018438192524977941980476748299785729870940867089250086714498791178,0.998,4.3885,1767251425
0xad934cd4b6b077c4ec244efa86b8d3a6b0381228e3b416b36c6f4f0537e363c3_1767251425,0x2c3dce8515854f167dc523745a6b9d98d22ec9266d9f4921f62fd3e4bf1cfa1b,0x2b366034b69b64a444406b2db7ec1ff7869c473b,BUY,86498068750018438192524977941980476748299785729870940867089250086714498791178,0.998,4.3885,1767251425
0x6fcc2d97ddee4fba23008e974e2bace27e5fbf976b5657c6facd28c79937b6f1_1767251427,0x2c3dce8515854f167dc523745a6b9d98d22ec9266d9f4921f62fd3e4bf1cfa1b,0x7c33a9135c1cf344a3524852138553f41233e721,BUY,86498068750018438192524977941980476748299785729870940867089250086714498791178,0.998,1.002,1767251427
0x9f173d071577e2db4bde60035084e2d566650abf2fc99d1aaf27f946da43d432_1767251427,0x2c3dce8515854f167dc523745a6b9d98d22ec9266d9f4921f62fd3e4bf1cfa1b,0x2b366034b69b64a444406b2db7ec1ff7869c473b,BUY,86498068750018438192524977941980476748299785729870940867089250086714498791178,0.998,4.3885,1767251427
0xb20569d205863d80db755a72b5ce0f2188456318efe6c93e58f52f207072f447_1767251427,0x2c3dce8515854f167dc523745a6b9d98d22ec9266d9f4921f62fd3e4bf1cfa1b,0x7c33a9135c1cf344a3524852138553f41233e721,BUY,86498068750018438192524977941980476748299785729870940867089250086714498791178,0.998,1.002,1767251427
0xe8f0bb39379b8543694b175ca21c64a05b5aaaff00930637215c1e8cf95f4f4b_1767251427,0x2c3dce8515854f167dc523745a6b9d98d22ec9266d9f4921f62fd3e4bf1cfa1b,0x7c33a9135c1cf344a3524852138553f41233e721,BUY,86498068750018438192524977941980476748299785729870940867089250086714498791178,0.998,1.002,1767251427
0x0abab2c8672dcee8493bac3d20626d4a042a65ebc5d9df14b5ad40e227d1d3a5_1767251427,0x2c3dce8515854f167dc523745a6b9d98d22ec9266d9f4921f62fd3e4bf1cfa1b,0x2b366034b69b64a444406b2db7ec1ff7869c473b,BUY,86498068750018438192524977941980476748299785729870940867089250086714498791178,0.998,4.3885,1767251427
0x86c58958164647d3e3a13aac6abba2f5933f3bdae8b440c61d02dcba7a7e79bf_1767251427,0x2c3dce8515854f167dc523745a6b9d98d22ec9266d9f4921f62fd3e4bf1cfa1b,0x7c33a9135c1cf344a3524852138553f41233e721,BUY,86498068750018438192524977941980476748299785729870940867089250086714498791178,0.998,1.002,1767251427
0xdec2da23f5df7932e784bd608cabe8b0e01fdccbcff02d1255510f7ff8a58bf2_1767251427,0x2c3dce8515854f167dc523745a6b9d98d22ec9266d9f4921f62fd3e4bf1cfa1b,0x2b366034b69b64a444406b2db7ec1ff7869c473b,BUY,86498068750018438192524977941980476748299785729870940867089250086714498791178,0.998,4.3885,1767251427
0xa8a6c1294ff0e6981f60dbbe7f75b8f1d4c71d7d81fcff7b1448fbf421d70776_1767251429,0x2c3dce8515854f167dc523745a6b9d98d22ec9266d9f4921f62fd3e4bf1cfa1b,0x7c33a9135c1cf344a3524852138553f41233e721,BUY,86498068750018438192524977941980476748299785729870940867089250086714498791178,0.998,1.002,1767251429
0x84ca313986a31ea6bb403ee78494de65bbe9bd4e8c95902f1d76554357d22205_1767251429,0x2c3dce8515854f167dc523745a6b9d98d22ec9266d9f4921f62fd3e4bf1cfa1b,0x2b366034b69b64a444406b2db7ec1ff7869c473b,BUY,86498068750018438192524977941980476748299785729870940867089250086714498791178,0.998,4.3885,1767251429
0x491b0b902ac3ea1e2cf1d4865d95600ce5c7b695abe934c7d5c797031e6d6c77_1767251429,0x2c3dce8515854f167dc523745a6b9d98d22ec9266d9f4921f62fd3e4bf1cfa1b,0x2b366034b69b64a444406b2db7ec1ff7869c473b,BUY,86498068750018438192524977941980476748299785729870940867089250086714498791178,0.998,4.3885,1767251429
0x63870c85e5d4c98405be79428244c98afdbead4cc6a3a999bfec31bc29f9d0da_1767251429,0x2c3dce8515854f167dc523745a6b9d98d22ec9266d9f4921f62fd3e4bf1cfa1b,0x2b366034b69b64a444406b2db7ec1ff7869c473b,BUY,86498068750018438192524977941980476748299785729870940867089250086714498791178,0.998,4.3885,1767251429
0x2b1f8e2a1b5d074ba0a343d1aa810224bd4d2c8d5fb3290e00fd3739f8835c44_1767251429,0x2c3dce8515854f167dc523745a6b9d98d22ec9266d9f4921f62fd3e4bf1cfa1b,0x2b366034b69b64a444406b2db7ec1ff7869c473b,BUY,86498068750018438192524977941980476748299785729870940867089250086714498791178,0.998,4.3885,1767251429
0x336ecfcc2b30a8331582ab2065e5ea61096c25576c2db28437d6c3a190db9ac0_1767251431,0x2c3dce8515854f167dc523745a6b9d98d22ec9266d9f4921f62fd3e4bf1cfa1b,0x7c33a9135c1cf344a3524852138553f41233e721,BUY,86498068750018438192524977941980476748299785729870940867089250086714498791178,0.998,1.002,1767251431
0xa9282706f6708a34dfcb7137903c4afa6e92b966b73eea3969b21e41f4aefa95_1767251431,0x2c3dce8515854f167dc523745a6b9d98d22ec9266d9f4921f62fd3e4bf1cfa1b,0x2b366034b69b64a444406b2db7ec1ff7869c473b,BUY,86498068750018438192524977941980476748299785729870940867089250086714498791178,0.998,4.3885,1767251431
0x1516cf00415bad2f0c26d43620617e14afcab63233e1c95ee8d80841cfd44af0_1767251431,0x2c3dce8515854f167dc523745a6b9d98d22ec9266d9f4921f62fd3e4bf1cfa1b,0x2b366034b69b64a444406b2db7ec1ff7869c473b,BUY,86498068750018438192524977941980476748299785729870940867089250086714498791178,0.998,4.3885,1767251431
0x3e108564cd4a7a346dcc4eb173753e7b3df2c9a12b13cdeaa19d609bc68f06cc_1767251431,0x2c3dce8515854f167dc523745a6b9d98d22ec9266d9f4921f62fd3e4bf1cfa1b,0x7c33a9135c1cf344a3524852138553f41233e721,BUY,86498068750018438192524977941980476748299785729870940867089250086714498791178,0.998,1.002,1767251431
0xac3bb852f7f58a8d73aab6e24d265dfc9281a178fd18168beb090e5efb710d84_1767251431,0x2c3dce8515854f167dc523745a6b9d98d22ec9266d9f4921f62fd3e4bf1cfa1b,0x7c33a9135c1cf344a3524852138553f41233e721,BUY,86498068750018438192524977941980476748299785729870940867089250086714498791178,0.998,1.002,1767251431
0x8f6fea2d23a6c83188cfeae3397dc45e132eead66c958b66cc04f14712c1360b_1767251431,0x2c3dce8515854f167dc523745a6b9d98d22ec9266d9f4921f62fd3e4bf1cfa1b,0x2b366034b69b64a444406b2db7ec1ff7869c473b,BUY,86498068750018438192524977941980476748299785729870940867089250086714498791178,0.998,4.3885,1767251431
0xce7612f057ba3da63862dd92205507068bb6d3a204eebe92353a07a2fd79f21c_1767251431,0x2c3dce8515854f167dc523745a6b9d98d22ec9266d9f4921f62fd3e4bf1cfa1b,0x7c33a9135c1cf344a3524852138553f41233e721,BUY,86498068750018438192524977941980476748299785729870940867089250086714498791178,0.998,1.002,1767251431
0x7ac592a2db80743abea201d5651b7396f75689cc19dc01af95acf0ee74470357_1767251431,0x2c3dce8515854f167dc523745a6b9d98d22ec9266d9f4921f62fd3e4bf1cfa1b,0x2b366034b69b64a444406b2db7ec1ff7869c473b,BUY,86498068750018438192524977941980476748299785729870940867089250086714498791178,0.998,4.3885,1767251431
0xf76bd65cd14876df1d6057c21a8d885dc925214f9ad4dc961a3ae6d02d3fd599_1767251431,0x2c3dce8515854f167dc523745a6b9d98d22ec9266d9f4921f62fd3e4bf1cfa1b,0x7c33a9135c1cf344a3524852138553f41233e721,BUY,86498068750018438192524977941980476748299785729870940867089250086714498791178,0.998,1.002,1767251431
0x77099611a4d8a6ae95870277a0a20d16f086df2b938011962c9572238c551bc4_1767251431,0x2c3dce8515854f167dc523745a6b9d98d22ec9266d9f4921f62fd3e4bf1cfa1b,0x2b366034b69b64a444406b2db7ec1ff7869c473b,BUY,86498068750018438192524977941980476748299785729870940867089250086714498791178,0.998,4.3885,1767251431
0xe7d3f489b144d16e7cd0335c40d6836a30ee657869984e105ccd0b5537793c5d_1767251431,0x2c3dce8515854f167dc523745a6b9d98d22ec9266d9f4921f62fd3e4bf1cfa1b,0x2b366034b69b64a444406b2db7ec1ff7869c473b,BUY,86498068750018438192524977941980476748299785729870940867089250086714498791178,0.998,4.3885,1767251431
0x4584ba417e30db2649fe60b53f5ddde213fe98822ea584b24368af73b466ba52_1767251431,0x2c3dce8515854f167dc523745a6b9d98d22ec9266d9f4921f62fd3e4bf1cfa1b,0x2b366034b69b64a444406b2db7ec1ff7869c473b,BUY,86498068750018438192524977941980476748299785729870940867089250086714498791178,0.998,4.3885,1767251431
0xf94d4730a9ab50376c8e8049bbb9c53f85d14463ad1a4e7a1ef3db564ab60de7_1767251433,0x2c3dce8515854f167dc523745a6b9d98d22ec9266d9f4921f62fd3e4bf1cfa1b,0x2b366034b69b64a444406b2db7ec1ff7869c473b,BUY,86498068750018438192524977941980476748299785729870940867089250086714498791178,0.998,4.3885,1767251433
0xec9e5516b807f8644f2ba4ffdc786e478af771dd76c59de439e70805ebdfc0a8_1767251433,0x2c3dce8515854f167dc523745a6b9d98d22ec9266d9f4921f62fd3e4bf1cfa1b,0x7c33a9135c1cf344a3524852138553f41233e721,BUY,86498068750018438192524977941980476748299785729870940867089250086714498791178,0.998,1.002,1767251433
0x90b251d64ff26a41c1afd85bd48e18ea6c0d2d8cc8313422c686dd49e6899fa0_1767251433,0x2c3dce8515854f167dc523745a6b9d98d22ec9266d9f4921f62fd3e4bf1cfa1b,0x2b366034b69b64a444406b2db7ec1ff7869c473b,BUY,86498068750018438192524977941980476748299785729870940867089250086714498791178,0.998,4.3885,1767251433
0xbc7f835f4c69823a523afff0634f674c85ca03ba43474cba93af67131280efb5_1767251433,0x2c3dce8515854f167dc523745a6b9d98d22ec9266d9f4921f62fd3e4bf1cfa1b,0x7c33a9135c1cf344a3524852138553f41233e721,BUY,86498068750018438192524977941980476748299785729870940867089250086714498791178,0.998,1.002,1767251433
0x8cc373a2400af7c8e8b0f7c534f44ebbe7946d7fd0e14c13deb14c452f563734_1767251433,0x2c3dce8515854f167dc523745a6b9d98d22ec9266d9f4921f62fd3e4bf1cfa1b,0x2b366034b69b64a444406b2db7ec1ff7869c473b,BUY,86498068750018438192524977941980476748299785729870940867089250086714498791178,0.998,4.3885,1767251433
0xf826ee7c6f7ff00403cad0c3b61bb3198ed61580f32bb5e4d9f7df7c953b4159_1767251433,0x2c3dce8515854f167dc523745a6b9d98d22ec9266d9f4921f62fd3e4bf1cfa1b,0x7c33a9135c1cf344a3524852138553f41233e721,BUY,86498068750018438192524977941980476748299785729870940867089250086714498791178,0.998,1.002,1767251433
0xe1e09db124991d4f00ab90d3abd4ca6de7f1ecee8c105c4ccb8ae0ed46315982_1767251433,0x2c3dce8515854f167dc523745a6b9d98d22ec9266d9f4921f62fd3e4bf1cfa1b,0x2b366034b69b64a444406b2db7ec1ff7869c473b,BUY,86498068750018438192524977941980476748299785729870940867089250086714498791178,0.998,4.3885,1767251433
0x69b73b67141e3cb53c46c25ebaeb7082daa8b4a013622c65733a4bfc91cf00fc_1767251433,0x2c3dce8515854f167dc523745a6b9d98d22ec9266d9f4921f62fd3e4bf1cfa1b,0x2b366034b69b64a444406b2db7ec1ff7869c473b,BUY,86498068750018438192524977941980476748299785729870940867089250086714498791178,0.998,4.3885,1767251433
0xeea1fa8a949477f5f18f1bb3a4b2f107d6d4a4adfa0c45b95ad28e9fafe539f6_1767251435,0x2c3dce8515854f167dc523745a6b9d98d22ec9266d9f4921f62fd3e4bf1cfa1b,0x2b366034b69b64a444406b2db7ec1ff7869c473b,BUY,86498068750018438192524977941980476748299785729870940867089250086714498791178,0.998,4.3885,1767251435
0x3c4a4fbee2305462bcd356332d37e43b4614200ecc9b1bafb6f00595bfc403c8_1767251435,0x2c3dce8515854f167dc523745a6b9d98d22ec9266d9f4921f62fd3e4bf1cfa1b,0x2b366034b69b64a444406b2db7ec1ff7869c473b,BUY,86498068750018438192524977941980476748299785729870940867089250086714498791178,0.998,4.3885,1767251435
0xe7b43cb4c0fa3a5585e8c3e3c2611ae4ec94aad916cee75e5c04519adc195ff1_1767251435,0x2c3dce8515854f167dc523745a6b9d98d22ec9266d9f4921f62fd3e4bf1cfa1b,0x2b366034b69b64a444406b2db7ec1ff7869c473b,BUY,86498068750018438192524977941980476748299785729870940867089250086714498791178,0.998,4.3885,1767251435
0x391c656b3dbedc6bbcb857073f9cf02142f89b7a9ea8162fd1621032eed55556_1767251435,0x2c3dce8515854f167dc523745a6b9d98d22ec9266d9f4921f62fd3e4bf1cfa1b,0x2b366034b69b64a444406b2db7ec1ff7869c473b,BUY,86498068750018438192524977941980476748299785729870940867089250086714498791178,0.998,4.3885,1767251435
0xf0901a9f1d035ecb1a7de230f3dd8df21ab0aa4c3d7050efb380dc360df0be2b_1767251435,0x2c3dce8515854f167dc523745a6b9d98d22ec9266d9f4921f62fd3e4bf1cfa1b,0x2b366034b69b64a444406b2db7ec1ff7869c473b,BUY,86498068750018438192524977941980476748299785729870940867089250086714498791178,0.998,4.3885,1767251435
0xf84a82273975ab5cab09d081996ece3830212269d2dbb39d682f6c512db29e67_1767251435,0x2c3dce8515854f167dc523745a6b9d98d22ec9266d9f4921f62fd3e4bf1cfa1b,0x2b366034b69b64a444406b2db7ec1ff7869c473b,BUY,86498068750018438192524977941980476748299785729870940867089250086714498791178,0.998,4.3885,1767251435
0x2fa970ea63abec1aa5f26566e3b6522675642bdfabc4821b522b669cbb30b789_1767251435,0x2c3dce8515854f167dc523745a6b9d98d22ec9266d9f4921f62fd3e4bf1cfa1b,0x2b366034b69b64a444406b2db7ec1ff7869c473b,BUY,86498068750018438192524977941980476748299785729870940867089250086714498791178,0.998,4.068,1767251435
0xc5e689ea5a8d64c4da1195f20bc1c1ceec680006286c6d081c56968e7edfae6d_1767251435,0x2c3dce8515854f167dc523745a6b9d98d22ec9266d9f4921f62fd3e4bf1cfa1b,0x2b366034b69b64a444406b2db7ec1ff7869c473b,BUY,86498068750018438192524977941980476748299785729870940867089250086714498791178,0.998,4.3885,1767251435
0xc881b9d0223c6ce4f6dd6e7cf20da5756705ddd2a82855027a40fe343fb4f2c8_1767251435,0x2c3dce8515854f167dc523745a6b9d98d22ec9266d9f4921f62fd3e4bf1cfa1b,0x2b366034b69b64a444406b2db7ec1ff7869c473b,BUY,86498068750018438192524977941980476748299785729870940867089250086714498791178,0.998,4.3885,1767251435
0xbd93232af404f33e0d4b4b808b8606de055439f4dfa6da8585965582dfc70947_1767251435,0x2c3dce8515854f167dc523745a6b9d98d22ec9266d9f4921f62fd3e4bf1cfa1b,0x2b366034b69b64a444406b2db7ec1ff7869c473b,BUY,86498068750018438192524977941980476748299785729870940867089250086714498791178,0.998,4.3885,1767251435
0xc2bfcf5db911e67d07e2006baf9f0ef966cc4f04ccd442c5e99f8d574d24a01b_1767251435,0x2c3dce8515854f167dc523745a6b9d98d22ec9266d9f4921f62fd3e4bf1cfa1b,0x2b366034b69b64a444406b2db7ec1ff7869c473b,BUY,86498068750018438192524977941980476748299785729870940867089250086714498791178,0.998,4.3885,1767251435
0x3bb38b67f95a4f77341551e319d80b510b2d93b358e97c3282ebbb5ad0742d1c_1767251437,0x2c3dce8515854f167dc523745a6b9d98d22ec9266d9f4921f62fd3e4bf1cfa1b,0x2b366034b69b64a444406b2db7ec1ff7869c473b,BUY,86498068750018438192524977941980476748299785729870940867089250086714498791178,0.998,4.3885,1767251437
0xddf6972c90143d51387b37a1bc5ef47c4fbae21417d10c4c9a1e0c2dbcf09eb7_1767251437,0x2c3dce8515854f167dc523745a6b9d98d22ec9266d9f4921f62fd3e4bf1cfa1b,0x2b366034b69b64a444406b2db7ec1ff7869c473b,BUY,86498068750018438192524977941980476748299785729870940867089250086714498791178,0.998,4.3885,1767251437
0xdd797a4cc768b8b491f151a2579d60841340aa55ecdf496d0a5af59854644cdf_1767251463,0x2c3dce8515854f167dc523745a6b9d98d22ec9266d9f4921f62fd3e4bf1cfa1b,0xb045c852b8035b3223453efe3754bb33e9e0a204,BUY,86498068750018438192524977941980476748299785729870940867089250086714498791178,0.998,58.667,1767251463
0xd58b56b0761cc63046fb0fb2d203be9f5df951dc42cbbb51c702256bcf7f271b_1767251587,0x2c3dce8515854f167dc523745a6b9d98d22ec9266d9f4921f62fd3e4bf1cfa1b,0xb7b754bb08c280dcb866b4f5528adaea3128873b,BUY,110290742709531333936637417418570910881285907663357514844586483587588568832794,0.005979907511250354,16388.213332,1767251587
0x8b2def805f352834b7a8635ac7e09edca862fae699f9e823e7af852c02ed50ec_1767251613,0x2c3dce8515854f167dc523745a6b9d98d22ec9266d9f4921f62fd3e4bf1cfa1b,0xb045c852b8035b3223453efe3754bb33e9e0a204,SELL,86498068750018438192524977941980476748299785729870940867089250086714498791178,0.994,58.66,1767251613
0x69b7fde0fbf9fb2e6850d0a1110df4604d0c1979be67ac398764c5ad5ed577b9_1767252769,0x2c3dce8515854f167dc523745a6b9d98d22ec9266d9f4921f62fd3e4bf1cfa1b,0xae4543bbbcc1587fb180291f621b7a840992cce7,SELL,110290742709531333936637417418570910881285907663357514844586483587588568832794,0.0010130931263858092,31570.0,1767252769
0xcaccc791dbd78d95a16d0251783d81f468679f714234ec8a0e472da497aaccef_1767252865,0x2c3dce8515854f167dc523745a6b9d98d22ec9266d9f4921f62fd3e4bf1cfa1b,0xbacd00c9080a82ded56f504ee8810af732b0ab35,BUY,86498068750018438192524977941980476748299785729870940867089250086714498791178,0.999,11111.0,1767252865
0xe6f1d841ec8c48f3a0cd78949ad8c9c95e47c8881ae9c6ea886976c8ba21e615_1767252873,0x2c3dce8515854f167dc523745a6b9d98d22ec9266d9f4921f62fd3e4bf1cfa1b,0x7e0d46eae570fbea63b79934edb1311ed1201407,BUY,110290742709531333936637417418570910881285907663357514844586483587588568832794,0.0037721228818803575,1858.37,1767252873
0x860002d85d3ebb5ed6ca60d41e6c2d94ad5bda4ca6bc632404e6b4ecc76cf597_1767253123,0x2c3dce8515854f167dc523745a6b9d98d22ec9266d9f4921f62fd3e4bf1cfa1b,0x2a9943a4bb7852e023f673a3bc2bafcbcd227059,BUY,86498068750018438192524977941980476748299785729870940867089250086714498791178,0.998,10.03,1767253123
0xd5117452de7d1e3f7462385eb3b00ce37aa02508b7c338292f276541075d1223_1767253441,0x2c3dce8515854f167dc523745a6b9d98d22ec9266d9f4921f62fd3e4bf1cfa1b,0x57e7524540dab9c34ac66c73924911140ac9c118,BUY,86498068750018438192524977941980476748299785729870940867089250086714498791178,0.999,4.004,1767253441
0xe00caaef1e6c156c893227e59904e92b17b7d734ea3fa471e8f1cb0ee5b0c8e8_1767253459,0x2c3dce8515854f167dc523745a6b9d98d22ec9266d9f4921f62fd3e4bf1cfa1b,0x17f0b79bae4c986b854f6be30f1fca8c484dea12,BUY,110290742709531333936637417418570910881285907663357514844586483587588568832794,0.0028118321898549094,355.64,1767253459
0xbe8b8184129f8a193818b1b70139b2c52c795c8da42694b1bdfcab68e2885f74_1767253791,0x2c3dce8515854f167dc523745a6b9d98d22ec9266d9f4921f62fd3e4bf1cfa1b,0xe5575fcfeea0784f927ee55bed95787c94b17e8c,BUY,110290742709531333936637417418570910881285907663357514844586483587588568832794,0.00300000000014394,34736.666665,1767253791
0x1a95275e7719933da225869ab0700697890f62b6a10a4e1961b928ad12144346_1767253909,0x2c3dce8515854f167dc523745a6b9d98d22ec9266d9f4921f62fd3e4bf1cfa1b,0x0224bb9eb0a5c9fd261ac9123a72cbdd5748292a,BUY,86498068750018438192524977941980476748299785729870940867089250086714498791178,0.998,6.85,1767253909
0x74cb260b6baab77f6304031d59384f6dbbee1b4454bf0a00c3d30e0792e8a183_1767254343,0x2c3dce8515854f167dc523745a6b9d98d22ec9266d9f4921f62fd3e4bf1cfa1b,0xff4b1f20ab269d3f82287428537f8b533cbfd019,BUY,86498068750018438192524977941980476748299785729870940867089250086714498791178,0.998,3.17,1767254343
0x8e86f1d3fa87204a42ee3382d9e3d706db182ed8215f459d002f25e5db37f34a_1767255529,0x2c3dce8515854f167dc523745a6b9d98d22ec9266d9f4921f62fd3e4bf1cfa1b,0xe3d7097b619590cf2d5970251db19d23f42d2413,BUY,110290742709531333936637417418570910881285907663357514844586483587588568832794,0.002,1015.0,1767255529
0x0028dd8a7794f42e2c530128bb75fd87e2c9a0e0c41fd9dba1e9109ca148bbaf_1767256041,0x2c3dce8515854f167dc523745a6b9d98d22ec9266d9f4921f62fd3e4bf1cfa1b,0x4b8f419fd89ae247ebccfddd3e501ee77abdef2c,BUY,86498068750018438192524977941980476748299785729870940867089250086714498791178,0.999,280.14,1767256041
0x372d31c6b27fc729248796bf43b7ceebfd4ce33859df2d9df0b33ebe7506b0ff_1767256377,0x2c3dce8515854f167dc523745a6b9d98d22ec9266d9f4921f62fd3e4bf1cfa1b,0x4b8f419fd89ae247ebccfddd3e501ee77abdef2c,SELL,86498068750018438192524977941980476748299785729870940867089250086714498791178,0.998,280.14,1767256377
0x7bda0bd7897e452c24d882c1bda5cc5b1db54880fc0a1d72a80c00ee8c599df2_1767256385,0x2c3dce8515854f167dc523745a6b9d98d22ec9266d9f4921f62fd3e4bf1cfa1b,0x7e0d46eae570fbea63b79934edb1311ed1201407,SELL,110290742709531333936637417418570910881285907663357514844586483587588568832794,0.001,280.14,1767256385
0xeedd1d6514cc75513e17afaab3c10ad811172a49c9e8fd4304c6cee6003b3f24_1767256499,0x2c3dce8515854f167dc523745a6b9d98d22ec9266d9f4921f62fd3e4bf1cfa1b,0xb7b754bb08c280dcb866b4f5528adaea3128873b,BUY,110290742709531333936637417418570910881285907663357514844586483587588568832794,0.002,25000.0,1767256499
0x417adba513f0ae516ea7f9b511cfeff26634f86135929840dfae3897aa413d90_1767256507,0x2c3dce8515854f167dc523745a6b9d98d22ec9266d9f4921f62fd3e4bf1cfa1b,0x7e0d46eae570fbea63b79934edb1311ed1201407,SELL,110290742709531333936637417418570910881285907663357514844586483587588568832794,0.001,1578.23,1767256507
0x705adba6ca401e4af286f3905bb795283a6b1dd3c4c30949a4ad4e9433db2edd_1767256621,0x2c3dce8515854f167dc523745a6b9d98d22ec9266d9f4921f62fd3e4bf1cfa1b,0xcdc40a4b6c7e13ee4593b02283237aebcfd9e602,SELL,110290742709531333936637417418570910881285907663357514844586483587588568832794,0.001,56.0,1767256621
0x6cece7bc4ccfd5468a749020411c15c058dd47c76afff2924f9e9e39f239231e_1767256651,0x2c3dce8515854f167dc523745a6b9d98d22ec9266d9f4921f62fd3e4bf1cfa1b,0xb7b754bb08c280dcb866b4f5528adaea3128873b,BUY,110290742709531333936637417418570910881285907663357514844586483587588568832794,0.002,1000.0,1767256651
0xca981fff927172d0ba3c22e5f71d14989b51137d3ff105167f8aba5acce6136a_1767256853,0x2c3dce8515854f167dc523745a6b9d98d22ec9266d9f4921f62fd3e4bf1cfa1b,0xcb21578cea396ffb1d9343c271501e515630a2ea,BUY,86498068750018438192524977941980476748299785729870940867089250086714498791178,0.999,1.001,1767256853
0x3bb8b031c6d3a46e744722c8bdb9fda57aff056569f0e4cb593eb9be48ce62e7_1767257901,0x2c3dce8515854f167dc523745a6b9d98d22ec9266d9f4921f62fd3e4bf1cfa1b,0xad0a15d44623116ac564eb3f1d5ac33c6d3b7898,SELL,110290742709531333936637417418570910881285907663357514844586483587588568832794,0.001,202.88,1767257901
0x3716cef5feebb67e249a6795bf406425bf725d727d911c2c38bbbe4ff3167fde_1767257907,0x2c3dce8515854f167dc523745a6b9d98d22ec9266d9f4921f62fd3e4bf1cfa1b,0xd94a60fba6f0533cf0e3147899cc43230008fd69,BUY,110290742709531333936637417418570910881285907663357514844586483587588568832794,0.002,66.66,1767257907
0x454b3a50e1015acb50deac490dea56b65f0b5ea516a82b395bd41f0dfd58b0b0_1767258025,0x2c3dce8515854f167dc523745a6b9d98d22ec9266d9f4921f62fd3e4bf1cfa1b,0x1b8c640491a97581ee5c666e3c56be922386fdbd,SELL,86498068750018438192524977941980476748299785729870940867089250086714498791178,0.998,0.13,1767258025
0x221b687497d73e5fa673f58df5b8ce600b66b7cc77af0bfe2a8adc4dd98ee821_1767258239,0x2c3dce8515854f167dc523745a6b9d98d22ec9266d9f4921f62fd3e4bf1cfa1b,0xee57ffaad02a05e3b0e720733d57c69d37fd50d1,SELL,86498068750018438192524977941980476748299785729870940867089250086714498791178,0.998,8.01,1767258239
0xf92df8da6ae8245b26c040f41a2f88008554b6c2cbaabfd9f48512e7b7c6a1df_1767258793,0x2c3dce8515854f167dc523745a6b9d98d22ec9266d9f4921f62fd3e4bf1cfa1b,0x491213da9c46715364098c7b8a08ae5398b3c24e,BUY,110290742709531333936637417418570910881285907663357514844586483587588568832794,0.002,1500.0,1767258793
0x589db80044be3add8aa0623e4d3e01958e2c8d21525ef8543e3518a77cb85794_1767260199,0x2c3dce8515854f167dc523745a6b9d98d22ec9266d9f4921f62fd3e4bf1cfa1b,0xdcd669c506a938bae9269a84b8bd2bdb220484cd,BUY,86498068750018438192524977941980476748299785729870940867089250086714498791178,0.999,41171.03,1767260199
0xc46f6ecb027ab4dfd2b5e6df8ab5309788b926ad40b02efc68f5f54ef16b423a_1767260207,0x2c3dce8515854f167dc523745a6b9d98d22ec9266d9f4921f62fd3e4bf1cfa1b,0x9a65ce6564e7f614979391c63577d2c61de002be,BUY,110290742709531333936637417418570910881285907663357514844586483587588568832794,0.002,1130.0,1767260207
0xe30009de406618502d8d20108ee071c4981fb0ca8503a49c925b4b3833746611_1767260207,0x2c3dce8515854f167dc523745a6b9d98d22ec9266d9f4921f62fd3e4bf1cfa1b,0xa8f0c0d83c7f969cb8cf51d4ac09a5e8b57243d1,BUY,110290742709531333936637417418570910881285907663357514844586483587588568832794,0.002,4550.0,1767260207
0x382fc35af9ec937c850d5da56fe619c62981b98db090d9ee5e13568ffb8d3878_1767260207,0x2c3dce8515854f167dc523745a6b9d98d22ec9266d9f4921f62fd3e4bf1cfa1b,0x54821320e3351e819bd407fa2b747f10fefbcc66,BUY,110290742709531333936637417418570910881285907663357514844586483587588568832794,0.002,535.0,1767260207
0xde2e0518abb30c7d4e55d9cd525ec621617ad2e777e2ed280f442502236c2b67_1767260207,0x2c3dce8515854f167dc523745a6b9d98d22ec9266d9f4921f62fd3e4bf1cfa1b,0xb96c245ea7b7ecc0f1ccae69a84973679b8135c9,BUY,110290742709531333936637417418570910881285907663357514844586483587588568832794,0.002,4550.0,1767260207
0x2f3151caaf1b7064c2e6fb232196258a37ea621a65d7de57fc099f8e904a16e7_1767261841,0x2c3dce8515854f167dc523745a6b9d98d22ec9266d9f4921f62fd3e4bf1cfa1b,0xb7b754bb08c280dcb866b4f5528adaea3128873b,BUY,110290742709531333936637417418570910881285907663357514844586483587588568832794,0.001,28900.0,1767261841
0x05d51c57c1685eb7f7ca768cbbd9dc8f446925fc40211071d47c77e24ed12461_1767262359,0x2c3dce8515854f167dc523745a6b9d98d22ec9266d9f4921f62fd3e4bf1cfa1b,0x5fb2631c6afe8ef30a966655f69e65cf90abe4e7,BUY,110290742709531333936637417418570910881285907663357514844586483587588568832794,0.001,1000.0,1767262359
0x05056137a8ab32e06c6596e15be53f2d15effdbffc4410ab6758ad2b714c3769_1767263305,0x2c3dce8515854f167dc523745a6b9d98d22ec9266d9f4921f62fd3e4bf1cfa1b,0x7c48aef136643871d40397a518bd041eff91cf0c,BUY,110290742709531333936637417418570910881285907663357514844586483587588568832794,0.001,1000.0,1767263305
0xe9e921c2dbbacaad42f5620b567b2904a838b1ae6ea2cc9d17c2c8dcceb2bf0c_1767263365,0x2c3dce8515854f167dc523745a6b9d98d22ec9266d9f4921f62fd3e4bf1cfa1b,0xb194c814b1bb93657ae233aa98fe9f9467b01063,BUY,110290742709531333936637417418570910881285907663357514844586483587588568832794,0.001,12870.0,1767263365
0x145befc5263db4baf2987930bd6ae797f28ba61b03a21ca2577f93bfb03d0ca0_1767263777,0x2c3dce8515854f167dc523745a6b9d98d22ec9266d9f4921f62fd3e4bf1cfa1b,0x2150d0878c2514c81fbded2a7e309abb89c9581b,BUY,110290742709531333936637417418570910881285907663357514844586483587588568832794,0.001,1000.0,1767263777
0xaaa163c5033dfecb74cab8913caa73cc7b36943c259f5556abfd6d218babc338_1767265927,0x2c3dce8515854f167dc523745a6b9d98d22ec9266d9f4921f62fd3e4bf1cfa1b,0x364f935ccafae7bb980616b81999239ed816562c,SELL,86498068750018438192524977941980476748299785729870940867089250086714498791178,0.999,5.01,1767265927
0xf0928ebecc6d4d7cdf9ab440b858197d890758aadd370cb3e71327e47193e67e_1767267067,0x2c3dce8515854f167dc523745a6b9d98d22ec9266d9f4921f62fd3e4bf1cfa1b,0xb80e5a2eb559c0756de8dedbf669bc8657d5ce8e,SELL,86498068750018438192524977941980476748299785729870940867089250086714498791178,0.999,10.02,1767267067
0x637d8579a2d40236667798a702300e1788a816466e996139579de6035647b707_1767268395,0x2c3dce8515854f167dc523745a6b9d98d22ec9266d9f4921f62fd3e4bf1cfa1b,0x5ea9a21db9de280fdee5fcf76af648625b021a13,BUY,110290742709531333936637417418570910881285907663357514844586483587588568832794,0.001,9790.0,1767268395
0x5ec0174fb1c1260d2009d162ad161c5a7c363233aefc36ff605678629a0b1ebf_1767269905,0x2c3dce8515854f167dc523745a6b9d98d22ec9266d9f4921f62fd3e4bf1cfa1b,0xcee853c7b514aaf5e892a0100105f5d5ffb8cf81,BUY,110290742709531333936637417418570910881285907663357514844586483587588568832794,0.001,1000.0,1767269905
0xa3b324e8e3ad545b7b745e51b634d8ecd63bef3973e22631daf906a0ccc1a84c_1767270715,0x2c3dce8515854f167dc523745a6b9d98d22ec9266d9f4921f62fd3e4bf1cfa1b,0x52a2565fab9611d3163b0a4751ec99ceab5a376f,BUY,110290742709531333936637417418570910881285907663357514844586483587588568832794,0.001,2000.0,1767270715
0xaa606856705c4a7df006e6d1fb5c7e13c46bf71ac86f6a99270b326135a75631_1767270727,0x2c3dce8515854f167dc523745a6b9d98d22ec9266d9f4921f62fd3e4bf1cfa1b,0x3e5630959499c5b5e55aceeeeae7446933d335d5,BUY,110290742709531333936637417418570910881285907663357514844586483587588568832794,0.001,1000.0,1767270727
0xa41ac35097ed95fde6e9f12249579bcfc88cf9212bc8a2d98b66b1076b91bdfa_1767271101,0x2c3dce8515854f167dc523745a6b9d98d22ec9266d9f4921f62fd3e4bf1cfa1b,0xeaf5950718482a1f059b1a248af634ac2f2da7fb,BUY,110290742709531333936637417418570910881285907663357514844586483587588568832794,0.001,10000.0,1767271101
0xb49acdcd57ca5e386f97ec7d857285c48da468e5de40bbd8741c5dd8372f687b_1767271113,0x2c3dce8515854f167dc523745a6b9d98d22ec9266d9f4921f62fd3e4bf1cfa1b,0x0e348a41361292be27beab7ed1dff3b77e9642ff,BUY,110290742709531333936637417418570910881285907663357514844586483587588568832794,0.001,5000.0,1767271113
0x90f59a5c0f844e1433d28df8cfa548bf8c13d7b66aaf0b7057a60a2919e2c19c_1767271173,0x2c3dce8515854f167dc523745a6b9d98d22ec9266d9f4921f62fd3e4bf1cfa1b,0x0e348a41361292be27beab7ed1dff3b77e9642ff,BUY,110290742709531333936637417418570910881285907663357514844586483587588568832794,0.001,5000.0,1767271173
0x50d1be474727dfc5d03bbdd11f9a5245930625095f61872e6a652c68acd86a5d_1767271357,0x2c3dce8515854f167dc523745a6b9d98d22ec9266d9f4921f62fd3e4bf1cfa1b,0xb7b754bb08c280dcb866b4f5528adaea3128873b,BUY,110290742709531333936637417418570910881285907663357514844586483587588568832794,0.001,28500.0,1767271357
0x77bcf2ec5bc7c317b67a23b40808bd9fe5d602f8dcf8452c194b51acf662a96e_1767272471,0x2c3dce8515854f167dc523745a6b9d98d22ec9266d9f4921f62fd3e4bf1cfa1b,0x491213da9c46715364098c7b8a08ae5398b3c24e,BUY,110290742709531333936637417418570910881285907663357514844586483587588568832794,0.001,1000.0,1767272471
0x39eb93d9c621f862541931bac2f1e933858c31f6685d2839e77d57c700fcdd04_1767272827,0x2c3dce8515854f167dc523745a6b9d98d22ec9266d9f4921f62fd3e4bf1cfa1b,0xb01554c2e192b7de79ea886f6513f7137956734b,BUY,110290742709531333936637417418570910881285907663357514844586483587588568832794,0.001,2000.0,1767272827
0xc771f1ee602f137fa1a5e517af382a1c9ecf97197b254eb323b50673fddc3e6b_1767272933,0x2c3dce8515854f167dc523745a6b9d98d22ec9266d9f4921f62fd3e4bf1cfa1b,0x3be6a957284152bd131e3d6d7bb5208363fe77bd,BUY,110290742709531333936637417418570910881285907663357514844586483587588568832794,0.001,15000.0,1767272933
0xd09cec858f5d6f379dd449f158d62b636dfa366fd83ed72104c96c340a020ee5_1767273119,0x2c3dce8515854f167dc523745a6b9d98d22ec9266d9f4921f62fd3e4bf1cfa1b,0x17118a3b7de1327ba54fbb9eee730cb996ec0528,SELL,86498068750018438192524977941980476748299785729870940867089250086714498791178,0.999,2.97,1767273119
0x8219bb0a5f4e3d13077ed2704d1c9db6b003295e1c110de18862bf44685f83cf_1767273537,0x2c3dce8515854f167dc523745a6b9d98d22ec9266d9f4921f62fd3e4bf1cfa1b,0x818bc4f8d59780524de4a44695f8db26e157ea84,BUY,110290742709531333936637417418570910881285907663357514844586483587588568832794,0.001,1000.0,1767273537
0xb3ffc489f265543dfd3f9070ffc3f732c06ced637454b147d12a092ee3f7cca5_1767273879,0x2c3dce8515854f167dc523745a6b9d98d22ec9266d9f4921f62fd3e4bf1cfa1b,0xcb1cedf6d2b4f8d1b7b5de31afc2fc616b9bff82,BUY,110290742709531333936637417418570910881285907663357514844586483587588568832794,0.001,14170.0,1767273879
0xd8e656464298cb361e35aecfd7b60381f03209ac5465aba8f1fe7b55ae6f8e25_1767274185,0x2c3dce8515854f167dc523745a6b9d98d22ec9266d9f4921f62fd3e4bf1cfa1b,0x0e348a41361292be27beab7ed1dff3b77e9642ff,BUY,110290742709531333936637417418570910881285907663357514844586483587588568832794,0.001,10000.0,1767274185
0x43ebad0f48a21c008f790037de7c14aef5e4afd4d3c8b39c3ef123c479d828dd_1767274239,0x2c3dce8515854f167dc523745a6b9d98d22ec9266d9f4921f62fd3e4bf1cfa1b,0xe4494af6409888efc2e119967b708e97743ff1fa,SELL,86498068750018438192524977941980476748299785729870940867089250086714498791178,0.999,14.28,1767274239
0x1caa9a352b912a3cd6a7f812393e054d015a2992ed6f96f45aaf04c9ccf41f1f_1767274367,0x2c3dce8515854f167dc523745a6b9d98d22ec9266d9f4921f62fd3e4bf1cfa1b,0x17bff282cf6b878580e7b08fc81fd114101ff310,BUY,110290742709531333936637417418570910881285907663357514844586483587588568832794,0.001,1000.0,1767274367
0xef9d75750bb310996701ebb00deb8a2823bdb714ebe72f92bf2705d45c3420ad_1767275393,0x2c3dce8515854f167dc523745a6b9d98d22ec9266d9f4921f62fd3e4bf1cfa1b,0x211de1500d2dc82e225413761acb83a71a76cb8a,BUY,110290742709531333936637417418570910881285907663357514844586483587588568832794,0.001,11000.0,1767275393
0x45db1946f42831ac488d1215449a792c02d3d3b60166dc6a46da4866d0c1a90a_1767276177,0x2c3dce8515854f167dc523745a6b9d98d22ec9266d9f4921f62fd3e4bf1cfa1b,0x3be6a957284152bd131e3d6d7bb5208363fe77bd,BUY,110290742709531333936637417418570910881285907663357514844586483587588568832794,0.001,8000.0,1767276177
0x9ad38f3d4c29315496cec7c0fc2c00166c85b6f4f5eaaa11f662d7f7eb8a31b9_1767276327,0x2c3dce8515854f167dc523745a6b9d98d22ec9266d9f4921f62fd3e4bf1cfa1b,0x818bc4f8d59780524de4a44695f8db26e157ea84,BUY,110290742709531333936637417418570910881285907663357514844586483587588568832794,0.001,4000.0,1767276327
0x4fc6fd9f53e0912ee762f7f66c90d6fac07d477c72f7093687a71ab65571bbcc_1767276471,0x2c3dce8515854f167dc523745a6b9d98d22ec9266d9f4921f62fd3e4bf1cfa1b,0xb7b754bb08c280dcb866b4f5528adaea3128873b,BUY,110290742709531333936637417418570910881285907663357514844586483587588568832794,0.001,35000.0,1767276471
0x8d065bbea8fc7c9984f56335ae5fb205cfd3644a17625408c4ba6ae67aa77b69_1767276859,0x2c3dce8515854f167dc523745a6b9d98d22ec9266d9f4921f62fd3e4bf1cfa1b,0x052848d72f3998ea701f7879b3392b91f6eaefbc,BUY,86498068750018438192524977941980476748299785729870940867089250086714498791178,0.999,1.111,1767276859
0x7c53d56e5778079ce429914dab2110027ad11d5f0c3311d9714fb1ba0f9dab95_1767276875,0x2c3dce8515854f167dc523745a6b9d98d22ec9266d9f4921f62fd3e4bf1cfa1b,0x896df9708e37bbe5b866fb51a6cd656cc550bc00,BUY,86498068750018438192524977941980476748299785729870940867089250086714498791178,0.999,20.02,1767276875
0x1caccd75df0cb99818708aa023ff859a30d18f0a397de4fe00b9c23bb8ed75be_1767276921,0x2c3dce8515854f167dc523745a6b9d98d22ec9266d9f4921f62fd3e4bf1cfa1b,0x95c8499569dac8faea4f9a21c553184b4202f511,BUY,86498068750018438192524977941980476748299785729870940867089250086714498791178,0.999,500.0,1767276921
0x23ecfafdb9a7f60185d5b62165bc3ce81623fa4251f6af5fef8a54947031a896_1767276925,0x2c3dce8515854f167dc523745a6b9d98d22ec9266d9f4921f62fd3e4bf1cfa1b,0x818bc4f8d59780524de4a44695f8db26e157ea84,BUY,110290742709531333936637417418570910881285907663357514844586483587588568832794,0.002,500.0,1767276925
0x96bf67c80bbeee41d258470824e73f8f8a7ae7cedfe3ac825171a830278f4d4d_1767277159,0x2c3dce8515854f167dc523745a6b9d98d22ec9266d9f4921f62fd3e4bf1cfa1b,0x77da28389008a8a88dda4f0bba5e04c21dc60952,BUY,110290742709531333936637417418570910881285907663357514844586483587588568832794,0.002,1000.0,1767277159
0xf7874d9ec17dd3dca31407ed9245bc2f31451abb58a4d4904eee210a07e7867b_1767277239,0x2c3dce8515854f167dc523745a6b9d98d22ec9266d9f4921f62fd3e4bf1cfa1b,0x49b1611e376bb528dedd1429f1bdb99b79f70f4d,BUY,86498068750018438192524977941980476748299785729870940867089250086714498791178,0.999,100.0,1767277239
0x60a3e5b7d1281df8ba26bdd886dbba794c0e1f7ea98ed86a49d55249b524eac5_1767277391,0x2c3dce8515854f167dc523745a6b9d98d22ec9266d9f4921f62fd3e4bf1cfa1b,0x095dcfb123a4bc035ee6b0d624bab0cc964352cf,BUY,86498068750018438192524977941980476748299785729870940867089250086714498791178,0.999,18178.86,1767277391
0x60f34d51ab4782c6941d97d5dbb1a84feb52743fec3bd17668c8d3bd7cb44f85_1767277433,0x2c3dce8515854f167dc523745a6b9d98d22ec9266d9f4921f62fd3e4bf1cfa1b,0xf0f97319019d46a3f972f8ed3f67650c12cf086c,BUY,110290742709531333936637417418570910881285907663357514844586483587588568832794,0.001,409.0,1767277433
0x8a02f39ad2cd95eb739499407595665f363b2be2982eb203d4ee4328f3a2d1a8_1767278807,0x2c3dce8515854f167dc523745a6b9d98d22ec9266d9f4921f62fd3e4bf1cfa1b,0x69855127928e787e91e0d1f44bba6ccb312aafdf,BUY,110290742709531333936637417418570910881285907663357514844586483587588568832794,0.001,14000.0,1767278807
0x4c8906afb19b81b6a7cc755d70c8e5f3bb855a6e8b16697b7d3252eddc8a4ade_1767279435,0x2c3dce8515854f167dc523745a6b9d98d22ec9266d9f4921f62fd3e4bf1cfa1b,0x0719b3aa3a8895becc55cdf61c43f387c3ada8f7,BUY,110290742709531333936637417418570910881285907663357514844586483587588568832794,0.001,41000.0,1767279435
0xa498e46b39fd0a9f02edde906ce64bec8e918f1e9efd5ff96676c7b3cab3e471_1767279557,0x2c3dce8515854f167dc523745a6b9d98d22ec9266d9f4921f62fd3e4bf1cfa1b,0x9d730f155f0ebe69644efb18d1c8ed5ba473be4f,BUY,110290742709531333936637417418570910881285907663357514844586483587588568832794,0.001,5000.0,1767279557
0xc5a97c300db49a3cf86d65d7e687c7f86d2cfb86972440dee3472866e8dd8a23_1767279689,0x2c3dce8515854f167dc523745a6b9d98d22ec9266d9f4921f62fd3e4bf1cfa1b,0x0719b3aa3a8895becc55cdf61c43f387c3ada8f7,BUY,110290742709531333936637417418570910881285907663357514844586483587588568832794,0.001,3000.0,1767279689
0x31b8eb552b38655f4949153f5323354bdba8d60dc1ee9d0818d1c99d51b91ce1_1767279709,0x2c3dce8515854f167dc523745a6b9d98d22ec9266d9f4921f62fd3e4bf1cfa1b,0x0719b3aa3a8895becc55cdf61c43f387c3ada8f7,BUY,110290742709531333936637417418570910881285907663357514844586483587588568832794,0.001,7000.0,1767279709
0x11e49e280e76695203ade7689e14b6d26b7439fadc3c9c61e0a2df35bacc2354_1767279781,0x2c3dce8515854f167dc523745a6b9d98d22ec9266d9f4921f62fd3e4bf1cfa1b,0x2150d0878c2514c81fbded2a7e309abb89c9581b,BUY,110290742709531333936637417418570910881285907663357514844586483587588568832794,0.0014870523886847278,5850.5,1767279781
0xd7b6fed69007bd727d9ff098e09304c937ba775f6c276aeb385192c77bb212e3_1767279817,0x2c3dce8515854f167dc523745a6b9d98d22ec9266d9f4921f62fd3e4bf1cfa1b,0x1a8b31f7829f6d82ac574ac6dde32106cdefc905,BUY,110290742709531333936637417418570910881285907663357514844586483587588568832794,0.002,5000.0,1767279817
0x8555509e1eca64c9bdefb7774688e4cb524b596b24d879ab0055e2666611c3b1_1767279877,0x2c3dce8515854f167dc523745a6b9d98d22ec9266d9f4921f62fd3e4bf1cfa1b,0x1a8b31f7829f6d82ac574ac6dde32106cdefc905,BUY,110290742709531333936637417418570910881285907663357514844586483587588568832794,0.002,500.0,1767279877
0x7eca769662fcc8265b763f61dbb8712dc6aa1ef7e388f33d15a832757de79ecb_1767280261,0x2c3dce8515854f167dc523745a6b9d98d22ec9266d9f4921f62fd3e4bf1cfa1b,0x48293cff716d4189ce1b34cafdb1826bc07eb28d,BUY,86498068750018438192524977941980476748299785729870940867089250086714498791178,0.999,67.0,1767280261
0xda45a6f0aab91a49aee1864e251274e14fa2992ae411c11deb04a2ef3d92423d_1767280537,0x2c3dce8515854f167dc523745a6b9d98d22ec9266d9f4921f62fd3e4bf1cfa1b,0x3de2e890c758a13eb23afa4faee3bd49e68c0c64,BUY,86498068750018438192524977941980476748299785729870940867089250086714498791178,0.999,962.0,1767280537
0x727573770f5036c368b39b494b8ee1511685a9688ca679253ade624b439051ad_1767280699,0x2c3dce8515854f167dc523745a6b9d98d22ec9266d9f4921f62fd3e4bf1cfa1b,0xe8a7c0b2c78dceb49b2bb0817ff37bf13b20c690,SELL,86498068750018438192524977941980476748299785729870940867089250086714498791178,0.999,27.61,1767280699
0xc515cce223f1f4df263cd7adfb102f002d005ac3a19e6209fc87e222b7234920_1767281379,0x2c3dce8515854f167dc523745a6b9d98d22ec9266d9f4921f62fd3e4bf1cfa1b,0x6d224f4a9b556d262f34bf1db2319ab2a6bdea55,BUY,110290742709531333936637417418570910881285907663357514844586483587588568832794,0.001,4823.39,1767281379
0x8ba65eb90b2c502e0181a4d0418e88cd6a8f27d8209e7346a6eb5dd32025230f_1767281585,0x2c3dce8515854f167dc523745a6b9d98d22ec9266d9f4921f62fd3e4bf1cfa1b,0x585217296c6bdb707eaa83319578cf861b7ae664,BUY,110290742709531333936637417418570910881285907663357514844586483587588568832794,0.0019230843195550751,2599.99,1767281585
0xbe2990fd5b4eeebbc251568112c03db352d86c43a9c16ee294d2fabef90155df_1767281863,0x2c3dce8515854f167dc523745a6b9d98d22ec9266d9f4921f62fd3e4bf1cfa1b,0x6d224f4a9b556d262f34bf1db2319ab2a6bdea55,BUY,110290742709531333936637417418570910881285907663357514844586483587588568832794,0.001,4000.0,1767281863
0xd31707010aef0301f7211578bed58708f6cf42076d4994a8f37df5c470c94ab0_1767282179,0x2c3dce8515854f167dc523745a6b9d98d22ec9266d9f4921f62fd3e4bf1cfa1b,0x4bf459194025b2ca11a2db2deb9ef2a08c467021,BUY,86498068750018438192524977941980476748299785729870940867089250086714498791178,0.999,559.0,1767282179
0x563a0953a61648048579b0512965183cd5882c0d95f01ed75f3571149abb9915_1767282201,0x2c3dce8515854f167dc523745a6b9d98d22ec9266d9f4921f62fd3e4bf1cfa1b,0x7e524923855aa857cdbed124a879115912233639,BUY,86498068750018438192524977941980476748299785729870940867089250086714498791178,0.999,200.0,1767282201
0xf4b5fc7d74f68c701632de8ecd9c77c16d0d7080d25281abca592335e2a23346_1767282247,0x2c3dce8515854f167dc523745a6b9d98d22ec9266d9f4921f62fd3e4bf1cfa1b,0x7e524923855aa857cdbed124a879115912233639,BUY,86498068750018438192524977941980476748299785729870940867089250086714498791178,0.999,100.0,1767282247
0x72764aca5ca2b249d7c780e06040e0f2b2f7642834cf5074f6b83289f3d5854c_1767282353,0x2c3dce8515854f167dc523745a6b9d98d22ec9266d9f4921f62fd3e4bf1cfa1b,0x9c2617462567859fcf5764e03b9a687ebca274bc,BUY,86498068750018438192524977941980476748299785729870940867089250086714498791178,0.999,55281.0,1767282353
0x89bd94cfafa8e7c97de7a93553247638370ae9c3f8b83d3064856e0753022c23_1767282475,0x2c3dce8515854f167dc523745a6b9d98d22ec9266d9f4921f62fd3e4bf1cfa1b,0x491213da9c46715364098c7b8a08ae5398b3c24e,BUY,110290742709531333936637417418570910881285907663357514844586483587588568832794,0.001,2000.0,1767282475
0x345757de26096026fd0427af2b817903f5f6befbd1de09b9059d792cd6771fa2_1767282503,0x2c3dce8515854f167dc523745a6b9d98d22ec9266d9f4921f62fd3e4bf1cfa1b,0x491213da9c46715364098c7b8a08ae5398b3c24e,BUY,110290742709531333936637417418570910881285907663357514844586483587588568832794,0.001,1000.0,1767282503
0x8e56d243a1ef011d9923dd1b390c0d12fd92fffa0461e4e8659b4983b5ee91bf_1767283379,0x2c3dce8515854f167dc523745a6b9d98d22ec9266d9f4921f62fd3e4bf1cfa1b,0x4530824caca94ccefca54a35bb08aba1114b1e1c,BUY,110290742709531333936637417418570910881285907663357514844586483587588568832794,0.001481515933613652,24940.67,1767283379
0xdd626c6fd23669b50101a9f15ad2747b756563407ad9b02d2013b4868c4aef6d_1767283519,0x2c3dce8515854f167dc523745a6b9d98d22ec9266d9f4921f62fd3e4bf1cfa1b,0x8046d7904ff6fb6d08c8f43050db871f8a2dec1d,BUY,110290742709531333936637417418570910881285907663357514844586483587588568832794,0.002,1000.0,1767283519
0x6193eee484e801f391ec41f70349fb3e23ceae59c95d9767e349f16804d104d2_1767284159,0x2c3dce8515854f167dc523745a6b9d98d22ec9266d9f4921f62fd3e4bf1cfa1b,0xa5acfc7a09973fb135ffa9ed9a5799ee89cf582b,BUY,110290742709531333936637417418570910881285907663357514844586483587588568832794,0.002,500.0,1767284159
0x6e51cf8240a60e7b68ad88e247118456668580ad91650c8f56ae77f7538563c8_1767285567,0x2c3dce8515854f167dc523745a6b9d98d22ec9266d9f4921f62fd3e4bf1cfa1b,0x2bc8f529f2e2a6dca84e4e1fc15662abf90ae812,BUY,110290742709531333936637417418570910881285907663357514844586483587588568832794,0.0016666666666666668,600.0,1767285567
0x9d2e9203b4edd4bcfe80c600acab716186192f5b048741490d464fced8108062_1767285691,0x2c3dce8515854f167dc523745a6b9d98d22ec9266d9f4921f62fd3e4bf1cfa1b,0xa57b7c2a33a165c10e0b050bc203b008211832dd,BUY,110290742709531333936637417418570910881285907663357514844586483587588568832794,0.002,1000.0,1767285691
0xb8d05405f746c1e735eb54593f2edf1ce396ec5989addbaedb54d2193011b735_1767285889,0x2c3dce8515854f167dc523745a6b9d98d22ec9266d9f4921f62fd3e4bf1cfa1b,0x1d12b03e647b9d7f07bcabaeb68d010f5384ab54,BUY,110290742709531333936637417418570910881285907663357514844586483587588568832794,0.002,2500.0,1767285889
0x0e4cdaa157d8b416379f42e643818cf3255e93c834a4cbb3b81b80412643df3e_1767286039,0x2c3dce8515854f167dc523745a6b9d98d22ec9266d9f4921f62fd3e4bf1cfa1b,0x3be6a957284152bd131e3d6d7bb5208363fe77bd,BUY,110290742709531333936637417418570910881285907663357514844586483587588568832794,0.001,6000.0,1767286039
0x1a363c23cf2f2044e52e0fc0ef32dd3c3d5cd60a4fea9e1e2a75ac7732318593_1767286053,0x2c3dce8515854f167dc523745a6b9d98d22ec9266d9f4921f62fd3e4bf1cfa1b,0xa8c63f775ddbbe66b56614191747def3021444e8,SELL,86498068750018438192524977941980476748299785729870940867089250086714498791178,0.999,3000.0,1767286053
0x08766d76894af7cd6df4bfae8f5dad903f6cc24739cd0c055d494e5c2e679ce2_1767286185,0x2c3dce8515854f167dc523745a6b9d98d22ec9266d9f4921f62fd3e4bf1cfa1b,0x9c2617462567859fcf5764e03b9a687ebca274bc,SELL,86498068750018438192524977941980476748299785729870940867089250086714498791178,0.999,20935.83,1767286185
0x97cc50e999b969e56787e8629c63f9554813a0c13fd87203c41678553c456fb1_1767286367,0x2c3dce8515854f167dc523745a6b9d98d22ec9266d9f4921f62fd3e4bf1cfa1b,0xb6c2219edad1d8d10ff56a71fec0ececaac8ffc7,BUY,110290742709531333936637417418570910881285907663357514844586483587588568832794,0.002,370.0,1767286367
0x67890101cbe85cb94334093246bdcf7a847764c45502963b6456fe5eea8b9033_1767286969,0x2c3dce8515854f167dc523745a6b9d98d22ec9266d9f4921f62fd3e4bf1cfa1b,0xe598435df0cdf5d22bdd5082d557f75f9180a0a8,SELL,86498068750018438192524977941980476748299785729870940867089250086714498791178,0.999,5000.0,1767286969
0xf4efe0bbaa2a9d2f8d23a8c1a33832fd1de88e3f4bf1a2baedcbd2784cdf2c6f_1767286977,0x2c3dce8515854f167dc523745a6b9d98d22ec9266d9f4921f62fd3e4bf1cfa1b,0x2d5223c1db058c214deec3bd360ef82aa56cbbe8,SELL,86498068750018438192524977941980476748299785729870940867089250086714498791178,0.999,0.65,1767286977
0xe4f03bd6e6db219835e6d3c8ba185a90a34e9892d27c9205836dd37d8fbf5cb4_1767286977,0x2c3dce8515854f167dc523745a6b9d98d22ec9266d9f4921f62fd3e4bf1cfa1b,0x62ed259746f19b4cb2214403279bb69c4a690e66,SELL,86498068750018438192524977941980476748299785729870940867089250086714498791178,0.999,5.28,1767286977
0x94466137f3bf457c271032ce35cbc7569ff6f1fcdd5e973cca965a3e57f1035d_1767287025,0x2c3dce8515854f167dc523745a6b9d98d22ec9266d9f4921f62fd3e4bf1cfa1b,0x95c8499569dac8faea4f9a21c553184b4202f511,SELL,86498068750018438192524977941980476748299785729870940867089250086714498791178,0.999,500.0,1767287025
0xde129ac74751f227a32da0af863c2b1573bffd8d124a733bc9a8e090c5dce4bf_1767287059,0x2c3dce8515854f167dc523745a6b9d98d22ec9266d9f4921f62fd3e4bf1cfa1b,0xe598435df0cdf5d22bdd5082d557f75f9180a0a8,SELL,86498068750018438192524977941980476748299785729870940867089250086714498791178,0.999,9000.0,1767287059
0x5397b8c2802b99a8b3e86a4a3f75ce657add76dd4a84ba773055e144b1d74eb2_1767287067,0x2c3dce8515854f167dc523745a6b9d98d22ec9266d9f4921f62fd3e4bf1cfa1b,0x2d5223c1db058c214deec3bd360ef82aa56cbbe8,SELL,86498068750018438192524977941980476748299785729870940867089250086714498791178,0.999,1.18,1767287067
0xeb9fe9b441779cf0dbbf5ce888abe05f5093106da46e46c0fc52b998d0204cd9_1767287419,0x2c3dce8515854f167dc523745a6b9d98d22ec9266d9f4921f62fd3e4bf1cfa1b,0xb01554c2e192b7de79ea886f6513f7137956734b,BUY,110290742709531333936637417418570910881285907663357514844586483587588568832794,0.001,10000.0,1767287419
0xf913e8928a019bf79a809e681f843e675ed0a19ea1a32aa5e0a885b7c3f3e431_1767287851,0x2c3dce8515854f167dc523745a6b9d98d22ec9266d9f4921f62fd3e4bf1cfa1b,0xba861e1fca0ce9a6c5ee50c81254c2f6937ab2ac,BUY,110290742709531333936637417418570910881285907663357514844586483587588568832794,0.0017344877977786594,2507.945,1767287851
0x18a580237907a99c354b63f539a8cc0e8e88c2c75f9cbbfbcb0354fd5d45bf81_1767288487,0x2c3dce8515854f167dc523745a6b9d98d22ec9266d9f4921f62fd3e4bf1cfa1b,0xa200037638624bacea6b0f4dc47ec397e56fd874,BUY,86498068750018438192524977941980476748299785729870940867089250086714498791178,0.999,56.0,1767288487
0x52ea16c80a7b0f65075c8a1b16e971d01e63105205c8865f7d3c8fdfa7b5235d_1767288671,0x2c3dce8515854f167dc523745a6b9d98d22ec9266d9f4921f62fd3e4bf1cfa1b,0x3b64f0df8eb1e72026f70e70b02f7c6dd67ad59e,BUY,110290742709531333936637417418570910881285907663357514844586483587588568832794,0.002,8370.0,1767288671
0xe933f278eb68c6970f95de855adbc484cd0ea087ed440582558710473f092486_1767288717,0x2c3dce8515854f167dc523745a6b9d98d22ec9266d9f4921f62fd3e4bf1cfa1b,0x44b644a57de19be1473572c6d0238d86312be1bb,BUY,110290742709531333936637417418570910881285907663357514844586483587588568832794,0.002,5000.0,1767288717
0x4b5f46dded3f3ee6de843d9c5969b61b41c073d13c50351f13e148243a27163f_1767289045,0x2c3dce8515854f167dc523745a6b9d98d22ec9266d9f4921f62fd3e4bf1cfa1b,0x818bc4f8d59780524de4a44695f8db26e157ea84,BUY,110290742709531333936637417418570910881285907663357514844586483587588568832794,0.002,12500.0,1767289045
0x62cef3d356bd00e20f7e379b78994175074a75359cd19b2b9c46c58719850a79_1767289231,0x2c3dce8515854f167dc523745a6b9d98d22ec9266d9f4921f62fd3e4bf1cfa1b,0x537692300685d4e83dadefb099287e4dd655d980,BUY,86498068750018438192524977941980476748299785729870940867089250086714498791178,0.999,70.0,1767289231
0xd2fc9dc4a224e3f207c58c144f7b96782d1f5f7814cb55463a82fc8d519d0e5f_1767289295,0x2c3dce8515854f167dc523745a6b9d98d22ec9266d9f4921f62fd3e4bf1cfa1b,0xb7b754bb08c280dcb866b4f5528adaea3128873b,BUY,110290742709531333936637417418570910881285907663357514844586483587588568832794,0.002,14000.0,1767289295
0xb0ccd06ac1ca4f6ee82c9753c93ec1868f19ef81337156e3e076cd42ab1b9f04_1767289423,0x2c3dce8515854f167dc523745a6b9d98d22ec9266d9f4921f62fd3e4bf1cfa1b,0x5c462c9b739df67118ebb3331f44a4ac9feca137,BUY,110290742709531333936637417418570910881285907663357514844586483587588568832794,0.002,2500.0,1767289423
0x8cdab8976ac349ae965748e3e773633cb1ffc2f627668b04866eef297ede75d9_1767289561,0x2c3dce8515854f167dc523745a6b9d98d22ec9266d9f4921f62fd3e4bf1cfa1b,0x07f1cea28e80ce3879ddd0a2dcbf5276d3dc9f1c,BUY,110290742709531333936637417418570910881285907663357514844586483587588568832794,0.002,2000.0,1767289561
0x69af99c47d5cff7413cfe58c4cdda5461fbf3f05439eb10dceedee9f0abe747d_1767289619,0x2c3dce8515854f167dc523745a6b9d98d22ec9266d9f4921f62fd3e4bf1cfa1b,0x2b00dff5b8ec26e0144919191c9b4b6357d43b6b,BUY,110290742709531333936637417418570910881285907663357514844586483587588568832794,0.002,2500.0,1767289619
0x134af9989f6f20f0d2ae4c782e3b308f60d75ae6c3c99d35bd717ecd09c149a1_1767289623,0x2c3dce8515854f167dc523745a6b9d98d22ec9266d9f4921f62fd3e4bf1cfa1b,0x4529f1b986163adc2708d9fba79b7ed99390d20e,BUY,110290742709531333936637417418570910881285907663357514844586483587588568832794,0.002,409.0,1767289623
0x2fadb80f0d19f42ef92cfb5bb0e4c83b9ab0ced3140773269fec15d635854528_1767289741,0x2c3dce8515854f167dc523745a6b9d98d22ec9266d9f4921f62fd3e4bf1cfa1b,0xf13d7dfaee16b4b5ee95cbf74c529fdedc525e9c,BUY,110290742709531333936637417418570910881285907663357514844586483587588568832794,0.002,10000.0,1767289741
0x1f961733ab3d47a21a71b3b721574cb87498cf7a5d227aa011858355d8f3bca8_1767290245,0x2c3dce8515854f167dc523745a6b9d98d22ec9266d9f4921f62fd3e4bf1cfa1b,0xb7b754bb08c280dcb866b4f5528adaea3128873b,BUY,110290742709531333936637417418570910881285907663357514844586483587588568832794,0.002,6500.0,1767290245
0xf3d80be3b9ed0c4c3ee9c106efc5fca571da9eaa41db61083e692e710f1c7107_1767290473,0x2c3dce8515854f167dc523745a6b9d98d22ec9266d9f4921f62fd3e4bf1cfa1b,0x0f6004b98cd021f1447ab33df1d43abc72af26ec,BUY,86498068750018438192524977941980476748299785729870940867089250086714498791178,0.999,101.0,1767290473
0xdb5bb735d629af9b842b5b85d607f4145cc8676c9cf8b16a2a5c32136680ae17_1767291057,0x2c3dce8515854f167dc523745a6b9d98d22ec9266d9f4921f62fd3e4bf1cfa1b,0x1ae725e7d2ebc446d94fec138bbc8bffaae7a4b7,BUY,110290742709531333936637417418570910881285907663357514844586483587588568832794,0.002,500.0,1767291057
0xae56d916f9ebc4cbe4724baef2f3b9c7ce9e10400237a413b7c82027ff8e1d9a_1767291119,0x2c3dce8515854f167dc523745a6b9d98d22ec9266d9f4921f62fd3e4bf1cfa1b,0x562cab5903f4b0e54dfaa95d51eeb64075a9e802,BUY,110290742709531333936637417418570910881285907663357514844586483587588568832794,0.002,500.0,1767291119
0x73d0bd051a1a83717518e57d352c2196de70ba6696f400fcac311f9dcdcbc37d_1767291271,0x2c3dce8515854f167dc523745a6b9d98d22ec9266d9f4921f62fd3e4bf1cfa1b,0xd9665ad2f598759ff7353618ed89864750f60006,BUY,110290742709531333936637417418570910881285907663357514844586483587588568832794,0.002,4500.0,1767291271
0x45a6f2b0bd659044a5444a35355de5294772dcb7ad1dc36278df0bafeae129da_1767291479,0x2c3dce8515854f167dc523745a6b9d98d22ec9266d9f4921f62fd3e4bf1cfa1b,0xbccb3304cdf165071f47d7521e83b00a17eb78e8,BUY,110290742709531333936637417418570910881285907663357514844586483587588568832794,0.002,1000.0,1767291479
0x7854d0e7ff93af13cca568ea17ce2fa8082929d5ca53a74e5ff7a06ce1e8b322_1767291731,0x2c3dce8515854f167dc523745a6b9d98d22ec9266d9f4921f62fd3e4bf1cfa1b,0x71b971676cea47232bc3868d369532f819f4cd66,BUY,110290742709531333936637417418570910881285907663357514844586483587588568832794,0.002,375.0,1767291731
0x6cb85b86b08e1d343d88928a224b8f4d541910f368a82cc1f17cfde1b40c993c_1767291909,0x2c3dce8515854f167dc523745a6b9d98d22ec9266d9f4921f62fd3e4bf1cfa1b,0x9b75bcbcaaabbe9ec70cae4f0e0118e8aaabb1a8,BUY,110290742709531333936637417418570910881285907663357514844586483587588568832794,0.002,12500.0,1767291909
0x4996bf5e3023eb4d806e2a65d88fd12eaaac8df634adb990dd7844c124cff74d_1767291949,0x2c3dce8515854f167dc523745a6b9d98d22ec9266d9f4921f62fd3e4bf1cfa1b,0x9b75bcbcaaabbe9ec70cae4f0e0118e8aaabb1a8,BUY,110290742709531333936637417418570910881285907663357514844586483587588568832794,0.002,12500.0,1767291949
0xfbcf6e33f228212c6f2d432ece046998889470e2651965e20a2ca10823923912_1767291989,0x2c3dce8515854f167dc523745a6b9d98d22ec9266d9f4921f62fd3e4bf1cfa1b,0x9ecf652bb0c63c021d60f96e03dc4bc37ea6da3b,BUY,110290742709531333936637417418570910881285907663357514844586483587588568832794,0.002,1000.0,1767291989
0x6862aa4d3122002d5d81d7f7a70b82bb42781e4d5657581520946c36afbe14b0_1767292083,0x2c3dce8515854f167dc523745a6b9d98d22ec9266d9f4921f62fd3e4bf1cfa1b,0x0e348a41361292be27beab7ed1dff3b77e9642ff,BUY,110290742709531333936637417418570910881285907663357514844586483587588568832794,0.002,5000.0,1767292083
0x99a995277d3be46d24cc415815138ead5cc19164c58fa9f74b50fd097f1baf06_1767292083,0x2c3dce8515854f167dc523745a6b9d98d22ec9266d9f4921f62fd3e4bf1cfa1b,0x40c321c045b14f1dc0ddd2f9499dc05140676fb1,BUY,86498068750018438192524977941980476748299785729870940867089250086714498791178,0.999,77.0,1767292083
0x309c3a1b75213676a0ea309ac9728b088ef8f0b85724b2d0c01d86ee266641a3_1767292297,0x2c3dce8515854f167dc523745a6b9d98d22ec9266d9f4921f62fd3e4bf1cfa1b,0x9ecf652bb0c63c021d60f96e03dc4bc37ea6da3b,BUY,110290742709531333936637417418570910881285907663357514844586483587588568832794,0.002,1000.0,1767292297
0x988fa34fa5cef5e9a59a85678520e3dae28b8840733c860af8caf49ff448b04e_1767292417,0x2c3dce8515854f167dc523745a6b9d98d22ec9266d9f4921f62fd3e4bf1cfa1b,0xf9b38f0518d362f3b3311a7d0419be853f75863d,BUY,86498068750018438192524977941980476748299785729870940867089250086714498791178,0.999,51.0,1767292417
0x86e2902f449008e143f3834d522813c20cef52c23ce10159469f16d595ab1d64_1767292603,0x2c3dce8515854f167dc523745a6b9d98d22ec9266d9f4921f62fd3e4bf1cfa1b,0x33ca7e3df53bb9fdd0d0d01408c9d70b3ebcc40e,BUY,110290742709531333936637417418570910881285907663357514844586483587588568832794,0.002,500.0,1767292603
0xfa549d9ec3b2373daf49ee6b482ed17e780891d96f546253e8c4cf529806f2be_1767292643,0x2c3dce8515854f167dc523745a6b9d98d22ec9266d9f4921f62fd3e4bf1cfa1b,0x561a24bcded2d2f612a567bd1d10cafe5b75793a,BUY,86498068750018438192524977941980476748299785729870940867089250086714498791178,0.999,55.0,1767292643
0xedb1b016ef55ae3fb2d7b6e6e1dc2b34ab2ac6cefce109e29a208ae089057a27_1767292655,0x2c3dce8515854f167dc523745a6b9d98d22ec9266d9f4921f62fd3e4bf1cfa1b,0x41af852ae83c88d2c7d44932e5707f2bfba3b360,BUY,86498068750018438192524977941980476748299785729870940867089250086714498791178,0.999,84.0,1767292655
0x092faf4d3a69ac3456e5e8d386b5074405510cb3055e7793b2128a474af97117_1767292803,0x2c3dce8515854f167dc523745a6b9d98d22ec9266d9f4921f62fd3e4bf1cfa1b,0xa8ae2fb989de545c42c376d61ec887868ca57f3e,BUY,110290742709531333936637417418570910881285907663357514844586483587588568832794,0.002,2540.0,1767292803
0x89675a8cbf79d28aa95aa482ee9a6bb5612a0a7a3855853d079532e1802e88a3_1767292881,0x2c3dce8515854f167dc523745a6b9d98d22ec9266d9f4921f62fd3e4bf1cfa1b,0x33ca7e3df53bb9fdd0d0d01408c9d70b3ebcc40e,BUY,110290742709531333936637417418570910881285907663357514844586483587588568832794,0.002,1000.0,1767292881
0xb7ed047e08298152eb6e34e4bf6c9ae1d29fb67e5a13f0c5f51debec058512c6_1767292911,0x2c3dce8515854f167dc523745a6b9d98d22ec9266d9f4921f62fd3e4bf1cfa1b,0xce949e60cb1c60c8c8305b4756e428336ad55d59,BUY,110290742709531333936637417418570910881285907663357514844586483587588568832794,0.002,555.0,1767292911
0xd4ef19387f2afe7116c7b6cc9b9127737b51efdf3c7e5d9a9d6dc371135a574b_1767292975,0x2c3dce8515854f167dc523745a6b9d98d22ec9266d9f4921f62fd3e4bf1cfa1b,0x54130cd31411b3feb6c3bdd347d293e1719c1a2b,BUY,110290742709531333936637417418570910881285907663357514844586483587588568832794,0.002,4000.0,1767292975
0xcd9e4b4da1b96b516db42115f8e5750c7075979dae7f01fa10fea1f3163b7431_1767292981,0x2c3dce8515854f167dc523745a6b9d98d22ec9266d9f4921f62fd3e4bf1cfa1b,0xa8ae2fb989de545c42c376d61ec887868ca57f3e,BUY,110290742709531333936637417418570910881285907663357514844586483587588568832794,0.002,2500.0,1767292981
0x9dd24dc52901e112df634a3a8b2746cb7f04830edc7e4b6be2bd0f133745a612_1767293081,0x2c3dce8515854f167dc523745a6b9d98d22ec9266d9f4921f62fd3e4bf1cfa1b,0xa410e3271e2dbe92957fd47eb3fa5d2ef7155169,BUY,110290742709531333936637417418570910881285907663357514844586483587588568832794,0.002,24080.0,1767293081
0x510dfee1c689d6e06e2e94a804cc9b9838dd82adc6026fb6bf84dd3418d2f894_1767293119,0x2c3dce8515854f167dc523745a6b9d98d22ec9266d9f4921f62fd3e4bf1cfa1b,0x1d145fd334642bd83be3dbcff3ed6a4fc57eabae,SELL,86498068750018438192524977941980476748299785729870940867089250086714498791178,0.998,3.01,1767293119
0x930b1e7fa5e6ba897288707d36b40f58179478da472ebec900c56174c3df29c1_1767293637,0x2c3dce8515854f167dc523745a6b9d98d22ec9266d9f4921f62fd3e4bf1cfa1b,0xd64f2d26bfa19eb4fc88fa4e5f955c34e84aca8d,BUY,86498068750018438192524977941980476748299785729870940867089250086714498791178,0.999,81.0,1767293637
0xdcf059f6db37ba5b48c90385758855495c056b42e6d377665e7cbd4a3ef280be_1767293777,0x2c3dce8515854f167dc523745a6b9d98d22ec9266d9f4921f62fd3e4bf1cfa1b,0x3a70c572f3d4257833e9e6456e49baf2ccb13999,BUY,110290742709531333936637417418570910881285907663357514844586483587588568832794,0.002,434.0,1767293777
0xdc12c30868ca8462fcc29e3c2c1145ad41398b6db4c38221213fd1084005464d_1767293795,0x2c3dce8515854f167dc523745a6b9d98d22ec9266d9f4921f62fd3e4bf1cfa1b,0x0f3672bd1fc31e1695060fed1871fb6779fdcae8,BUY,110290742709531333936637417418570910881285907663357514844586483587588568832794,0.002,20000.0,1767293795
0xaebda2f4b6d70463d90ba2fe22e053cbb84c14e8ebc8bc8eb518d5ca2360d197_1767293929,0x2c3dce8515854f167dc523745a6b9d98d22ec9266d9f4921f62fd3e4bf1cfa1b,0x3acc7af8882e99b397b2562d49dc08a9c0530458,BUY,86498068750018438192524977941980476748299785729870940867089250086714498791178,0.999,200.29,1767293929
0x4f3a0522adc199ead95868c080c37d77c3fd7d6309ae278a0e5c6e062b9b41e8_1767294291,0x2c3dce8515854f167dc523745a6b9d98d22ec9266d9f4921f62fd3e4bf1cfa1b,0x07f1cea28e80ce3879ddd0a2dcbf5276d3dc9f1c,BUY,110290742709531333936637417418570910881285907663357514844586483587588568832794,0.002,3250.0,1767294291
0x8ef94c346c28e7c12f4353f07f992b9f6c8b98902dcfc8f83e6543cf74581843_1767294393,0x2c3dce8515854f167dc523745a6b9d98d22ec9266d9f4921f62fd3e4bf1cfa1b,0xcb2a254744b8f940a39f0eaffc8f22bb50850e69,BUY,110290742709531333936637417418570910881285907663357514844586483587588568832794,0.002,1500.0,1767294393
0x0cc24ea36b7b9d94b41789bdbc1f324cde7f1440fd3a5fbe0fdb924e29265120_1767294505,0x2c3dce8515854f167dc523745a6b9d98d22ec9266d9f4921f62fd3e4bf1cfa1b,0xcb2a254744b8f940a39f0eaffc8f22bb50850e69,SELL,110290742709531333936637417418570910881285907663357514844586483587588568832794,0.001,1500.0,1767294505
0x7be24a9186fb9993edcf8ecc0b40c3aa6d3415b5b1f37be11e5347107d5ebb31_1767294861,0x2c3dce8515854f167dc523745a6b9d98d22ec9266d9f4921f62fd3e4bf1cfa1b,0xf7876f2a335074d49d9238e2bd4e71d6dc30ea5e,BUY,110290742709531333936637417418570910881285907663357514844586483587588568832794,0.002,12000.0,1767294861
0x695b49e60bdd21960fa49adff54c9a9abb5f19feca1019442c496bd62f3fa087_1767294869,0x2c3dce8515854f167dc523745a6b9d98d22ec9266d9f4921f62fd3e4bf1cfa1b,0x0cafa7a5699ff52ad5166bc3b758ead6177df482,BUY,86498068750018438192524977941980476748299785729870940867089250086714498791178,0.999,82.0,1767294869
0xf729c7019467d4801968e0ab9db1e0683f1c9b71b63f97d80c93206831d80560_1767294871,0x2c3dce8515854f167dc523745a6b9d98d22ec9266d9f4921f62fd3e4bf1cfa1b,0xdde24dffd086a7461d5e4abfa2610051b4e9e5e6,BUY,86498068750018438192524977941980476748299785729870940867089250086714498791178,0.999,87.0,1767294871
0xac1cc4949dbd3daca807ff1d790edda2277c052dd1ac625b8b3152ddac56cef4_1767294893,0x2c3dce8515854f167dc523745a6b9d98d22ec9266d9f4921f62fd3e4bf1cfa1b,0x30c45e999fed47c6774de173d5d8808bc41a32c9,BUY,110290742709531333936637417418570910881285907663357514844586483587588568832794,0.002,5500.0,1767294893
0x2cac2d311344e4a4340be3dc2e1483ddc72aef98e6d5f7282220973e3cfe67b8_1767295181,0x2c3dce8515854f167dc523745a6b9d98d22ec9266d9f4921f62fd3e4bf1cfa1b,0x4ca83b6bba1ed490e7da7e542c402a4a6f123f66,BUY,86498068750018438192524977941980476748299785729870940867089250086714498791178,0.999,100.0,1767295181
0x0407b5b2956c3ac0ffab4c030ce9443b87802294814456dcaf73858e7969d7a6_1767295341,0x2c3dce8515854f167dc523745a6b9d98d22ec9266d9f4921f62fd3e4bf1cfa1b,0x52a2565fab9611d3163b0a4751ec99ceab5a376f,BUY,110290742709531333936637417418570910881285907663357514844586483587588568832794,0.002,14000.0,1767295341
0x0fe51f9903c4137ab8fde42d4f4b36471f41ab2f55e8c4db830dcbf0766e81c1_1767295391,0x2c3dce8515854f167dc523745a6b9d98d22ec9266d9f4921f62fd3e4bf1cfa1b,0x818bc4f8d59780524de4a44695f8db26e157ea84,BUY,110290742709531333936637417418570910881285907663357514844586483587588568832794,0.002,1500.0,1767295391
0x2c80091ee71370a9768717bf8dfa83e0579f79b8ff21cc5d372c2823a4552ee1_1767295551,0x2c3dce8515854f167dc523745a6b9d98d22ec9266d9f4921f62fd3e4bf1cfa1b,0x2182df5bf9289f3e8f39326aca67ae1d0c531ab2,BUY,86498068750018438192524977941980476748299785729870940867089250086714498791178,0.999,200.0,1767295551
0x66f2ebb7cb276a85a1f83ff5edf071bf8123a9e49f4e222ede0854a4ef5f3638_1767295577,0x2c3dce8515854f167dc523745a6b9d98d22ec9266d9f4921f62fd3e4bf1cfa1b,0x54130cd31411b3feb6c3bdd347d293e1719c1a2b,BUY,110290742709531333936637417418570910881285907663357514844586483587588568832794,0.002,5000.0,1767295577
0xfb7f8c344bd9d2f39edcddcfa7a820e09233156d8411902df17cc8834da9f8c6_1767295617,0x2c3dce8515854f167dc523745a6b9d98d22ec9266d9f4921f62fd3e4bf1cfa1b,0xd804dc0c6b8f530ade6bd79d29dc449c2a47f6e8,BUY,86498068750018438192524977941980476748299785729870940867089250086714498791178,0.999,104.0,1767295617
0xc7e778b99766474872cbcf129b9582ed539e4cc4975b15daf1c314e4988def38_1767295865,0x2c3dce8515854f167dc523745a6b9d98d22ec9266d9f4921f62fd3e4bf1cfa1b,0x908f3ed361b96c4f0554b72184949cfd523c5900,BUY,110290742709531333936637417418570910881285907663357514844586483587588568832794,0.002,428.0,1767295865
0xa745f5518f3463e5f6a0bbafad45a99c4a30ca9bfe93117c9747f21be8192ab5_1767295983,0x2c3dce8515854f167dc523745a6b9d98d22ec9266d9f4921f62fd3e4bf1cfa1b,0x2099a46821dc11bf3657eaa39ee639be65827b21,BUY,110290742709531333936637417418570910881285907663357514844586483587588568832794,0.002,1500.0,1767295983
0x5866e4d0fc7218686676a83b98b317a054334f0b294594bafceae1a88eecb65f_1767296251,0x2c3dce8515854f167dc523745a6b9d98d22ec9266d9f4921f62fd3e4bf1cfa1b,0xeb7456f7f5429912a6135caae264cc2d368efad6,BUY,86498068750018438192524977941980476748299785729870940867089250086714498791178,0.9989999996786688,3028.028027,1767296251
0xba03164da63d0a9482cff3e674df67689c3d55fac256250bc04f084fb159d119_1767296295,0x2c3dce8515854f167dc523745a6b9d98d22ec9266d9f4921f62fd3e4bf1cfa1b,0xf6c7dd2bf64849b0959a8b444bd9f40e95e011c2,BUY,86498068750018438192524977941980476748299785729870940867089250086714498791178,0.999,140.44,1767296295
0x0efcfeda5b097e26c963375857965ab3c3f2f6971b163680fa5f1aeefba9df88_1767296619,0x2c3dce8515854f167dc523745a6b9d98d22ec9266d9f4921f62fd3e4bf1cfa1b,0xe3d7097b619590cf2d5970251db19d23f42d2413,BUY,110290742709531333936637417418570910881285907663357514844586483587588568832794,0.002,1290.0,1767296619
0x3b533add585b15530ebfe460f4a1ec51f90d1f64b506490b33852faee535666f_1767296669,0x2c3dce8515854f167dc523745a6b9d98d22ec9266d9f4921f62fd3e4bf1cfa1b,0x3978ee2844011b262ba4a71c60a229de06208573,BUY,110290742709531333936637417418570910881285907663357514844586483587588568832794,0.002,850.0,1767296669
0x066116b1a7abb1e02feed71e68a4d70773f64ca30e6324638792a66a0268bff2_1767296707,0x2c3dce8515854f167dc523745a6b9d98d22ec9266d9f4921f62fd3e4bf1cfa1b,0xeee10f2b13a7b78d39183952f70357ab1e445a04,BUY,110290742709531333936637417418570910881285907663357514844586483587588568832794,0.002,10000.0,1767296707
0x32bc64b950c6b985c90537ba33674408223311423d59a89c0098f7b19a2ece8e_1767296779,0x2c3dce8515854f167dc523745a6b9d98d22ec9266d9f4921f62fd3e4bf1cfa1b,0x8e94529a7bfd8a00ca8a4e05aa5b5cfec37dba10,BUY,110290742709531333936637417418570910881285907663357514844586483587588568832794,0.002,500.0,1767296779
0x1bbcff88206f4365f519e9e007e8ca531152d7b503544a2684b8a4abeb6c1f4e_1767296813,0x2c3dce8515854f167dc523745a6b9d98d22ec9266d9f4921f62fd3e4bf1cfa1b,0x8e2911a2727ae87ed08af65a134992ce87c48a71,BUY,86498068750018438192524977941980476748299785729870940867089250086714498791178,0.999,111.0,1767296813
0xffc840caea812dab99c613a3d2099cd020d771852157fc5bc143532c828148b0_1767296837,0x2c3dce8515854f167dc523745a6b9d98d22ec9266d9f4921f62fd3e4bf1cfa1b,0x337317a6f73bb735290236941cba9e69900f3dce,BUY,86498068750018438192524977941980476748299785729870940867089250086714498791178,0.999,159.55,1767296837
0xfafabf6de09c459028f4f30a8286b39efb9799e5eb5093b79fc8fac55149d80d_1767296963,0x2c3dce8515854f167dc523745a6b9d98d22ec9266d9f4921f62fd3e4bf1cfa1b,0x85ad8871509d5839ed0e2858b9fcbbbc3bb5cb10,BUY,110290742709531333936637417418570910881285907663357514844586483587588568832794,0.002,500.0,1767296963
0x44637b7a92cc46e84f0d6367d1063dded53ede93d638f67330faed4beaf3f8a8_1767297155,0x2c3dce8515854f167dc523745a6b9d98d22ec9266d9f4921f62fd3e4bf1cfa1b,0x9ca8c213664b625457fefc2df8074e4d1b06935c,BUY,110290742709531333936637417418570910881285907663357514844586483587588568832794,0.002,500.0,1767297155
0xcc0ada442af0ac17201bab3c973280c8c04d505c341138c6c5078e620b4ef9d3_1767297191,0x2c3dce8515854f167dc523745a6b9d98d22ec9266d9f4921f62fd3e4bf1cfa1b,0x9ca8c213664b625457fefc2df8074e4d1b06935c,BUY,110290742709531333936637417418570910881285907663357514844586483587588568832794,0.002,500.0,1767297191
0xedc437951b5e932e38987bd0102c3b2013ad71976f772fd4780f612f618b8c04_1767297235,0x2c3dce8515854f167dc523745a6b9d98d22ec9266d9f4921f62fd3e4bf1cfa1b,0xe51abbc214c832cf44463db0f5f3ed421c742665,BUY,110290742709531333936637417418570910881285907663357514844586483587588568832794,0.002,4000.0,1767297235
0x6f007db2221f4e3512b7db8e7e36fcf7366105896876a260d06e00f8b4033201_1767297275,0x2c3dce8515854f167dc523745a6b9d98d22ec9266d9f4921f62fd3e4bf1cfa1b,0x2060018b9ba1d4b4037ddf777bdb8caf52e71176,BUY,110290742709531333936637417418570910881285907663357514844586483587588568832794,0.002,500.0,1767297275
0xaf7b1b298434373de0aa1daedfa14ce10b3f6d059d61c4a54af57a0c46e40d22_1767297567,0x2c3dce8515854f167dc523745a6b9d98d22ec9266d9f4921f62fd3e4bf1cfa1b,0xd8f3790cc1896d89ed36fc415793e7163eea4c06,BUY,110290742709531333936637417418570910881285907663357514844586483587588568832794,0.002,1525.0,1767297567
0x08edf0046e36b5424871e48588272d58019e3b6bf9ec9ea1e9b0e59c94af90b3_1767297601,0x2c3dce8515854f167dc523745a6b9d98d22ec9266d9f4921f62fd3e4bf1cfa1b,0xeee10f2b13a7b78d39183952f70357ab1e445a04,BUY,110290742709531333936637417418570910881285907663357514844586483587588568832794,0.002,15000.0,1767297601
0xc82d0170cacaf7828c1da113df325e339402d78074cb518df99410c4d49308ec_1767297607,0x2c3dce8515854f167dc523745a6b9d98d22ec9266d9f4921f62fd3e4bf1cfa1b,0x9ca8c213664b625457fefc2df8074e4d1b06935c,BUY,110290742709531333936637417418570910881285907663357514844586483587588568832794,0.002,500.0,1767297607
0xcd0541a8af4c142ec2548ac7e008083b1fb032c5d4f9c18e6f6ded407bbb5a32_1767297699,0x2c3dce8515854f167dc523745a6b9d98d22ec9266d9f4921f62fd3e4bf1cfa1b,0x7494692fec8dfa040fc9dea7747bbf6d7d36f5ae,BUY,86498068750018438192524977941980476748299785729870940867089250086714498791178,0.999,75.0,1767297699
0x071f685f61d23dc5bf70a0e0301cf0db782dce262d63858d648768d76e76d339_1767297913,0x2c3dce8515854f167dc523745a6b9d98d22ec9266d9f4921f62fd3e4bf1cfa1b,0x1885cccbc86fecd36b056a2ee151ef76cd8c2de0,BUY,110290742709531333936637417418570910881285907663357514844586483587588568832794,0.002,404.0,1767297913
0x6ba50f8da142155b479f573d734ac48d6fb08088b9f2f0832bcc9a0680bda2b1_1767297935,0x2c3dce8515854f167dc523745a6b9d98d22ec9266d9f4921f62fd3e4bf1cfa1b,0x09e99f7c666f672ad0bcf01f7c4c48dda38064e6,BUY,110290742709531333936637417418570910881285907663357514844586483587588568832794,0.002,1670.0,1767297935
0x6e432d5159bce77f2c0ea2c480aa75b4fe08b68e4d07b488c1ac16d3ef796be4_1767298085,0x2c3dce8515854f167dc523745a6b9d98d22ec9266d9f4921f62fd3e4bf1cfa1b,0x75b7e0ccdadee0f50448fd5896e3cd3be6d9d8d2,BUY,110290742709531333936637417418570910881285907663357514844586483587588568832794,0.002,500.0,1767298085
0xa808efaf7d1736895d4afc622568727a8a0d3b942d6fdb052e6d88e6f70357ed_1767298133,0x2c3dce8515854f167dc523745a6b9d98d22ec9266d9f4921f62fd3e4bf1cfa1b,0x52a2565fab9611d3163b0a4751ec99ceab5a376f,BUY,110290742709531333936637417418570910881285907663357514844586483587588568832794,0.002,500.0,1767298133
0xba1fedcf5fc9aa1bd736f3a7c03db753800c6481aeb2c44236b61fe0e1b66dbc_1767298161,0x2c3dce8515854f167dc523745a6b9d98d22ec9266d9f4921f62fd3e4bf1cfa1b,0xed04895e5368b4ab0d8a3ab525e378726b487419,BUY,110290742709531333936637417418570910881285907663357514844586483587588568832794,0.002,4000.0,1767298161
0xc89c6686da5f651fc791b42bec72a5eedb6779afa8cb22c8489f6e72f2e9e72c_1767298307,0x2c3dce8515854f167dc523745a6b9d98d22ec9266d9f4921f62fd3e4bf1cfa1b,0x73c42e13c1755f924ac19b542edf6c1c78c4ba3b,BUY,110290742709531333936637417418570910881285907663357514844586483587588568832794,0.002,10994.98,1767298307
0xe87d3cb523dfc2623a187cbff937d6516491bf11228bf949b7d35dde9cbf6448_1767298547,0x2c3dce8515854f167dc523745a6b9d98d22ec9266d9f4921f62fd3e4bf1cfa1b,0xab316f395004c56d9358d7c622b442d8ff85f1ac,BUY,110290742709531333936637417418570910881285907663357514844586483587588568832794,0.002,500.0,1767298547
0xde902cdc0df017a23d1dc9093c567c19f79a3676856f2f8b263bbcd885ee02b5_1767298725,0x2c3dce8515854f167dc523745a6b9d98d22ec9266d9f4921f62fd3e4bf1cfa1b,0xc30d1e271868944c4aea6e9d2992f32f8c9357e6,SELL,110290742709531333936637417418570910881285907663357514844586483587588568832794,0.001,1750.61,1767298725
0x838bcc2be06074f6f02f63948392d50fbe9c4fc0d1f000445e6f332d5005f807_1767298903,0x2c3dce8515854f167dc523745a6b9d98d22ec9266d9f4921f62fd3e4bf1cfa1b,0x5bf6aa22fb5525607a8f5e1958af6531a945ab49,BUY,86498068750018438192524977941980476748299785729870940867089250086714498791178,0.999,50.0,1767298903
0xf3e1dffa01b4cf6ce2a0b0caeec87778f9c7a491a05bff0b6545abfde8b388bc_1767298977,0x2c3dce8515854f167dc523745a6b9d98d22ec9266d9f4921f62fd3e4bf1cfa1b,0x475b58b3d6e1f8b199ef2a335b31b26ef9d121b5,BUY,86498068750018438192524977941980476748299785729870940867089250086714498791178,0.999,77.0,1767298977
0x7833455122eccad42f364a4e1a6c5b38b55beb20eaefdaaeefaffcab370b9ce1_1767299003,0x2c3dce8515854f167dc523745a6b9d98d22ec9266d9f4921f62fd3e4bf1cfa1b,0x926c3d8563b80ca3aa8f8fa219cfafbf63255daf,BUY,110290742709531333936637417418570910881285907663357514844586483587588568832794,0.002,2500.0,1767299003
0x08637add4239339d5aeeb9b1e4a3a8bbdd71e56846bf07befdb41b17227d0d2a_1767299247,0x2c3dce8515854f167dc523745a6b9d98d22ec9266d9f4921f62fd3e4bf1cfa1b,0x5576d37a5b25462d42bd6a376cdd839654a78081,SELL,110290742709531333936637417418570910881285907663357514844586483587588568832794,0.001,1.36,1767299247
0x98834a6f5aa1ad8c2190a16cee4c8363fc8535144d676c89492ef61785f3f97c_1767299577,0x2c3dce8515854f167dc523745a6b9d98d22ec9266d9f4921f62fd3e4bf1cfa1b,0xc4fe281ae710825bd530ecab1105624e64e4ddea,BUY,86498068750018438192524977941980476748299785729870940867089250086714498791178,0.999,108.0,1767299577
0x2f540bbfa5c9573f10d4d2d675d506f675ba2f8e8fc11ecd2ff7ebc759b6d1ae_1767299613,0x2c3dce8515854f167dc523745a6b9d98d22ec9266d9f4921f62fd3e4bf1cfa1b,0xf55eee2264546a234ed857ac045fb8f38c8a0c66,BUY,110290742709531333936637417418570910881285907663357514844586483587588568832794,0.002,20460.0,1767299613
0xf074493e5883b348a733edf629e03c68fcb4c9b89104f784d0d3803dfba3fd60_1767299715,0x2c3dce8515854f167dc523745a6b9d98d22ec9266d9f4921f62fd3e4bf1cfa1b,0xe09e3d508e9e29b61720700f841fa0d2ee6372c0,BUY,86498068750018438192524977941980476748299785729870940867089250086714498791178,0.999,58.0,1767299715
0xe86e49abe0fc760e38660c1a3483f4faee633a2bb2da55246546d25d93724a46_1767299743,0x2c3dce8515854f167dc523745a6b9d98d22ec9266d9f4921f62fd3e4bf1cfa1b,0x32998141f2412d408353399882db808380702d7b,BUY,86498068750018438192524977941980476748299785729870940867089250086714498791178,0.998999999688095,1083.663662,1767299743
0x38bcbd456028bc30762ece5cc726548569eb7cc9122fbcaf305265856c153367_1767299851,0x2c3dce8515854f167dc523745a6b9d98d22ec9266d9f4921f62fd3e4bf1cfa1b,0x2099a46821dc11bf3657eaa39ee639be65827b21,BUY,110290742709531333936637417418570910881285907663357514844586483587588568832794,0.002,1000.0,1767299851
0x6112146a127ec17ed2584361bd4bea7a1458d46312f06036b3724b1b1cb5fac4_1767299991,0x2c3dce8515854f167dc523745a6b9d98d22ec9266d9f4921f62fd3e4bf1cfa1b,0xc1dba22db2ba0711ad1b133f98476d23c3e29dc6,BUY,86498068750018438192524977941980476748299785729870940867089250086714498791178,0.999,84.0,1767299991
0x41d994ffd1f82b71362ff67c16303aa271673f82ce82ff938861094c0c6bc0ac_1767300103,0x2c3dce8515854f167dc523745a6b9d98d22ec9266d9f4921f62fd3e4bf1cfa1b,0x818bc4f8d59780524de4a44695f8db26e157ea84,BUY,110290742709531333936637417418570910881285907663357514844586483587588568832794,0.002,112500.0,1767300103
0xf296075e73bfe2d9759f2239770f3f6b3c1c8048011f67f6dcb5e44c5341f883_1767300389,0x2c3dce8515854f167dc523745a6b9d98d22ec9266d9f4921f62fd3e4bf1cfa1b,0x35cff92765feae5abd58ec748c23de1edb28ad89,BUY,86498068750018438192524977941980476748299785729870940867089250086714498791178,0.999,71.0,1767300389
0x9aafd6792165fc2b9f72f8c2c874093ed4bc0baf30bd25c6ae632dfa5b1387e0_1767300545,0x2c3dce8515854f167dc523745a6b9d98d22ec9266d9f4921f62fd3e4bf1cfa1b,0xb0fd36a3244a49558732211612bd73e04cbdf74d,BUY,86498068750018438192524977941980476748299785729870940867089250086714498791178,0.999,63.0,1767300545
0xb00abf1eae6043baa42fb2ef920fe10803a1987280a2b5d515ae2052fb1b5e93_1767300573,0x2c3dce8515854f167dc523745a6b9d98d22ec9266d9f4921f62fd3e4bf1cfa1b,0xbf346b7c144516cd9a8d5868d5b477e9bb04e4d3,BUY,110290742709531333936637417418570910881285907663357514844586483587588568832794,0.002,10500.0,1767300573
0xaae0fbf03575de456efd4f1c565a50f67f06382c63f01ce371fc507fa4b12c2a_1767300573,0x2c3dce8515854f167dc523745a6b9d98d22ec9266d9f4921f62fd3e4bf1cfa1b,0x2099a46821dc11bf3657eaa39ee639be65827b21,BUY,110290742709531333936637417418570910881285907663357514844586483587588568832794,0.002,12500.0,1767300573
0xbf4ef8ce0405560f4098bf32ac16af90c1eec774b4d4d81f16a1cf9af8e0305f_1767300761,0x2c3dce8515854f167dc523745a6b9d98d22ec9266d9f4921f62fd3e4bf1cfa1b,0x61d06d70e31b3fc5b6b6f23d9a594a4b740fd9f9,BUY,86498068750018438192524977941980476748299785729870940867089250086714498791178,0.999,69.0,1767300761
0x9dbbdcafdd843af2c3c7e5600df18cd94376323ecf680e9da29963284ca5a60e_1767301143,0x2c3dce8515854f167dc523745a6b9d98d22ec9266d9f4921f62fd3e4bf1cfa1b,0x2ca7acdfa8ff5300ad535f177c01083588c449dc,BUY,110290742709531333936637417418570910881285907663357514844586483587588568832794,0.002,500.0,1767301143
0xee1cdf660443f1fc78c020d6ba664163531d107b8c6c9068988deee4d6c6216c_1767301181,0x2c3dce8515854f167dc523745a6b9d98d22ec9266d9f4921f62fd3e4bf1cfa1b,0x6f42bbbdcb75a73186b27029fc155392c110285d,BUY,110290742709531333936637417418570910881285907663357514844586483587588568832794,0.002,500.0,1767301181
0x33709599ac823530b8058256270f10fcec567df8d818a5374f8afec924ed9b88_1767301313,0x2c3dce8515854f167dc523745a6b9d98d22ec9266d9f4921f62fd3e4bf1cfa1b,0xd86b73db56bb489ca4176df855dfbeb460171924,BUY,110290742709531333936637417418570910881285907663357514844586483587588568832794,0.002,500.0,1767301313
0x26cf284ed683e188ba009130890f038e63763f3ecd756056cdb4a66b91b5e770_1767301321,0x2c3dce8515854f167dc523745a6b9d98d22ec9266d9f4921f62fd3e4bf1cfa1b,0x8da3521cc2cf049a380e9d4efe7ea35e55b88a67,BUY,86498068750018438192524977941980476748299785729870940867089250086714498791178,0.999,100.0,1767301321
0xbed88a6d8e0c21e352c3cc92af476597e4feb961ac7e4a0c43f44d07f84194af_1767301629,0x2c3dce8515854f167dc523745a6b9d98d22ec9266d9f4921f62fd3e4bf1cfa1b,0x950b4769972484b68f6ce6644864f4a7fc686103,BUY,86498068750018438192524977941980476748299785729870940867089250086714498791178,0.999,71.0,1767301629
0x6bb6cd490514d359b8136af2c392c0ecc8e758aff52a83a4eaecb252babce936_1767301673,0x2c3dce8515854f167dc523745a6b9d98d22ec9266d9f4921f62fd3e4bf1cfa1b,0xeee10f2b13a7b78d39183952f70357ab1e445a04,BUY,110290742709531333936637417418570910881285907663357514844586483587588568832794,0.002,5000.0,1767301673
0xf6341758f061b0085b114301f6cffe12d4383c5604d75ad526cc24830a408e3c_1767301999,0x2c3dce8515854f167dc523745a6b9d98d22ec9266d9f4921f62fd3e4bf1cfa1b,0xeee10f2b13a7b78d39183952f70357ab1e445a04,BUY,110290742709531333936637417418570910881285907663357514844586483587588568832794,0.002,2500.0,1767301999
0x9c61ae21f70a45da888e620735d042c9c8f3fa5ad66a628b7bfe20885781cfd5_1767302103,0x2c3dce8515854f167dc523745a6b9d98d22ec9266d9f4921f62fd3e4bf1cfa1b,0x5ea9a21db9de280fdee5fcf76af648625b021a13,SELL,110290742709531333936637417418570910881285907663357514844586483587588568832794,0.001,9790.0,1767302103
0x6a139ee49a4f4363708d4beda006e59e870ce36f793d628a3156c173c208770c_1767302651,0x2c3dce8515854f167dc523745a6b9d98d22ec9266d9f4921f62fd3e4bf1cfa1b,0x4a013deb85d39aa250a182be0b8f87731e9c3d89,BUY,110290742709531333936637417418570910881285907663357514844586483587588568832794,0.002,1000.0,1767302651
0x48b0c49336f04d164eddbad1b64480134286f7d97d12f0c2c7f05dce0789bb76_1767302747,0x2c3dce8515854f167dc523745a6b9d98d22ec9266d9f4921f62fd3e4bf1cfa1b,0x8d07692868f990fb57026d35c626135f9f27d3d3,BUY,86498068750018438192524977941980476748299785729870940867089250086714498791178,0.999,58.0,1767302747
0x20af7a6e14bfc2814b67aa32ec335441814eb2abf23768d47dd77507b1a89303_1767302877,0x2c3dce8515854f167dc523745a6b9d98d22ec9266d9f4921f62fd3e4bf1cfa1b,0xb194c814b1bb93657ae233aa98fe9f9467b01063,BUY,110290742709531333936637417418570910881285907663357514844586483587588568832794,0.002,2000.0,1767302877
0xb8016a874f9abe7fd449e8dfa28b7702cd5b5c4539b0ef57fc7725d62ca70996_1767302985,0x2c3dce8515854f167dc523745a6b9d98d22ec9266d9f4921f62fd3e4bf1cfa1b,0x8a68f8fe67eaed78856c5835f0e57437f02d22df,BUY,110290742709531333936637417418570910881285907663357514844586483587588568832794,0.002,500.0,1767302985
0x01ad640094ec45dff1569adfe99cad2872de6bbc82087fd4884add0291c81ee0_1767303031,0x2c3dce8515854f167dc523745a6b9d98d22ec9266d9f4921f62fd3e4bf1cfa1b,0x8ff8bb7a2c6b9b03e3d1ed586a21421cf6c60dd4,BUY,86498068750018438192524977941980476748299785729870940867089250086714498791178,0.999,70.0,1767303031
0x15ebdeb6f5a56800d81cf87a7405c0f35c380dd0920111b94f231700d5e7d274_1767303179,0x2c3dce8515854f167dc523745a6b9d98d22ec9266d9f4921f62fd3e4bf1cfa1b,0x07f1cea28e80ce3879ddd0a2dcbf5276d3dc9f1c,BUY,110290742709531333936637417418570910881285907663357514844586483587588568832794,0.002,500.0,1767303179
0x1d14274a445aae7fd79d37210a2c90e36952941b36e13ca4413ad39760c4f072_1767303507,0x2c3dce8515854f167dc523745a6b9d98d22ec9266d9f4921f62fd3e4bf1cfa1b,0xd08125f9b7f4eb855f4fccf77f189d30f27e5ff5,BUY,110290742709531333936637417418570910881285907663357514844586483587588568832794,0.002,378.0,1767303507
0x6caa72538228760646a86747723150aa75f7e09c71a80e40e52f5f75d8dccf1f_1767303711,0x2c3dce8515854f167dc523745a6b9d98d22ec9266d9f4921f62fd3e4bf1cfa1b,0xcf4ae0468c9b418e2711ac6c5d088971fc20c1f4,BUY,110290742709531333936637417418570910881285907663357514844586483587588568832794,0.002,3500.0,1767303711
0xf7d0ee6ba2c4c057b27cb08eae4a9600808b2c8567f927b24370d953b39d4db2_1767303825,0x2c3dce8515854f167dc523745a6b9d98d22ec9266d9f4921f62fd3e4bf1cfa1b,0x6828e04b468e17d92fa1e5d60d59290278a81056,BUY,86498068750018438192524977941980476748299785729870940867089250086714498791178,0.999,10000.0,1767303825
0xff6de5c36ff9f97fceefd05acb5df37e2167a0767b321c138923457d5eeb5601_1767304047,0x2c3dce8515854f167dc523745a6b9d98d22ec9266d9f4921f62fd3e4bf1cfa1b,0x8750163b355eb4dee5e1a57d595cf840d854e96b,BUY,86498068750018438192524977941980476748299785729870940867089250086714498791178,0.999,30822.64,1767304047
0x123958c30248d15ec7f8b775d8be2392a4fcf8d9000f5b1a2218e7e7fd3f5e5c_1767304085,0x2c3dce8515854f167dc523745a6b9d98d22ec9266d9f4921f62fd3e4bf1cfa1b,0x9aa727ffdbe9558405e596f42f98818026b7e00e,BUY,110290742709531333936637417418570910881285907663357514844586483587588568832794,0.002,545.0,1767304085
0xa7687ed31d5fbd4bca393c4ab070543c46fedb955f4956d70f813f28b2021ecf_1767304123,0x2c3dce8515854f167dc523745a6b9d98d22ec9266d9f4921f62fd3e4bf1cfa1b,0x44a562418a24841cf603fee22d8287250a353d27,BUY,86498068750018438192524977941980476748299785729870940867089250086714498791178,0.999,69.0,1767304123
0x0d840682a6372f54c64ef66c3276b878cc5e7055d85993b07869afbc81f1fe12_1767304301,0x2c3dce8515854f167dc523745a6b9d98d22ec9266d9f4921f62fd3e4bf1cfa1b,0xbec90ce5a1324c0456beaedde6c04ef03dd50ece,BUY,86498068750018438192524977941980476748299785729870940867089250086714498791178,0.999,3.573,1767304301
0x242f70c845b7462400b5158079c8fafb1ab0453c09eecebd7432a4ddb1387a6d_1767304321,0x2c3dce8515854f167dc523745a6b9d98d22ec9266d9f4921f62fd3e4bf1cfa1b,0xbccb3304cdf165071f47d7521e83b00a17eb78e8,SELL,110290742709531333936637417418570910881285907663357514844586483587588568832794,0.001,1000.0,1767304321
0x3530c69752100908d95f98fa43f85cad5a29a40901a5af4c53ae8d0b63cb9f80_1767304327,0x2c3dce8515854f167dc523745a6b9d98d22ec9266d9f4921f62fd3e4bf1cfa1b,0x0fea2eddaa7c24b9e80463c97f56c0cd22e897f3,BUY,86498068750018438192524977941980476748299785729870940867089250086714498791178,0.999,58.0,1767304327
0x40fb8365258768a6d2e8489b95bdaa8d1fd7148208bcca95d3a4964f4a0fba7d_1767304665,0x2c3dce8515854f167dc523745a6b9d98d22ec9266d9f4921f62fd3e4bf1cfa1b,0xcf4ae0468c9b418e2711ac6c5d088971fc20c1f4,BUY,110290742709531333936637417418570910881285907663357514844586483587588568832794,0.002,4000.0,1767304665
0x21f0eb4002840e0f0719d1dbe768ee65c528508ff134f237bbff6eb4ee15de72_1767305155,0x2c3dce8515854f167dc523745a6b9d98d22ec9266d9f4921f62fd3e4bf1cfa1b,0xd168158a897f1710bd279643344f30ee0477c167,BUY,110290742709531333936637417418570910881285907663357514844586483587588568832794,0.002,1500.0,1767305155
0xa7398302e35189185ff5b08fee0b32c9ee6f17dbccb80f734ba255bcc7568359_1767305269,0x2c3dce8515854f167dc523745a6b9d98d22ec9266d9f4921f62fd3e4bf1cfa1b,0x0357999ae200a3fc1dad92b2b66a20633b482457,BUY,110290742709531333936637417418570910881285907663357514844586483587588568832794,0.002,437.0,1767305269
0x91a5f0eb93c15a6b5ad05d5e4ee56d395e8bb34da5489417d876f24bfeb3ca95_1767305561,0x2c3dce8515854f167dc523745a6b9d98d22ec9266d9f4921f62fd3e4bf1cfa1b,0x805a922574d7d6b158b7bbb49a6fa8925eb60635,BUY,86498068750018438192524977941980476748299785729870940867089250086714498791178,0.999,12220.0,1767305561
0xee8a556902c9b5468ba2ac9c8f951d05b5d01a9e914c996673d0a698328594ca_1767305619,0x2c3dce8515854f167dc523745a6b9d98d22ec9266d9f4921f62fd3e4bf1cfa1b,0x9cace9090723efd56a13ace2e3f4e2eddf542d4e,BUY,86498068750018438192524977941980476748299785729870940867089250086714498791178,0.999,105.0,1767305619
0xbc4f552360c69297484d038ada84525363ae2a0937bfb9490cf17e71fd152fb8_1767305633,0x2c3dce8515854f167dc523745a6b9d98d22ec9266d9f4921f62fd3e4bf1cfa1b,0x0bf0fd654359036f6cb7c9d1107beafe60060fe7,BUY,110290742709531333936637417418570910881285907663357514844586483587588568832794,0.002,500.0,1767305633
0x39d8fe5e6560c11367488b9e68827512bad8cb6362f37c19560a98380c190f6e_1767305727,0x2c3dce8515854f167dc523745a6b9d98d22ec9266d9f4921f62fd3e4bf1cfa1b,0xe51abbc214c832cf44463db0f5f3ed421c742665,BUY,110290742709531333936637417418570910881285907663357514844586483587588568832794,0.002,500.0,1767305727
0xd0b2025e6798df1b7f47230a0875b69630115e63ffdd3780dd71f4cd5e11a133_1767305765,0x2c3dce8515854f167dc523745a6b9d98d22ec9266d9f4921f62fd3e4bf1cfa1b,0xdf7aa0ffa9d2316e1170f1836cf9caa8d77b676c,BUY,86498068750018438192524977941980476748299785729870940867089250086714498791178,0.999,81.0,1767305765
0x9d4e95fe6d10c48db20556bf1731fef060f1c1e314d20af5cf3f9868ef97df31_1767305785,0x2c3dce8515854f167dc523745a6b9d98d22ec9266d9f4921f62fd3e4bf1cfa1b,0x818bc4f8d59780524de4a44695f8db26e157ea84,BUY,110290742709531333936637417418570910881285907663357514844586483587588568832794,0.002,5000.0,1767305785
0x37be43a880a72ac9b3849adcd1bf0d3b65d56dfae850d33af035f92e7175310e_1767306535,0x2c3dce8515854f167dc523745a6b9d98d22ec9266d9f4921f62fd3e4bf1cfa1b,0xfe70ffaf9e2eaa498f7b0898fe95ae2efd33d9b8,BUY,86498068750018438192524977941980476748299785729870940867089250086714498791178,0.999,50.0,1767306535
0x6db1b29c80adfe1fb7655497903640b790c0bba31636b027bd3f4bf72e52592b_1767306867,0x2c3dce8515854f167dc523745a6b9d98d22ec9266d9f4921f62fd3e4bf1cfa1b,0xa8db1acf83d9a28cf1c892af6b493ee0bd47bbdd,BUY,110290742709531333936637417418570910881285907663357514844586483587588568832794,0.002,500.0,1767306867
0x7b32083fbd3fc584f040e47e181c04307e3a193da773d9312e6e9d5825c5e6cc_1767306933,0x2c3dce8515854f167dc523745a6b9d98d22ec9266d9f4921f62fd3e4bf1cfa1b,0xb01554c2e192b7de79ea886f6513f7137956734b,BUY,110290742709531333936637417418570910881285907663357514844586483587588568832794,0.002,2500.0,1767306933
0x12b11d0f38039f63a7bd6f24a3baf2a6214fa8eaef3ea4fdd611037673946cba_1767307201,0x2c3dce8515854f167dc523745a6b9d98d22ec9266d9f4921f62fd3e4bf1cfa1b,0xf47fd4990297c2d6cec268b3656bf284fb9f79f7,BUY,86498068750018438192524977941980476748299785729870940867089250086714498791178,0.999,50.0,1767307201
0x0ec1fd764eb1f168fbf63ccaed39350d54323189bba29a37804e6b9690ba4484_1767307261,0x2c3dce8515854f167dc523745a6b9d98d22ec9266d9f4921f62fd3e4bf1cfa1b,0xce864690322f82a7cee9e778220031a600fa8fa9,BUY,110290742709531333936637417418570910881285907663357514844586483587588568832794,0.002,431.0,1767307261
0xb88577332b8b17c4cadbe801b2deda31fe3a52bd4d29f36fc32d92aef700f2c6_1767307273,0x2c3dce8515854f167dc523745a6b9d98d22ec9266d9f4921f62fd3e4bf1cfa1b,0x505e11d5604818639790925d031608646d5daffc,BUY,86498068750018438192524977941980476748299785729870940867089250086714498791178,0.999,341.341,1767307273
0x42a55a4bbc90304a886d7f2895382b344db3d0bf0bc90d04b15b5130b834f8d7_1767307547,0x2c3dce8515854f167dc523745a6b9d98d22ec9266d9f4921f62fd3e4bf1cfa1b,0xd3b0cbfc2d280da03f06c4746571f23362cd9e97,SELL,86498068750018438192524977941980476748299785729870940867089250086714498791178,0.998,3.53,1767307547
0xe0e3ec6066a423b1e55e693e0d75fcb73cbe2a6b12e13ba02df8229d4321ebed_1767307595,0x2c3dce8515854f167dc523745a6b9d98d22ec9266d9f4921f62fd3e4bf1cfa1b,0x5516c6d8158f8cc47236c45b7defb10d705a0472,BUY,86498068750018438192524977941980476748299785729870940867089250086714498791178,0.999,64.0,1767307595
0x33a98fd22d8916bd6b6e76b679a31a90d2ff26a2f593d1a5938c48aae5210108_1767307757,0x2c3dce8515854f167dc523745a6b9d98d22ec9266d9f4921f62fd3e4bf1cfa1b,0xe0ba0696546306ee26628a4dfc5c7d21a585ff89,BUY,110290742709531333936637417418570910881285907663357514844586483587588568832794,0.002,500.0,1767307757
0xbdbf91acaa3243fcf65938239ca03e2236e00fb7683b6ad15fbb160e5457637d_1767307767,0x2c3dce8515854f167dc523745a6b9d98d22ec9266d9f4921f62fd3e4bf1cfa1b,0x7bc7267a633f4bfab2cc637b2567827e19268a02,BUY,110290742709531333936637417418570910881285907663357514844586483587588568832794,0.002,500.0,1767307767
0xc0a7952b559065348f3a9ec6a7b0d015b1cac3c2f9b95d3d705427f049bd3463_1767307855,0x2c3dce8515854f167dc523745a6b9d98d22ec9266d9f4921f62fd3e4bf1cfa1b,0xd8f64d26887494449425efcd462e17bff33bc32d,BUY,86498068750018438192524977941980476748299785729870940867089250086714498791178,0.999,82.0,1767307855
0x145cc28015861fbe38d77dc993881276254f178e257460d01bc2d73513e2917f_1767308025,0x2c3dce8515854f167dc523745a6b9d98d22ec9266d9f4921f62fd3e4bf1cfa1b,0xa66790e2b0075e73c3781ddaf1d0b875a3aaceb3,BUY,86498068750018438192524977941980476748299785729870940867089250086714498791178,0.999,553.65,1767308025
0x95b10f43f4cd11b77769f64662a7b736e527f161c9e1b013cacbf4193a577778_1767308045,0x2c3dce8515854f167dc523745a6b9d98d22ec9266d9f4921f62fd3e4bf1cfa1b,0x3cecb07e8edfeab6adc7c8b8c119807cc7a48943,BUY,86498068750018438192524977941980476748299785729870940867089250086714498791178,0.999,57.0,1767308045
0xf7137be2e83f02ddf0baaeb9c30d34b9a8e57a6d7886f03353a5f39d63cf1087_1767308165,0x2c3dce8515854f167dc523745a6b9d98d22ec9266d9f4921f62fd3e4bf1cfa1b,0x09c3cc90e0943af36d216806c932fb66dcc342eb,BUY,110290742709531333936637417418570910881285907663357514844586483587588568832794,0.002,585.0,1767308165
0x4f4b748c0fc855dcac1a288c54c44682259dd50c19198e2121692ff65e2259ad_1767308199,0x2c3dce8515854f167dc523745a6b9d98d22ec9266d9f4921f62fd3e4bf1cfa1b,0xda02bf1ba1462e26f07966550537b92542e76900,BUY,110290742709531333936637417418570910881285907663357514844586483587588568832794,0.002,575.0,1767308199
0xaae36dda44cdabb7856adbb7ef1660f4626684652f1da8f564e718d329a3405b_1767308791,0x2c3dce8515854f167dc523745a6b9d98d22ec9266d9f4921f62fd3e4bf1cfa1b,0xa2ed81611c3bd048a2c42bc20dc6c8a374f8160d,BUY,110290742709531333936637417418570910881285907663357514844586483587588568832794,0.002,500.0,1767308791
0xd5d10bbd0658e18069f783c87d2a7e98c27460167e81e29bd4221d4109a9ae5e_1767308847,0x2c3dce8515854f167dc523745a6b9d98d22ec9266d9f4921f62fd3e4bf1cfa1b,0xa62e3bfac06581ca90399462cad63ce10d072e72,BUY,86498068750018438192524977941980476748299785729870940867089250086714498791178,0.999,2.002,1767308847
0x3527638e8a608814744492d1c12cc661c068e5ecdbec7519f5262322b561ec76_1767308991,0x2c3dce8515854f167dc523745a6b9d98d22ec9266d9f4921f62fd3e4bf1cfa1b,0x1604b15af9eab550175b268dd574a155c5ebff0e,BUY,86498068750018438192524977941980476748299785729870940867089250086714498791178,0.999,50000.0,1767308991
0xfd8b2c4eed4a8e75a3e2536d4e3cd99bd32d90dbbed062b999fbcbca89125238_1767309323,0x2c3dce8515854f167dc523745a6b9d98d22ec9266d9f4921f62fd3e4bf1cfa1b,0x9973b52a872e0a39657d812c1bf2e5ee48b4bf2c,BUY,110290742709531333936637417418570910881285907663357514844586483587588568832794,0.002,500.0,1767309323
0x3243b854aa033af236de68353211cda999823c6f4b9d0a0ab689cce7fff948e4_1767309627,0x2c3dce8515854f167dc523745a6b9d98d22ec9266d9f4921f62fd3e4bf1cfa1b,0xc2cb0630acff784ffabb2af7a69f66bb7bcbfbf5,BUY,86498068750018438192524977941980476748299785729870940867089250086714498791178,0.999,1522.35,1767309627
0xf96475d1f2f307e3f3bbfca4b5ca121ed26f96107694af16a7b966158427d709_1767309845,0x2c3dce8515854f167dc523745a6b9d98d22ec9266d9f4921f62fd3e4bf1cfa1b,0x7c3db723f1d4d8cb9c550095203b686cb11e5c6b,BUY,86498068750018438192524977941980476748299785729870940867089250086714498791178,0.999,100000.0,1767309845
0xf07c01fc6697d56f853d65d7f1e1afce97136b906bc4bbe6923cf02ace7c7633_1767309849,0x2c3dce8515854f167dc523745a6b9d98d22ec9266d9f4921f62fd3e4bf1cfa1b,0x3f184e5e7fe4d601b7cc106882c14d0b23259cd7,BUY,86498068750018438192524977941980476748299785729870940867089250086714498791178,0.999,10.01,1767309849
0xb4da253fb7c36ab8ecc75161b06a05e99efcfae2e4daddfe0274a2b0cb61d1d4_1767309851,0x2c3dce8515854f167dc523745a6b9d98d22ec9266d9f4921f62fd3e4bf1cfa1b,0x491213da9c46715364098c7b8a08ae5398b3c24e,BUY,110290742709531333936637417418570910881285907663357514844586483587588568832794,0.002,5690.0,1767309851
0xaa33b04fb20bb505e98fd983d9227d4db10797c29bfded705d177af1347aec75_1767309857,0x2c3dce8515854f167dc523745a6b9d98d22ec9266d9f4921f62fd3e4bf1cfa1b,0x2b366034b69b64a444406b2db7ec1ff7869c473b,BUY,86498068750018438192524977941980476748299785729870940867089250086714498791178,0.999,4000.0,1767309857
0x3ccac4458001f2747911f642dde08b629f7e80e6528e1f78030dae0fa2c88103_1767309869,0x2c3dce8515854f167dc523745a6b9d98d22ec9266d9f4921f62fd3e4bf1cfa1b,0x521a5937948a3c1e4c62596651be096760794b39,BUY,86498068750018438192524977941980476748299785729870940867089250086714498791178,0.999,130.42,1767309869
0x42f2785ccadecea2461ae9d5081d83e863f580abcae754ee804877f45c86a1f2_1767309939,0x2c3dce8515854f167dc523745a6b9d98d22ec9266d9f4921f62fd3e4bf1cfa1b,0xaa4c3f19aed6694036f8fd9a3fa7cbc8512d8f77,BUY,110290742709531333936637417418570910881285907663357514844586483587588568832794,0.002,1125.0,1767309939
0x0a7fde8182987284ee8e651b268002c3c628e8bfb4fcb686a6a6db7bffb7ebaa_1767309961,0x2c3dce8515854f167dc523745a6b9d98d22ec9266d9f4921f62fd3e4bf1cfa1b,0x9b19e731ae2d00a4635f46841a3b301d77f26b1c,BUY,86498068750018438192524977941980476748299785729870940867089250086714498791178,0.999,50.05,1767309961
0x7dd0b45a9fad8235c570c74997b17e2c13b409229ab3fc13c3eec96f55e654b5_1767309995,0x2c3dce8515854f167dc523745a6b9d98d22ec9266d9f4921f62fd3e4bf1cfa1b,0xf95d4f8f524f5fa3dbef41f45e52bcad7d84ca8d,BUY,86498068750018438192524977941980476748299785729870940867089250086714498791178,0.999,100.0,1767309995
0xea117235dfe1a7f7b80a75b602a926e319a7d75cf94478abced9d6f85a792a51_1767310037,0x2c3dce8515854f167dc523745a6b9d98d22ec9266d9f4921f62fd3e4bf1cfa1b,0x111b64194b29169259a70ae1b21209d73265bad9,BUY,86498068750018438192524977941980476748299785729870940867089250086714498791178,0.999,69818.49,1767310037
0xfa5307ec68b52a8b7286bae73bb41d8e4f2fa6eae5f3b89c3712f4b1f36b50cb_1767310187,0x2c3dce8515854f167dc523745a6b9d98d22ec9266d9f4921f62fd3e4bf1cfa1b,0x448861155279dbf833d041b963e3ac854599e319,BUY,86498068750018438192524977941980476748299785729870940867089250086714498791178,0.999,15982.67,1767310187
0x27da614b70b7e02c453162b51cbf2a882a97252c286c20448d7cf1548f7359c5_1767310247,0x2c3dce8515854f167dc523745a6b9d98d22ec9266d9f4921f62fd3e4bf1cfa1b,0xec88d41a4af74c3f66ef8da67aa8c9104ae4189f,BUY,110290742709531333936637417418570910881285907663357514844586483587588568832794,0.002,1000.0,1767310247
0x5cfb783046055394c4dd768a7d87cb2e80c4926d06a294f5541b6843488a47be_1767310601,0x2c3dce8515854f167dc523745a6b9d98d22ec9266d9f4921f62fd3e4bf1cfa1b,0xeee10f2b13a7b78d39183952f70357ab1e445a04,BUY,110290742709531333936637417418570910881285907663357514844586483587588568832794,0.0012290045063498567,7323.0,1767310601
0x716da50df2b46ddec9524a89205e87aa328dc4a0ef3a6bd79ed9ea4925afbd5f_1767311051,0x2c3dce8515854f167dc523745a6b9d98d22ec9266d9f4921f62fd3e4bf1cfa1b,0x06cc8454aea0b33527b160ae19dac9c18dda0b12,BUY,110290742709531333936637417418570910881285907663357514844586483587588568832794,0.001,1000.0,1767311051
0x02514c7c4672950ef39a612950e633073a2271bf1c71e78cb2b944d1c08fa4ac_1767311405,0x2c3dce8515854f167dc523745a6b9d98d22ec9266d9f4921f62fd3e4bf1cfa1b,0x69aa9fa621403e3a121b29ad77d32ba9eb5e8847,SELL,86498068750018438192524977941980476748299785729870940867089250086714498791178,0.999,2908.0,1767311405
0xede19eb11d1ff0279f5643b2ae1e2fdac1530ea3c289541e58ff8c51818a3f40_1767311555,0x2c3dce8515854f167dc523745a6b9d98d22ec9266d9f4921f62fd3e4bf1cfa1b,0x8a68f8fe67eaed78856c5835f0e57437f02d22df,BUY,110290742709531333936637417418570910881285907663357514844586483587588568832794,0.001,1000.0,1767311555
0x3c87effc771bedff8774f8ad84b0fbef97281dd53b3406559d16d5e45a1f5d87_1767311987,0x2c3dce8515854f167dc523745a6b9d98d22ec9266d9f4921f62fd3e4bf1cfa1b,0xab316f395004c56d9358d7c622b442d8ff85f1ac,BUY,110290742709531333936637417418570910881285907663357514844586483587588568832794,0.001,1000.0,1767311987
0x1cb48428df2142b733ad6722fe87133a26034e050599a9130b91cdab68d83638_1767312319,0x2c3dce8515854f167dc523745a6b9d98d22ec9266d9f4921f62fd3e4bf1cfa1b,0x982db93c9a09696a745d0d8fbbe271ced54f4dbc,BUY,110290742709531333936637417418570910881285907663357514844586483587588568832794,0.001,1000.0,1767312319
0xd5756930762adfb0a810d5b5cd57a737522b5151ee2b0cdfd867c7a764179e35_1767312651,0x2c3dce8515854f167dc523745a6b9d98d22ec9266d9f4921f62fd3e4bf1cfa1b,0x3e5630959499c5b5e55aceeeeae7446933d335d5,BUY,110290742709531333936637417418570910881285907663357514844586483587588568832794,0.001,1000.0,1767312651
0xc0a03184df50e4a377faf1d400949ab0b7673b3b2ef4a54b22410a7ed5d349d5_1767314415,0x2c3dce8515854f167dc523745a6b9d98d22ec9266d9f4921f62fd3e4bf1cfa1b,0xf6191a6849dc92754f65ab0a0828d841c72971f8,BUY,110290742709531333936637417418570910881285907663357514844586483587588568832794,0.001,2990.0,1767314415
0x537ad629a5053572753cf0a84e38433f8352ee346f55530d1b48cbca462c28d6_1767315951,0x2c3dce8515854f167dc523745a6b9d98d22ec9266d9f4921f62fd3e4bf1cfa1b,0x71548332cd2310105f530465426b4196ab70c925,BUY,110290742709531333936637417418570910881285907663357514844586483587588568832794,0.001,5000.0,1767315951
0x1108c3a8b6fc67e6b8b6c704c60ca5db111f5f7a2e8c6d2dd7d412156e7d1d3a_1767316211,0x2c3dce8515854f167dc523745a6b9d98d22ec9266d9f4921f62fd3e4bf1cfa1b,0xf7876f2a335074d49d9238e2bd4e71d6dc30ea5e,BUY,110290742709531333936637417418570910881285907663357514844586483587588568832794,0.001,5600.0,1767316211
0x1104a8093e88fd22b61ffb165e72488f0d20ab3f9299ab0962be3ebb48739982_1767317547,0x2c3dce8515854f167dc523745a6b9d98d22ec9266d9f4921f62fd3e4bf1cfa1b,0x0719b3aa3a8895becc55cdf61c43f387c3ada8f7,BUY,110290742709531333936637417418570910881285907663357514844586483587588568832794,0.001,46000.0,1767317547
0xb91c47949e7056c3976897a4c683a1bb6b32bc0b442bcd66db443c5e028876ef_1767318209,0x2c3dce8515854f167dc523745a6b9d98d22ec9266d9f4921f62fd3e4bf1cfa1b,0x3313eaab6f6b9b5e3d79513c687b39286a8a2512,BUY,110290742709531333936637417418570910881285907663357514844586483587588568832794,0.001,4000.0,1767318209
0xe8546e93634e712cc82ce8af48da4bb3dfd9d3e3473c7097b946d1361ed20ab0_1767318283,0x2c3dce8515854f167dc523745a6b9d98d22ec9266d9f4921f62fd3e4bf1cfa1b,0x43ec89f3f28ac46facf4e15e8cc851a9c4e2e7e0,BUY,110290742709531333936637417418570910881285907663357514844586483587588568832794,0.001,1000.0,1767318283
0xf63feb0d3161c0ba670502f2fff6fed1c425529a01aa0dd39c59a9e3451867ac_1767318861,0x2c3dce8515854f167dc523745a6b9d98d22ec9266d9f4921f62fd3e4bf1cfa1b,0x521a5937948a3c1e4c62596651be096760794b39,SELL,86498068750018438192524977941980476748299785729870940867089250086714498791178,0.999,206.16,1767318861
0xbc00053f8c92f4af7d05ad69cb91f737b87f884543ba29b6128feb9dd4f9277e_1767319753,0x2c3dce8515854f167dc523745a6b9d98d22ec9266d9f4921f62fd3e4bf1cfa1b,0xf6191a6849dc92754f65ab0a0828d841c72971f8,BUY,110290742709531333936637417418570910881285907663357514844586483587588568832794,0.001,10000.0,1767319753
0x07f1f34439f01a533882f47721e5617f07d74c137e854823fd309594472f21b9_1767320147,0x2c3dce8515854f167dc523745a6b9d98d22ec9266d9f4921f62fd3e4bf1cfa1b,0x3be6a957284152bd131e3d6d7bb5208363fe77bd,BUY,110290742709531333936637417418570910881285907663357514844586483587588568832794,0.001,10000.0,1767320147
0xfd939c5c4e14aec2bfc9f696789925f2b361a8b729df9a23a5b8bc9d4f97d7fd_1767320469,0x2c3dce8515854f167dc523745a6b9d98d22ec9266d9f4921f62fd3e4bf1cfa1b,0xf1645f80d7d9954cdaec50c2c75254b60ea2252d,BUY,110290742709531333936637417418570910881285907663357514844586483587588568832794,0.001,1030.0,1767320469
0xbc23baf061036d418f9a6ebac7b952cd9dc1f3708d2fafe4f3108788a97d7144_1767320503,0x2c3dce8515854f167dc523745a6b9d98d22ec9266d9f4921f62fd3e4bf1cfa1b,0x6c32ecb7bd8c9ff7f5736a8848ea5a0c21c875ea,BUY,110290742709531333936637417418570910881285907663357514844586483587588568832794,0.001,1010.0,1767320503
0x8cfcbf2dacbb07eb9ce11efe0fc0dfec3d9b981eeb5f7ef110402ff3d5b734ff_1767320537,0x2c3dce8515854f167dc523745a6b9d98d22ec9266d9f4921f62fd3e4bf1cfa1b,0x9111e121f184537d4d0c9f14c741b10820586ef0,BUY,110290742709531333936637417418570910881285907663357514844586483587588568832794,0.001,1040.0,1767320537
0x12e56bb7f9fa90faa060250d78b384edd4d1dc954187ba447b839914bb90dc94_1767320575,0x2c3dce8515854f167dc523745a6b9d98d22ec9266d9f4921f62fd3e4bf1cfa1b,0x84ee8a95a0447311171025f420c5fb629c8373bb,BUY,110290742709531333936637417418570910881285907663357514844586483587588568832794,0.001,1020.0,1767320575
0x9b573fd69464e0f7f81b7c2aa71ecfd6eb23299501e85e3949ef7872897de754_1767320609,0x2c3dce8515854f167dc523745a6b9d98d22ec9266d9f4921f62fd3e4bf1cfa1b,0x13f6809101faef5766be4697e24b4510a76960a1,BUY,110290742709531333936637417418570910881285907663357514844586483587588568832794,0.001,1020.0,1767320609
0x9ad4a88317e451b857d44f407c271e49820fe93a9c4bd780edd6a0a382f10d6d_1767320639,0x2c3dce8515854f167dc523745a6b9d98d22ec9266d9f4921f62fd3e4bf1cfa1b,0xbafcd1bd9d5454ffd99056f7d81da6335ad626c1,BUY,110290742709531333936637417418570910881285907663357514844586483587588568832794,0.001,1020.0,1767320639
0x5cfdf6a406ce29b19f22366ca6d3352eb38093a6f185cafeff9a955f967fa14c_1767320669,0x2c3dce8515854f167dc523745a6b9d98d22ec9266d9f4921f62fd3e4bf1cfa1b,0x8e473b4cccdf32c26c2c3e8e8d04b03193bf4bf3,BUY,110290742709531333936637417418570910881285907663357514844586483587588568832794,0.001,1020.0,1767320669
0xc9f11e827d6a2bfbb9083bf6f94e1fe7be4b8ac9489604ce991f49f03fe98719_1767320701,0x2c3dce8515854f167dc523745a6b9d98d22ec9266d9f4921f62fd3e4bf1cfa1b,0x1b52922dd56937e465abfeff2918edd9807e5a83,BUY,110290742709531333936637417418570910881285907663357514844586483587588568832794,0.001,1030.0,1767320701
0x29aebded4ad938240262b8950a8f6a79ce14629d37d5dbb175452b5848f9c2e8_1767320889,0x2c3dce8515854f167dc523745a6b9d98d22ec9266d9f4921f62fd3e4bf1cfa1b,0xb6d9e632de222d4b341cd16bca95b31c898cf359,BUY,110290742709531333936637417418570910881285907663357514844586483587588568832794,0.001,1000.0,1767320889
0xc7cccdc0f62e089e151261549ae11f4e6fc9938e7e211128f3d54229d1c53b7c_1767322325,0x2c3dce8515854f167dc523745a6b9d98d22ec9266d9f4921f62fd3e4bf1cfa1b,0x3313eaab6f6b9b5e3d79513c687b39286a8a2512,BUY,110290742709531333936637417418570910881285907663357514844586483587588568832794,0.001,2000.0,1767322325
0xa03dbb86a86d2d139c25b3add93ba08d1cb013b38c4bf07fe194bb4810926e81_1767322373,0x2c3dce8515854f167dc523745a6b9d98d22ec9266d9f4921f62fd3e4bf1cfa1b,0x3313eaab6f6b9b5e3d79513c687b39286a8a2512,BUY,110290742709531333936637417418570910881285907663357514844586483587588568832794,0.001,1000.0,1767322373
0x676e7386665d755e1d5c8390b10854349cc05e85e79d8ec043e4bf008b0282f8_1767322393,0x2c3dce8515854f167dc523745a6b9d98d22ec9266d9f4921f62fd3e4bf1cfa1b,0x3313eaab6f6b9b5e3d79513c687b39286a8a2512,BUY,110290742709531333936637417418570910881285907663357514844586483587588568832794,0.001,3000.0,1767322393
0x0c69848269b5123fcea598eb308d164bf9fe92a9fd0c22a5a95800f269730d7a_1767322607,0x2c3dce8515854f167dc523745a6b9d98d22ec9266d9f4921f62fd3e4bf1cfa1b,0x1728f0fe9a7a5f0c55ef60a75cefebe99f3ef6c6,BUY,110290742709531333936637417418570910881285907663357514844586483587588568832794,0.001,1000.0,1767322607
0x198895a35b80618e8cd5eed5eb39a628e0e942a5b6985e609084592a056c2911_1767322987,0x2c3dce8515854f167dc523745a6b9d98d22ec9266d9f4921f62fd3e4bf1cfa1b,0x3be6a957284152bd131e3d6d7bb5208363fe77bd,BUY,110290742709531333936637417418570910881285907663357514844586483587588568832794,0.001,10000.0,1767322987
0x4a9e43af1320d6dc886d5f0dfa40ce497a27bded662215a1e8ba4b4419afc1b4_1767323209,0x2c3dce8515854f167dc523745a6b9d98d22ec9266d9f4921f62fd3e4bf1cfa1b,0x3313eaab6f6b9b5e3d79513c687b39286a8a2512,BUY,110290742709531333936637417418570910881285907663357514844586483587588568832794,0.001,4590.0,1767323209
0xc8e86c65f61f4f07a11ecd8fed65a966c8792ca653e13d38fd8046d4ef497d76_1767323319,0x2c3dce8515854f167dc523745a6b9d98d22ec9266d9f4921f62fd3e4bf1cfa1b,0xbec90ce5a1324c0456beaedde6c04ef03dd50ece,SELL,86498068750018438192524977941980476748299785729870940867089250086714498791178,0.999,3.57,1767323319
0x9e7c1c48824ea5e6cd0d6d0da180042249207112fb374674ae7b313e0f517d92_1767323405,0x2c3dce8515854f167dc523745a6b9d98d22ec9266d9f4921f62fd3e4bf1cfa1b,0xa89a3c309a924402ebb2b33a43a51e35ed2378e2,BUY,110290742709531333936637417418570910881285907663357514844586483587588568832794,0.001,1000.0,1767323405
0xbb50e1fa393dda3803ba726f1eafbaf3a51ebde5c371ec6808a03e441160bab7_1767323491,0x2c3dce8515854f167dc523745a6b9d98d22ec9266d9f4921f62fd3e4bf1cfa1b,0x50ae28fbc0603cb00479e234e25724a26de44bbe,BUY,110290742709531333936637417418570910881285907663357514844586483587588568832794,0.001,2000.0,1767323491
0xc69f5e307aa5a96d49867a8c66f49ff3cde277b51444a1b9d139b405be996785_1767324467,0x2c3dce8515854f167dc523745a6b9d98d22ec9266d9f4921f62fd3e4bf1cfa1b,0x50ae28fbc0603cb00479e234e25724a26de44bbe,BUY,110290742709531333936637417418570910881285907663357514844586483587588568832794,0.001,2000.0,1767324467
0x664b8fea470319016de1675872c29c8bcefd083d1511162f6c28d2663e92b199_1767325453,0x2c3dce8515854f167dc523745a6b9d98d22ec9266d9f4921f62fd3e4bf1cfa1b,0x81924e30a4fe9e1eb715ade61296be6fa74c0664,BUY,110290742709531333936637417418570910881285907663357514844586483587588568832794,0.001,1990.0,1767325453
0x43dc6d65a2bb0f30832e4283eddb4536002e7f0e4321e949381443c393b19fc2_1767325493,0x2c3dce8515854f167dc523745a6b9d98d22ec9266d9f4921f62fd3e4bf1cfa1b,0x2d5223c1db058c214deec3bd360ef82aa56cbbe8,SELL,86498068750018438192524977941980476748299785729870940867089250086714498791178,0.999,2.61,1767325493
0x8758e1af3b1245ae547c471b0aef1dac2af69eca8684b097caa5a4dddf6bbaca_1767325645,0x2c3dce8515854f167dc523745a6b9d98d22ec9266d9f4921f62fd3e4bf1cfa1b,0x39e3a6a7be6a8193b03670558600b220a317952e,BUY,110290742709531333936637417418570910881285907663357514844586483587588568832794,0.001,2000.0,1767325645
0xa4a91603a7538890c217ba3b44fc8e30d460065cb8a367b648a2ba2e1eb33faa_1767327445,0x2c3dce8515854f167dc523745a6b9d98d22ec9266d9f4921f62fd3e4bf1cfa1b,0x18de697a860f8a92b4b4a320bf3354b1e2f11f14,BUY,110290742709531333936637417418570910881285907663357514844586483587588568832794,0.001,1000.0,1767327445
0x670d50672fdf8d7c4b3fcc64576f9ecde2e06f805745147d699a6fb3363fc324_1767328303,0x2c3dce8515854f167dc523745a6b9d98d22ec9266d9f4921f62fd3e4bf1cfa1b,0x4c6df6968391b76d2ae1b99cc466c51b296b15fd,BUY,110290742709531333936637417418570910881285907663357514844586483587588568832794,0.001,1000.0,1767328303
0xaafc4a34f57c60dab67ca24410061aa2a965a1e3e0e20788f35c155ff8613be8_1767328777,0x2c3dce8515854f167dc523745a6b9d98d22ec9266d9f4921f62fd3e4bf1cfa1b,0xe3d7097b619590cf2d5970251db19d23f42d2413,BUY,110290742709531333936637417418570910881285907663357514844586483587588568832794,0.001,3380.0,1767328777
0xb1dd00ec42bebec4b52ee9f1d1148b1a4fabf3c467e413588d52de42d8f2fcc6_1767330287,0x2c3dce8515854f167dc523745a6b9d98d22ec9266d9f4921f62fd3e4bf1cfa1b,0x16ce1f954bfae560af862712fad9dd261f4ceba1,BUY,110290742709531333936637417418570910881285907663357514844586483587588568832794,0.001,5000.0,1767330287
0xa385b1774956d6d02795f41bfbc0d4762c92a64afd3e0ecea12d7e82bdf3248b_1767330317,0x2c3dce8515854f167dc523745a6b9d98d22ec9266d9f4921f62fd3e4bf1cfa1b,0x845e74d8be1b215f13f239bb3636b706d956d22b,BUY,110290742709531333936637417418570910881285907663357514844586483587588568832794,0.001,10000.0,1767330317
0x4151c162d81386692bf894897fbb3f6f90c0aafd01d8a33ca3dc24b32abc9b93_1767330591,0x2c3dce8515854f167dc523745a6b9d98d22ec9266d9f4921f62fd3e4bf1cfa1b,0x2bc8f529f2e2a6dca84e4e1fc15662abf90ae812,BUY,110290742709531333936637417418570910881285907663357514844586483587588568832794,0.001,1000.0,1767330591
0x4f848bedd99f0b9a1d9c39d5657a7277c6b310fe4148a660874f40806e12f505_1767330657,0x2c3dce8515854f167dc523745a6b9d98d22ec9266d9f4921f62fd3e4bf1cfa1b,0xc25969968619217c4ec062a474a9672b990b100f,BUY,110290742709531333936637417418570910881285907663357514844586483587588568832794,0.001,1000.0,1767330657
0x4611a34681de75af1331fd31dc7b63718bdfe6f74de292dc8008c020cd765749_1767330913,0x2c3dce8515854f167dc523745a6b9d98d22ec9266d9f4921f62fd3e4bf1cfa1b,0x845e74d8be1b215f13f239bb3636b706d956d22b,BUY,110290742709531333936637417418570910881285907663357514844586483587588568832794,0.001,5000.0,1767330913
0x8aea0b67d62aec0b37bc9a7697c0a5ad39b84be36648811548dbf7a7611c9951_1767331011,0x2c3dce8515854f167dc523745a6b9d98d22ec9266d9f4921f62fd3e4bf1cfa1b,0x845e74d8be1b215f13f239bb3636b706d956d22b,BUY,110290742709531333936637417418570910881285907663357514844586483587588568832794,0.001,5000.0,1767331011
0x6c3ca48aeb1be91b5a70ed5f2b395d186b61c2e3bf2bb4a8cbde813cb103567f_1767331533,0x2c3dce8515854f167dc523745a6b9d98d22ec9266d9f4921f62fd3e4bf1cfa1b,0xa2ed81611c3bd048a2c42bc20dc6c8a374f8160d,BUY,110290742709531333936637417418570910881285907663357514844586483587588568832794,0.001,1000.0,1767331533
0x21017b0d6a46ec85b778e8c52e60a9c8b84db4ff3593aff6c79c298cf5bbf5dc_1767331889,0x2c3dce8515854f167dc523745a6b9d98d22ec9266d9f4921f62fd3e4bf1cfa1b,0x79a2f22753d5be04b6bbc6843a02b1c7416e4c27,BUY,110290742709531333936637417418570910881285907663357514844586483587588568832794,0.001,25000.0,1767331889
0xf0b335726ced4d4f63e43119ba31613a9c76a303ed9beb4e66893d2af2843ec3_1767332361,0x2c3dce8515854f167dc523745a6b9d98d22ec9266d9f4921f62fd3e4bf1cfa1b,0x15fbb72229b00756f43f66c9d51cf7f4d7a67aca,BUY,110290742709531333936637417418570910881285907663357514844586483587588568832794,0.001,1000.0,1767332361
0x847f8153430abf84077db1e72c09d66598d16ed4851c17cdcb8c2548b4b9bad2_1767332435,0x2c3dce8515854f167dc523745a6b9d98d22ec9266d9f4921f62fd3e4bf1cfa1b,0x83162ce696715bcc7800acbb46f0d270d648457b,BUY,110290742709531333936637417418570910881285907663357514844586483587588568832794,0.001,1750.0,1767332435
0xf7cd510849d2210b5c31b12da51c9c271edf88b63a15122363f159c97f195af6_1767333565,0x2c3dce8515854f167dc523745a6b9d98d22ec9266d9f4921f62fd3e4bf1cfa1b,0x021bc3674655afffcaedfb5247a4a47de6a980ca,BUY,110290742709531333936637417418570910881285907663357514844586483587588568832794,0.001,1000.0,1767333565
0x39f28ad6224b034be250e520f7d423bc9785b22c565de478ff2aadca3e0e22c8_1767333681,0x2c3dce8515854f167dc523745a6b9d98d22ec9266d9f4921f62fd3e4bf1cfa1b,0x43ec89f3f28ac46facf4e15e8cc851a9c4e2e7e0,BUY,110290742709531333936637417418570910881285907663357514844586483587588568832794,0.001,5000.0,1767333681
0x6216f4db0acc9000930008d1910320c5592712f769109c29c0c4a95fa3cf5478_1767334633,0x2c3dce8515854f167dc523745a6b9d98d22ec9266d9f4921f62fd3e4bf1cfa1b,0xb194c814b1bb93657ae233aa98fe9f9467b01063,BUY,110290742709531333936637417418570910881285907663357514844586483587588568832794,0.001,17380.0,1767334633
0x937965d044f20bd52cc75c6ea4c86a5fb7d9abed51c80647f1bad364b88231a6_1767334685,0x2c3dce8515854f167dc523745a6b9d98d22ec9266d9f4921f62fd3e4bf1cfa1b,0x3be6a957284152bd131e3d6d7bb5208363fe77bd,BUY,110290742709531333936637417418570910881285907663357514844586483587588568832794,0.001,15000.0,1767334685
0x74f54cc777e3e9cec091016b816609dba072808ea6c80dccb232df42773a0aff_1767336465,0x2c3dce8515854f167dc523745a6b9d98d22ec9266d9f4921f62fd3e4bf1cfa1b,0xeb87fa85b56d268bf556cc28d0f778eff8b1ff42,BUY,110290742709531333936637417418570910881285907663357514844586483587588568832794,0.001,2000.0,1767336465
0xa3d88c0c4d1727894290c4306fd6912ffacafd7287635bf8c171778fe9fc625a_1767338387,0x2c3dce8515854f167dc523745a6b9d98d22ec9266d9f4921f62fd3e4bf1cfa1b,0xe084e13dcd737bdc2a77c01b729d6f38f4dc28eb,BUY,110290742709531333936637417418570910881285907663357514844586483587588568832794,0.001,5840.0,1767338387
0xcc1524a5d74024d735d41c5a2d548fc92c24345c73b7600b576b5829206822e8_1767340771,0x2c3dce8515854f167dc523745a6b9d98d22ec9266d9f4921f62fd3e4bf1cfa1b,0xeaeac70e7268982a05711ab0b0a63bbda74e673c,BUY,110290742709531333936637417418570910881285907663357514844586483587588568832794,0.001,1000.0,1767340771
0x7c0217ee5bbd43dbadb5f585da41654441e7e517d8e6fe9651594750315f7f28_1767340785,0x2c3dce8515854f167dc523745a6b9d98d22ec9266d9f4921f62fd3e4bf1cfa1b,0xcfdceaac4912b9a56ce2d837269270c0bff85a2e,SELL,86498068750018438192524977941980476748299785729870940867089250086714498791178,0.999,100.0,1767340785
0xf0e20ef86621c2e12dd992cde549fcdebc64e03a08cd45175fed76d474bbfd30_1767340889,0x2c3dce8515854f167dc523745a6b9d98d22ec9266d9f4921f62fd3e4bf1cfa1b,0xd17dc5a2161c84d37f5dfed47b4b56e614701534,BUY,110290742709531333936637417418570910881285907663357514844586483587588568832794,0.001,8500.0,1767340889
0x4a0e4f451cc1d468a731ef7c2cb90a728ff65bfba71d8d2b7bf56b519d527883_1767341789,0x2c3dce8515854f167dc523745a6b9d98d22ec9266d9f4921f62fd3e4bf1cfa1b,0x1a8b31f7829f6d82ac574ac6dde32106cdefc905,BUY,110290742709531333936637417418570910881285907663357514844586483587588568832794,0.001,15000.0,1767341789
0x11f7e310850943813e843cbb7041f8b26d3c71679d9ffd361af1141c29082644_1767341805,0x2c3dce8515854f167dc523745a6b9d98d22ec9266d9f4921f62fd3e4bf1cfa1b,0x3be6a957284152bd131e3d6d7bb5208363fe77bd,BUY,110290742709531333936637417418570910881285907663357514844586483587588568832794,0.001,15000.0,1767341805
0x6e4cc3349d73ab66619990f61aa0130831505feae1fbe88ca0e5a6b5d7ce958b_1767342635,0x2c3dce8515854f167dc523745a6b9d98d22ec9266d9f4921f62fd3e4bf1cfa1b,0xc25969968619217c4ec062a474a9672b990b100f,BUY,110290742709531333936637417418570910881285907663357514844586483587588568832794,0.001,1000.0,1767342635
0x34ad6d214437d1d895de3f51f9c1fac7f5ea606f7171e8b663f023b54c558b22_1767343877,0x2c3dce8515854f167dc523745a6b9d98d22ec9266d9f4921f62fd3e4bf1cfa1b,0x9d730f155f0ebe69644efb18d1c8ed5ba473be4f,BUY,110290742709531333936637417418570910881285907663357514844586483587588568832794,0.001,5000.0,1767343877
0x385ef09b90f6874e4456c9e54458e71c26838e3d693627b034dcb63b64fbbfe8_1767344621,0x2c3dce8515854f167dc523745a6b9d98d22ec9266d9f4921f62fd3e4bf1cfa1b,0xd9665ad2f598759ff7353618ed89864750f60006,BUY,110290742709531333936637417418570910881285907663357514844586483587588568832794,0.001,9000.0,1767344621
0x2ac7f2b071fd2b533babbee344297c516624f9234b05e566c9e06b5b97e03dbc_1767344975,0x2c3dce8515854f167dc523745a6b9d98d22ec9266d9f4921f62fd3e4bf1cfa1b,0xe3d7097b619590cf2d5970251db19d23f42d2413,BUY,110290742709531333936637417418570910881285907663357514844586483587588568832794,0.001,5980.0,1767344975
0x4de04fd1e9b424ced748a6f17092996338aa82126eedde91cdb13aaf08dbb3d3_1767345849,0x2c3dce8515854f167dc523745a6b9d98d22ec9266d9f4921f62fd3e4bf1cfa1b,0x22337384a842ae0e6053ca261055412d90dc6fc1,BUY,110290742709531333936637417418570910881285907663357514844586483587588568832794,0.001,12000.0,1767345849
0x0b6bd26b3d48825d27e00c6b02ac5eb33498cf061e961df3474d9845d8009737_1767346051,0x2c3dce8515854f167dc523745a6b9d98d22ec9266d9f4921f62fd3e4bf1cfa1b,0x22337384a842ae0e6053ca261055412d90dc6fc1,BUY,110290742709531333936637417418570910881285907663357514844586483587588568832794,0.001,11830.0,1767346051
0xa7d46f9bffcc79ea65d7d6e9d870820357bc3e415f11c2af184e389aaed0c3db_1767346479,0x2c3dce8515854f167dc523745a6b9d98d22ec9266d9f4921f62fd3e4bf1cfa1b,0xf303f741c03e7186bd622bc66b87340c0ed8e30e,BUY,110290742709531333936637417418570910881285907663357514844586483587588568832794,0.001,15000.0,1767346479
0x9be681ecb9d35c1b1ee4be1a5ba11cb1a67c14584849d229865dc176b0d094cd_1767347439,0x2c3dce8515854f167dc523745a6b9d98d22ec9266d9f4921f62fd3e4bf1cfa1b,0x3be6a957284152bd131e3d6d7bb5208363fe77bd,BUY,110290742709531333936637417418570910881285907663357514844586483587588568832794,0.001,20000.0,1767347439
0x88ed2c400184841205e386c8646dfe05593612c1cfa789c1e1f05f74f3181238_1767349379,0x2c3dce8515854f167dc523745a6b9d98d22ec9266d9f4921f62fd3e4bf1cfa1b,0xdd4729e9caaa7762b65ad3bb2419c3212f42497b,BUY,110290742709531333936637417418570910881285907663357514844586483587588568832794,0.001,10000.0,1767349379
0x4529017356edf96bc927e1c47dc87d854b2df9047794cea029c8c1bb6366db78_1767349693,0x2c3dce8515854f167dc523745a6b9d98d22ec9266d9f4921f62fd3e4bf1cfa1b,0x1728f0fe9a7a5f0c55ef60a75cefebe99f3ef6c6,BUY,110290742709531333936637417418570910881285907663357514844586483587588568832794,0.001,1000.0,1767349693
0xefacef9bd6c3b20b31669bcf76a6fa8095ca15700b703d9983f8b18027c09857_1767350383,0x2c3dce8515854f167dc523745a6b9d98d22ec9266d9f4921f62fd3e4bf1cfa1b,0xd168158a897f1710bd279643344f30ee0477c167,BUY,110290742709531333936637417418570910881285907663357514844586483587588568832794,0.001,10000.0,1767350383
0x5c93dc5ae64d14dfd3dc6233341eb7a5958216b3cb434e228fef5d8977785b28_1767350905,0x2c3dce8515854f167dc523745a6b9d98d22ec9266d9f4921f62fd3e4bf1cfa1b,0x42517371065740797ad771c0bc7ecbf53452fa50,BUY,110290742709531333936637417418570910881285907663357514844586483587588568832794,0.001,1000.0,1767350905
0xb13b228a86d3464850ab49c7e723e44f7b75720723273717f57a950c4a6cfd36_1767351615,0x2c3dce8515854f167dc523745a6b9d98d22ec9266d9f4921f62fd3e4bf1cfa1b,0xd9665ad2f598759ff7353618ed89864750f60006,BUY,110290742709531333936637417418570910881285907663357514844586483587588568832794,0.001,5000.0,1767351615
0x73c52f8928bee7bb47786031cf6d8841ea637a8c7c38084c8444f217a46a4464_1767351689,0x2c3dce8515854f167dc523745a6b9d98d22ec9266d9f4921f62fd3e4bf1cfa1b,0xb75cf9583c18c99620bcbfbbef83c38bad410539,BUY,110290742709531333936637417418570910881285907663357514844586483587588568832794,0.001,1000.0,1767351689
0x34e260c631fc1a651d26e8fd71660611fb9725284438ebb81a965a3c9c62efb1_1767352947,0x2c3dce8515854f167dc523745a6b9d98d22ec9266d9f4921f62fd3e4bf1cfa1b,0x15eb50a9b19ce425df0f81e63c41b4cf27f59cd1,BUY,110290742709531333936637417418570910881285907663357514844586483587588568832794,0.001,1030.0,1767352947
0x803ed2e179f7cabeace4367921c8a3e64c96dce18e80e1413d922e6016e614bd_1767353023,0x2c3dce8515854f167dc523745a6b9d98d22ec9266d9f4921f62fd3e4bf1cfa1b,0x1d12b03e647b9d7f07bcabaeb68d010f5384ab54,BUY,110290742709531333936637417418570910881285907663357514844586483587588568832794,0.001,10000.0,1767353023
0xab8c996e22db891fffff7da75952bdb06c9ec02b9ef4663423b06bd648a7a079_1767353077,0x2c3dce8515854f167dc523745a6b9d98d22ec9266d9f4921f62fd3e4bf1cfa1b,0x1d12b03e647b9d7f07bcabaeb68d010f5384ab54,BUY,110290742709531333936637417418570910881285907663357514844586483587588568832794,0.001,10000.0,1767353077
0x9f543382a3804403ef9cba0c3b12f2756c5962798485c254dfb8486dafce5caa_1767353177,0x2c3dce8515854f167dc523745a6b9d98d22ec9266d9f4921f62fd3e4bf1cfa1b,0x1d12b03e647b9d7f07bcabaeb68d010f5384ab54,BUY,110290742709531333936637417418570910881285907663357514844586483587588568832794,0.001,10000.0,1767353177
0x0506cd519613411b27fde342ef9282abf39b380138e863a7c7125e2c52d00d5e_1767353253,0x2c3dce8515854f167dc523745a6b9d98d22ec9266d9f4921f62fd3e4bf1cfa1b,0x2eded755a549420c930561bcebcc9282ee2a0a84,BUY,110290742709531333936637417418570910881285907663357514844586483587588568832794,0.001,3000.0,1767353253
0x95c27940f89e154e2c048fbf91f9187dafd85610a76b291868dbd6a8cb93fec5_1767353255,0x2c3dce8515854f167dc523745a6b9d98d22ec9266d9f4921f62fd3e4bf1cfa1b,0x1d12b03e647b9d7f07bcabaeb68d010f5384ab54,BUY,110290742709531333936637417418570910881285907663357514844586483587588568832794,0.001,3000.0,1767353255
0x4c327a212567fa3ef8cca804bd69cd39f3557233902e0992ecdc9cda18ee0db0_1767353533,0x2c3dce8515854f167dc523745a6b9d98d22ec9266d9f4921f62fd3e4bf1cfa1b,0xd797e68e180054b8cd6df86d98ee993d0419f177,BUY,110290742709531333936637417418570910881285907663357514844586483587588568832794,0.001,1100.0,1767353533
0xe423e7a5512ba821117a398b5799eb6f00971a53a3f531150a35ad909c255d78_1767353645,0x2c3dce8515854f167dc523745a6b9d98d22ec9266d9f4921f62fd3e4bf1cfa1b,0x1d12b03e647b9d7f07bcabaeb68d010f5384ab54,BUY,110290742709531333936637417418570910881285907663357514844586483587588568832794,0.001,75000.0,1767353645
0xd30fe60d1cd78f2bfab35a76af81df4ab9a576f9e2168ea330cee14cb4c7e705_1767354271,0x2c3dce8515854f167dc523745a6b9d98d22ec9266d9f4921f62fd3e4bf1cfa1b,0x8c60ceefed1df4a39b30f941deab937bdf860b12,BUY,110290742709531333936637417418570910881285907663357514844586483587588568832794,0.001,13000.0,1767354271
0xabc2922842035fe7e22edb9edd484fc8c25012cc6acfe0a7d07935cf76667718_1767354589,0x2c3dce8515854f167dc523745a6b9d98d22ec9266d9f4921f62fd3e4bf1cfa1b,0x1d12b03e647b9d7f07bcabaeb68d010f5384ab54,BUY,110290742709531333936637417418570910881285907663357514844586483587588568832794,0.001,100000.0,1767354589
0x3264e56ac8eaac3fdca91b215d2e3d01d2fc769261206cde27377317e2ab71d7_1767354895,0x2c3dce8515854f167dc523745a6b9d98d22ec9266d9f4921f62fd3e4bf1cfa1b,0x1d12b03e647b9d7f07bcabaeb68d010f5384ab54,BUY,110290742709531333936637417418570910881285907663357514844586483587588568832794,0.001,50000.0,1767354895
0x4ed7e7332c4374cc096e801fb9a419bc6d2cd0b1d569a59ed534a3afd8f111a4_1767355029,0x2c3dce8515854f167dc523745a6b9d98d22ec9266d9f4921f62fd3e4bf1cfa1b,0x1d12b03e647b9d7f07bcabaeb68d010f5384ab54,BUY,110290742709531333936637417418570910881285907663357514844586483587588568832794,0.001,41000.0,1767355029
0x6656d3cfc3a91cbdaf29458e45cf5f562400e64e581d2e456d957708fe20a4fc_1767355381,0x2c3dce8515854f167dc523745a6b9d98d22ec9266d9f4921f62fd3e4bf1cfa1b,0x1728f0fe9a7a5f0c55ef60a75cefebe99f3ef6c6,BUY,110290742709531333936637417418570910881285907663357514844586483587588568832794,0.001,1000.0,1767355381
0x23cce5e65e89f6bfd0f70f14a04d93fc373aaabd19b2395c3bb83f8635bfdaae_1767355471,0x2c3dce8515854f167dc523745a6b9d98d22ec9266d9f4921f62fd3e4bf1cfa1b,0x3978ee2844011b262ba4a71c60a229de06208573,BUY,110290742709531333936637417418570910881285907663357514844586483587588568832794,0.001,3000.0,1767355471
0x665b13e40920ceaa1fd9167c3a688557d0de70bcb6e11e5de06ce0b79d1279ce_1767356425,0x2c3dce8515854f167dc523745a6b9d98d22ec9266d9f4921f62fd3e4bf1cfa1b,0x22337384a842ae0e6053ca261055412d90dc6fc1,BUY,110290742709531333936637417418570910881285907663357514844586483587588568832794,0.001,30000.0,1767356425
0x583979e63039b0455dc6bdb0c58612c06e70ae2b0477d0c7cb07f9e001c29161_1767356523,0x2c3dce8515854f167dc523745a6b9d98d22ec9266d9f4921f62fd3e4bf1cfa1b,0x2150d0878c2514c81fbded2a7e309abb89c9581b,BUY,110290742709531333936637417418570910881285907663357514844586483587588568832794,0.001,1000.0,1767356523
0x57141300041a401198275bcdabff451ede2a0d8a1a79cf4de04b7728beb41c7f_1767356743,0x2c3dce8515854f167dc523745a6b9d98d22ec9266d9f4921f62fd3e4bf1cfa1b,0xed04895e5368b4ab0d8a3ab525e378726b487419,BUY,110290742709531333936637417418570910881285907663357514844586483587588568832794,0.001,10000.0,1767356743
0xf8e943b31e0433ac02c034d5ce3ea33628cd298cb31c8a23fd5cee238c4ae62a_1767358867,0x2c3dce8515854f167dc523745a6b9d98d22ec9266d9f4921f62fd3e4bf1cfa1b,0xa5ec05f3cc265a55dae511e96758baa1d7bfe59a,SELL,86498068750018438192524977941980476748299785729870940867089250086714498791178,0.999,1.0,1767358867
0xe5efe055fcd37cdee2d3713ccbb9dcc28fd531ca0c9e7d5f1d0974e7542fc8f1_1767360363,0x2c3dce8515854f167dc523745a6b9d98d22ec9266d9f4921f62fd3e4bf1cfa1b,0xb75cf9583c18c99620bcbfbbef83c38bad410539,BUY,110290742709531333936637417418570910881285907663357514844586483587588568832794,0.001,1000.0,1767360363
0x2e1dfbf17727dc96b513418657c82ad2a9c0017f13e6610c39db6b32beb1b2c5_1767360627,0x2c3dce8515854f167dc523745a6b9d98d22ec9266d9f4921f62fd3e4bf1cfa1b,0x06d5cac83375091e42a41a42db9c50adc5139246,BUY,110290742709531333936637417418570910881285907663357514844586483587588568832794,0.001,1000.0,1767360627
0x1faa291b36a1abd430b70ba64c8c9d504ad34d85fcfe4082a28b3530d16ae607_1767362765,0x2c3dce8515854f167dc523745a6b9d98d22ec9266d9f4921f62fd3e4bf1cfa1b,0x7457268766256186e8f3edea35c7a8d5688513f0,BUY,110290742709531333936637417418570910881285907663357514844586483587588568832794,0.001,3000.0,1767362765
0x4b3e7f2408c16af6bb535c500d60d9504f3d75f0e7ffa7892c39b5ea4993228b_1767363225,0x2c3dce8515854f167dc523745a6b9d98d22ec9266d9f4921f62fd3e4bf1cfa1b,0x97ceae4b60488c36cba36974c3856fd47bd130f3,BUY,110290742709531333936637417418570910881285907663357514844586483587588568832794,0.001,1000.0,1767363225
0x4d6022e08dad6aa49e1c975ccab78c24999c39d82e872e62dae978ca4a799878_1767363655,0x2c3dce8515854f167dc523745a6b9d98d22ec9266d9f4921f62fd3e4bf1cfa1b,0x09e99f7c666f672ad0bcf01f7c4c48dda38064e6,BUY,110290742709531333936637417418570910881285907663357514844586483587588568832794,0.001,12490.0,1767363655
0xae218f5b93c3d89f8b567375682aa7891430a35625f8ef7d31edb1006eff5e4b_1767363785,0x2c3dce8515854f167dc523745a6b9d98d22ec9266d9f4921f62fd3e4bf1cfa1b,0x09e99f7c666f672ad0bcf01f7c4c48dda38064e6,BUY,110290742709531333936637417418570910881285907663357514844586483587588568832794,0.001,36980.0,1767363785
0x24505ade793334363229be841cac403f6699610ad0fe35ee46ea1d6793ef9fa1_1767365001,0x2c3dce8515854f167dc523745a6b9d98d22ec9266d9f4921f62fd3e4bf1cfa1b,0x81952b3c77d15887a79ca8b0eb848574a2a334b6,SELL,86498068750018438192524977941980476748299785729870940867089250086714498791178,0.999,2.02,1767365001
0xf418068b44201405b904e725a176d1324dcc8b683caae0e031af4d3cfb4a7577_1767366851,0x2c3dce8515854f167dc523745a6b9d98d22ec9266d9f4921f62fd3e4bf1cfa1b,0xcbff940cfb4d3a91a9dc1012d513c6046b16e8e7,BUY,110290742709531333936637417418570910881285907663357514844586483587588568832794,0.001,9150.0,1767366851
0x01339ef38d8281893c16764f45a2b42c3cade1fcc199a4aca0233f910acbd85c_1767366923,0x2c3dce8515854f167dc523745a6b9d98d22ec9266d9f4921f62fd3e4bf1cfa1b,0x2060018b9ba1d4b4037ddf777bdb8caf52e71176,BUY,110290742709531333936637417418570910881285907663357514844586483587588568832794,0.001,1990.0,1767366923
0xd5759ed5b2ab035ce21c740410cfa7292dc9606dffb2e36af7a05bd4b6976fa2_1767367181,0x2c3dce8515854f167dc523745a6b9d98d22ec9266d9f4921f62fd3e4bf1cfa1b,0x12bde4eae37239f1f95bdf72e5f208d8182cee48,SELL,86498068750018438192524977941980476748299785729870940867089250086714498791178,0.999,10.05,1767367181
0x61242ce4d3c4c0210fed0c99e891010397c8b33915f564620a18115348f4bd4b_1767367861,0x2c3dce8515854f167dc523745a6b9d98d22ec9266d9f4921f62fd3e4bf1cfa1b,0x9dd604fb2d526025516119369eb0ceb7fe20d25b,BUY,110290742709531333936637417418570910881285907663357514844586483587588568832794,0.001,1000.0,1767367861
0xea4a97fb4b9d049956a76d092699964f70793e07c53a9c57d34f4989933d9ee0_1767367899,0x2c3dce8515854f167dc523745a6b9d98d22ec9266d9f4921f62fd3e4bf1cfa1b,0x4ad6cadefae3c28f5b2caa32a99ebba3a614464c,SELL,86498068750018438192524977941980476748299785729870940867089250086714498791178,0.999,20000.0,1767367899
0x82d212fb5242f24eacc5ed8a917424557a93ba8d46a00593b0c8cf8f568927ad_1767368041,0x2c3dce8515854f167dc523745a6b9d98d22ec9266d9f4921f62fd3e4bf1cfa1b,0x8217b6c8878a4aa4ecc023608dbf91d4fac64936,SELL,86498068750018438192524977941980476748299785729870940867089250086714498791178,0.999,10.01,1767368041
0x4c9ae1b2072240351886991d9ce647cdea65d338dbed0a0b16c16858f48d8334_1767368141,0x2c3dce8515854f167dc523745a6b9d98d22ec9266d9f4921f62fd3e4bf1cfa1b,0x2060018b9ba1d4b4037ddf777bdb8caf52e71176,BUY,110290742709531333936637417418570910881285907663357514844586483587588568832794,0.001,5420.0,1767368141
0xb5438f316eac3527c366ce2f6a4f3f6d89ca1076a41b1b630b9ed466c07b1314_1767368571,0x2c3dce8515854f167dc523745a6b9d98d22ec9266d9f4921f62fd3e4bf1cfa1b,0xdd4729e9caaa7762b65ad3bb2419c3212f42497b,BUY,110290742709531333936637417418570910881285907663357514844586483587588568832794,0.001,20000.0,1767368571
0xee69776e19ad620bfc0c28ed2cc82eef223490d926bfec3ab6a62e9af34302e2_1767369169,0x2c3dce8515854f167dc523745a6b9d98d22ec9266d9f4921f62fd3e4bf1cfa1b,0x50a1438b529f8c4e7da7bf8a8656529fa7561943,BUY,110290742709531333936637417418570910881285907663357514844586483587588568832794,0.001,1000.0,1767369169
0x7aeebfa1bcb1950ea9b13e5660ca175c0a20bb587ad3349606836de1c2a85dd3_1767369559,0x2c3dce8515854f167dc523745a6b9d98d22ec9266d9f4921f62fd3e4bf1cfa1b,0x22337384a842ae0e6053ca261055412d90dc6fc1,BUY,110290742709531333936637417418570910881285907663357514844586483587588568832794,0.001,8000.0,1767369559
0xf3c9bdd82cf28a518c2483645e207578c316fae57b043927d4742a4769d4ca30_1767370551,0x2c3dce8515854f167dc523745a6b9d98d22ec9266d9f4921f62fd3e4bf1cfa1b,0xcf4ae0468c9b418e2711ac6c5d088971fc20c1f4,BUY,110290742709531333936637417418570910881285907663357514844586483587588568832794,0.001,1000.0,1767370551
0x273a828af83facdb10b8ee4b4dd9d401cdcbaf78aee5923e97d43379dcaf695d_1767371157,0x2c3dce8515854f167dc523745a6b9d98d22ec9266d9f4921f62fd3e4bf1cfa1b,0x1728f0fe9a7a5f0c55ef60a75cefebe99f3ef6c6,BUY,110290742709531333936637417418570910881285907663357514844586483587588568832794,0.001,1000.0,1767371157
0x94aef0eee4ef0722c9bee0f45e2b487502aa7c80f79d02eaf5532dd2ab91c99d_1767371603,0x2c3dce8515854f167dc523745a6b9d98d22ec9266d9f4921f62fd3e4bf1cfa1b,0xe915ba208db7c35ef8b6964436f8bb5135699037,BUY,110290742709531333936637417418570910881285907663357514844586483587588568832794,0.001,1000.0,1767371603
0x00c65ed260413b4908294a0424f7db4f7876361b850e8c93a6c1536f985fed14_1767372779,0x2c3dce8515854f167dc523745a6b9d98d22ec9266d9f4921f62fd3e4bf1cfa1b,0xfbfb0883a151234e76a5a5ea72ffc5f47e9df563,SELL,86498068750018438192524977941980476748299785729870940867089250086714498791178,0.999,30000.0,1767372779
0xa0da28dff8c8813b7a99b232be3fbfd079a5b56280f2a901d85b322df50c25d6_1767372899,0x2c3dce8515854f167dc523745a6b9d98d22ec9266d9f4921f62fd3e4bf1cfa1b,0xfbfb0883a151234e76a5a5ea72ffc5f47e9df563,SELL,86498068750018438192524977941980476748299785729870940867089250086714498791178,0.999,30000.0,1767372899
0x919bb927c9fcd768699c29e551daa4bb30fa3aabd28fc73f39d1dff42d94e2ab_1767372899,0x2c3dce8515854f167dc523745a6b9d98d22ec9266d9f4921f62fd3e4bf1cfa1b,0x4ad6cadefae3c28f5b2caa32a99ebba3a614464c,SELL,86498068750018438192524977941980476748299785729870940867089250086714498791178,0.999,20000.0,1767372899
0xa01201ef2bacd107af7fea3ef4134e8bcd83fd2f1f5ab503030f34a48d57229a_1767373021,0x2c3dce8515854f167dc523745a6b9d98d22ec9266d9f4921f62fd3e4bf1cfa1b,0x8217b6c8878a4aa4ecc023608dbf91d4fac64936,SELL,86498068750018438192524977941980476748299785729870940867089250086714498791178,0.999,10.01,1767373021
0xc2cb41d12a5d2faf6863fb978b3f1bd2c515e800071f819dc4190947ef6f4216_1767373389,0x2c3dce8515854f167dc523745a6b9d98d22ec9266d9f4921f62fd3e4bf1cfa1b,0x9d39b8ee38f367983c170abc553d26011928cbfe,BUY,110290742709531333936637417418570910881285907663357514844586483587588568832794,0.001,1000.0,1767373389
0x7feaa0fe5266e4ca9e0994c08fa858778e2d9895419dae521bf3766d28e816e9_1767375271,0x2c3dce8515854f167dc523745a6b9d98d22ec9266d9f4921f62fd3e4bf1cfa1b,0x3477f9dd89927a1b99cfc045ddff7bd290d5310c,SELL,86498068750018438192524977941980476748299785729870940867089250086714498791178,0.999,100.4,1767375271
0x53e3a33eee02b62f0bc293abb354800deae512dec09ed519d76305c1e67ed13d_1767375553,0x2c3dce8515854f167dc523745a6b9d98d22ec9266d9f4921f62fd3e4bf1cfa1b,0x1a8b31f7829f6d82ac574ac6dde32106cdefc905,BUY,110290742709531333936637417418570910881285907663357514844586483587588568832794,0.001,10330.0,1767375553
0x4a4c9eb60eae1f3b50b283645023410aa92736d4b7c18ab0166d764eb47132f0_1767375659,0x2c3dce8515854f167dc523745a6b9d98d22ec9266d9f4921f62fd3e4bf1cfa1b,0x64ef890654803935242b602497f088d4b9c5b728,BUY,110290742709531333936637417418570910881285907663357514844586483587588568832794,0.001,1000.0,1767375659
0xeb4a15dd461f8bee6b4361d0fe47182287b91a104b71957e89734e7d81ed6983_1767375963,0x2c3dce8515854f167dc523745a6b9d98d22ec9266d9f4921f62fd3e4bf1cfa1b,0x1ceb1d6c341e382cc275058aa203c50f0cddf801,BUY,110290742709531333936637417418570910881285907663357514844586483587588568832794,0.001,2000.0,1767375963
0x5adeeb04ed5ff9f8c9b39b2aa1bae0f5b3b9f36a35d67fb91c3e02b2322de32d_1767376073,0x2c3dce8515854f167dc523745a6b9d98d22ec9266d9f4921f62fd3e4bf1cfa1b,0x64ef890654803935242b602497f088d4b9c5b728,BUY,110290742709531333936637417418570910881285907663357514844586483587588568832794,0.001,10000.0,1767376073
0x49c14a368d1495d21b63cbf3456dd834c8e6af1b0846210fbcc000f9cdc6bcda_1767376479,0x2c3dce8515854f167dc523745a6b9d98d22ec9266d9f4921f62fd3e4bf1cfa1b,0x286e9d432af6e51087f82dbd36db78fa124c2b47,BUY,110290742709531333936637417418570910881285907663357514844586483587588568832794,0.001,1000.0,1767376479
0x323693f709c8a18057bbee46013ad18569440b8f918853fe32ad8a5ce14b4076_1767377695,0x2c3dce8515854f167dc523745a6b9d98d22ec9266d9f4921f62fd3e4bf1cfa1b,0x1ceb1d6c341e382cc275058aa203c50f0cddf801,BUY,110290742709531333936637417418570910881285907663357514844586483587588568832794,0.001,3000.0,1767377695
0xa1d6238f30a19e01bed35c98160b6341b4e45f3854599359bf0688b0635ff26b_1767378163,0x2c3dce8515854f167dc523745a6b9d98d22ec9266d9f4921f62fd3e4bf1cfa1b,0x1ceb1d6c341e382cc275058aa203c50f0cddf801,BUY,110290742709531333936637417418570910881285907663357514844586483587588568832794,0.001,5000.0,1767378163
0xa89d2ab4d3a463bdf4814315ff63366087e89779e8a600261109a4a397b3be85_1767378165,0x2c3dce8515854f167dc523745a6b9d98d22ec9266d9f4921f62fd3e4bf1cfa1b,0x8de94778c0188f72d4c536eb3781dfc63f303171,BUY,110290742709531333936637417418570910881285907663357514844586483587588568832794,0.001,1000.0,1767378165
0xd0980e2345080cc0ba3e728dc7fbb52dd42d32336ce6f40e4e5f9dae97caf6a1_1767378473,0x2c3dce8515854f167dc523745a6b9d98d22ec9266d9f4921f62fd3e4bf1cfa1b,0x07f1cea28e80ce3879ddd0a2dcbf5276d3dc9f1c,BUY,110290742709531333936637417418570910881285907663357514844586483587588568832794,0.001,2200.0,1767378473
0x6674a4bac017353d94ca994b7434e7dad898eb3cba247619e381106152781ffb_1767379319,0x2c3dce8515854f167dc523745a6b9d98d22ec9266d9f4921f62fd3e4bf1cfa1b,0x09e99f7c666f672ad0bcf01f7c4c48dda38064e6,BUY,110290742709531333936637417418570910881285907663357514844586483587588568832794,0.001,40000.0,1767379319
0x6e3bedf89870f9b10027121bbd3dc4263cd093399734ff68cc379b7ed39b09f5_1767379777,0x2c3dce8515854f167dc523745a6b9d98d22ec9266d9f4921f62fd3e4bf1cfa1b,0x9f54af01f136e683e10813ff3155f4e76fca49c4,BUY,110290742709531333936637417418570910881285907663357514844586483587588568832794,0.001,2000.0,1767379777
0x89d4551fe84e40258b54342c0ab29e62a6c2d60e3b300162a4175f8fd97324d9_1767379895,0x2c3dce8515854f167dc523745a6b9d98d22ec9266d9f4921f62fd3e4bf1cfa1b,0x09e99f7c666f672ad0bcf01f7c4c48dda38064e6,BUY,110290742709531333936637417418570910881285907663357514844586483587588568832794,0.001,40000.0,1767379895
0xcfa34ee33c7417b4b03e805f8f471c9ca9c07ffea65f2e4bd2cd9a279100505a_1767380225,0x2c3dce8515854f167dc523745a6b9d98d22ec9266d9f4921f62fd3e4bf1cfa1b,0x09e99f7c666f672ad0bcf01f7c4c48dda38064e6,BUY,110290742709531333936637417418570910881285907663357514844586483587588568832794,0.001,28000.0,1767380225
0x31cf21097d1273a0c665a788720b1228a7a05653f07df707d3904373b923ec34_1767380539,0x2c3dce8515854f167dc523745a6b9d98d22ec9266d9f4921f62fd3e4bf1cfa1b,0x64ef890654803935242b602497f088d4b9c5b728,BUY,110290742709531333936637417418570910881285907663357514844586483587588568832794,0.001,10000.0,1767380539
0xdadd56b23069467a2b84e1f5f39e3ae3649965d4c2dc3cbd37e38279b8f730fc_1767381119,0x2c3dce8515854f167dc523745a6b9d98d22ec9266d9f4921f62fd3e4bf1cfa1b,0x2179f7686f58ffbad8d7dbe65b2325dc72472e2a,BUY,110290742709531333936637417418570910881285907663357514844586483587588568832794,0.001,13840.0,1767381119
0x9f380eead75a30d4169f39e96c281dd497c409627378dd9c354c3ff43a6c2f2c_1767381495,0x2c3dce8515854f167dc523745a6b9d98d22ec9266d9f4921f62fd3e4bf1cfa1b,0x22337384a842ae0e6053ca261055412d90dc6fc1,BUY,110290742709531333936637417418570910881285907663357514844586483587588568832794,0.001,40000.0,1767381495
0x1a4e604ca282574e1932d9ba7d60a8acb832b5deab2954594298889fc8c31c27_1767381861,0x2c3dce8515854f167dc523745a6b9d98d22ec9266d9f4921f62fd3e4bf1cfa1b,0xdac74cf8de10a2249872ecbc8137ac8112af4013,BUY,110290742709531333936637417418570910881285907663357514844586483587588568832794,0.001,1890.0,1767381861
0x752648cc047c97e1c09be9cc5f554eda968e9b1790ffe8de04003ff977f26084_1767382071,0x2c3dce8515854f167dc523745a6b9d98d22ec9266d9f4921f62fd3e4bf1cfa1b,0xfc7a9e26dbc8626ab39ef6283714829f0edde98f,BUY,110290742709531333936637417418570910881285907663357514844586483587588568832794,0.001,14270.0,1767382071
0x92b8d5d8cae7e21491237a903bb5e8724fc66a323729bb0a238f871b041f2fd7_1767382431,0x2c3dce8515854f167dc523745a6b9d98d22ec9266d9f4921f62fd3e4bf1cfa1b,0x34ad960f2b4141b99927b354d0d651504997040a,BUY,110290742709531333936637417418570910881285907663357514844586483587588568832794,0.001,2000.0,1767382431
0xe7b7e6f7bd06e010c9aa583d3b16e6748d1fc50b9d82b3faf643f410deefb842_1767382541,0x2c3dce8515854f167dc523745a6b9d98d22ec9266d9f4921f62fd3e4bf1cfa1b,0x24e890fbe3bb970126b478214dc915ed8050dabe,BUY,110290742709531333936637417418570910881285907663357514844586483587588568832794,0.001,3000.0,1767382541
0xa04329ee4f2e7074707b51a6d5d0ae1fa94166abb59cd4edaa08e0b08e40306e_1767383041,0x2c3dce8515854f167dc523745a6b9d98d22ec9266d9f4921f62fd3e4bf1cfa1b,0x1ceb1d6c341e382cc275058aa203c50f0cddf801,BUY,110290742709531333936637417418570910881285907663357514844586483587588568832794,0.001,10000.0,1767383041
0xdac2782543038cee76619536d33f4a3b22cee85171d08756731e33ed0ef635d6_1767383419,0x2c3dce8515854f167dc523745a6b9d98d22ec9266d9f4921f62fd3e4bf1cfa1b,0x3aec8b80cb07356b5d6a568554f89e8a00fd22a9,BUY,110290742709531333936637417418570910881285907663357514844586483587588568832794,0.001,15000.0,1767383419
0x0ea01c60ddb0a36435b827c42a9e0b8ab00e8dcb5ccbec6b611bdd9b0fc748c4_1767383539,0x2c3dce8515854f167dc523745a6b9d98d22ec9266d9f4921f62fd3e4bf1cfa1b,0x3863cf6aaf13dcec8aeb514c318a1bd9d95db0db,BUY,110290742709531333936637417418570910881285907663357514844586483587588568832794,0.001,5000.0,1767383539
0xa426bf34f864b26daf8f66020b7c59f4f567c990d265c8cffa7debe0930b4276_1767383869,0x2c3dce8515854f167dc523745a6b9d98d22ec9266d9f4921f62fd3e4bf1cfa1b,0x30c45e999fed47c6774de173d5d8808bc41a32c9,BUY,110290742709531333936637417418570910881285907663357514844586483587588568832794,0.001,5000.0,1767383869
0xd08469e8c39a4085845889f7a7cdff1b299780a537e68d0689ec90c3d42c6a9d_1767383999,0x2c3dce8515854f167dc523745a6b9d98d22ec9266d9f4921f62fd3e4bf1cfa1b,0xe084e13dcd737bdc2a77c01b729d6f38f4dc28eb,BUY,110290742709531333936637417418570910881285907663357514844586483587588568832794,0.001,5000.0,1767383999
0xfae2a0a964054f5c28c903c1399181a616a462d00e4431f7d2b4f79d63340e80_1767384009,0x2c3dce8515854f167dc523745a6b9d98d22ec9266d9f4921f62fd3e4bf1cfa1b,0xe084e13dcd737bdc2a77c01b729d6f38f4dc28eb,BUY,110290742709531333936637417418570910881285907663357514844586483587588568832794,0.001,10150.0,1767384009
0x7f4c6fd2dc1988f6054f32d0695f499a4565b60fbcfcb7dfc9e41394aa2925ab_1767384055,0x2c3dce8515854f167dc523745a6b9d98d22ec9266d9f4921f62fd3e4bf1cfa1b,0x3be6a957284152bd131e3d6d7bb5208363fe77bd,BUY,110290742709531333936637417418570910881285907663357514844586483587588568832794,0.001,20000.0,1767384055
0x8ae49e8d5a0368d9f7132d1e138f347be491c858cc3b39479553c0a567bb7845_1767384541,0x2c3dce8515854f167dc523745a6b9d98d22ec9266d9f4921f62fd3e4bf1cfa1b,0x1a8b31f7829f6d82ac574ac6dde32106cdefc905,BUY,110290742709531333936637417418570910881285907663357514844586483587588568832794,0.001,14500.0,1767384541
0xd1a322e6fb68f7b7f19a2dc8eee43c87bd12e88e4b03beb9a60e3b41074bf8a2_1767385101,0x2c3dce8515854f167dc523745a6b9d98d22ec9266d9f4921f62fd3e4bf1cfa1b,0x22337384a842ae0e6053ca261055412d90dc6fc1,BUY,110290742709531333936637417418570910881285907663357514844586483587588568832794,0.001,2000.0,1767385101
0xe74c7d94d79e75e0ec1ab0729ed11913c0d5561eb99d67edca9c9360f94d6fb2_1767386075,0x2c3dce8515854f167dc523745a6b9d98d22ec9266d9f4921f62fd3e4bf1cfa1b,0x021bc3674655afffcaedfb5247a4a47de6a980ca,BUY,110290742709531333936637417418570910881285907663357514844586483587588568832794,0.001,1000.0,1767386075
0xe78eb043de60259b90b2488e06cf6b86ae32f3e7677eb0d634674768da243b97_1767386453,0x2c3dce8515854f167dc523745a6b9d98d22ec9266d9f4921f62fd3e4bf1cfa1b,0x08458f7e9d2858027de579e4c3ca305475496b6f,SELL,86498068750018438192524977941980476748299785729870940867089250086714498791178,0.999,2100.0,1767386453
0xaaa7287a655df943f8a5f36e6c66f729bc61e52a58e4a43725186aca7860284e_1767386469,0x2c3dce8515854f167dc523745a6b9d98d22ec9266d9f4921f62fd3e4bf1cfa1b,0x2b366034b69b64a444406b2db7ec1ff7869c473b,SELL,86498068750018438192524977941980476748299785729870940867089250086714498791178,0.999,1347.15,1767386469
0x7da078a1ac1b074fc1fa8238b8e53447c24f6fd4fdb81b8942038d4232f4f997_1767386667,0x2c3dce8515854f167dc523745a6b9d98d22ec9266d9f4921f62fd3e4bf1cfa1b,0xd8a254bbc5fe9a9735bd019efe959529c6f2477c,BUY,110290742709531333936637417418570910881285907663357514844586483587588568832794,0.001,5000.0,1767386667
0x7af5aebb0d4cfb5071ffb809d40e58b3b33f92756922460d41b6bf50b34e5fe8_1767386765,0x2c3dce8515854f167dc523745a6b9d98d22ec9266d9f4921f62fd3e4bf1cfa1b,0x657c481562cfc0be075c5d558d8c8d885d0ab53c,BUY,110290742709531333936637417418570910881285907663357514844586483587588568832794,0.001,9950.0,1767386765
0x3e6c55091775071cc045f9ab9a89cfd5f84c4b1c95046597d0e1c5a50f02728a_1767387219,0x2c3dce8515854f167dc523745a6b9d98d22ec9266d9f4921f62fd3e4bf1cfa1b,0x3be6a957284152bd131e3d6d7bb5208363fe77bd,BUY,110290742709531333936637417418570910881285907663357514844586483587588568832794,0.001,60370.0,1767387219
0x45428debba2a775c89a008b35bb55b4e301593571ef23b585ab0ff3d7c6b4d44_1767387439,0x2c3dce8515854f167dc523745a6b9d98d22ec9266d9f4921f62fd3e4bf1cfa1b,0x1a8b31f7829f6d82ac574ac6dde32106cdefc905,BUY,110290742709531333936637417418570910881285907663357514844586483587588568832794,0.001,6670.0,1767387439
0x9499f610fa2c352c7522eb4b1cc98389a64a5108dad087623c22a89316192e00_1767387557,0x2c3dce8515854f167dc523745a6b9d98d22ec9266d9f4921f62fd3e4bf1cfa1b,0x1a8b31f7829f6d82ac574ac6dde32106cdefc905,BUY,110290742709531333936637417418570910881285907663357514844586483587588568832794,0.001,2000.0,1767387557
0x08d31b57df8c84ff21fa08c08c07e83d6f0c0c7c46cb8dd9c2f97485fa64091d_1767387577,0x2c3dce8515854f167dc523745a6b9d98d22ec9266d9f4921f62fd3e4bf1cfa1b,0x2bc8f529f2e2a6dca84e4e1fc15662abf90ae812,BUY,110290742709531333936637417418570910881285907663357514844586483587588568832794,0.001,1000.0,1767387577
0x2b2cea0a1d3c6228f007faeed361fe78518df0d988d26a2eaa932ac576055d8b_1767387851,0x2c3dce8515854f167dc523745a6b9d98d22ec9266d9f4921f62fd3e4bf1cfa1b,0x1a8b31f7829f6d82ac574ac6dde32106cdefc905,BUY,110290742709531333936637417418570910881285907663357514844586483587588568832794,0.001,1000.0,1767387851
0xb0772480395644d8cb0e8e9b3b8af25945454658bca29221430905b286fdc400_1767387961,0x2c3dce8515854f167dc523745a6b9d98d22ec9266d9f4921f62fd3e4bf1cfa1b,0x50a3b6cb6fe6b987cdd541c8270fe855ed140a78,SELL,86498068750018438192524977941980476748299785729870940867089250086714498791178,0.999,5.71,1767387961
0xd7c2dee02903d2459bda39f400befebd60db673327fa712a0ca34ee823153fd0_1767388007,0x2c3dce8515854f167dc523745a6b9d98d22ec9266d9f4921f62fd3e4bf1cfa1b,0x07f1cea28e80ce3879ddd0a2dcbf5276d3dc9f1c,BUY,110290742709531333936637417418570910881285907663357514844586483587588568832794,0.001,1000.0,1767388007
0xa2ed50aff148a8458ed4c4aab618bb2ba3955170565d4e748cff270df8ece433_1767388157,0x2c3dce8515854f167dc523745a6b9d98d22ec9266d9f4921f62fd3e4bf1cfa1b,0xd5817f224f4f03b4184141b42f3b5a35344abd3b,BUY,110290742709531333936637417418570910881285907663357514844586483587588568832794,0.001,2000.0,1767388157
0x2a1019ad9040a7d1655ac975d519b53e063ea0f69e5ee950d95987a3f377d677_1767389195,0x2c3dce8515854f167dc523745a6b9d98d22ec9266d9f4921f62fd3e4bf1cfa1b,0xf55eee2264546a234ed857ac045fb8f38c8a0c66,BUY,110290742709531333936637417418570910881285907663357514844586483587588568832794,0.001,20000.0,1767389195
0xb8f4840c31d3020232db1d2503e1c926f90d735e43c624089e89a06fe5b70f4d_1767390169,0x2c3dce8515854f167dc523745a6b9d98d22ec9266d9f4921f62fd3e4bf1cfa1b,0x52a2565fab9611d3163b0a4751ec99ceab5a376f,BUY,110290742709531333936637417418570910881285907663357514844586483587588568832794,0.001,7000.0,1767390169
0xb9406340236480abd6d4ecb162704f8204a13047359697e055720c047c8f8794_1767390275,0x2c3dce8515854f167dc523745a6b9d98d22ec9266d9f4921f62fd3e4bf1cfa1b,0xec4749af973253b22b0366cea050adfc545e418b,BUY,110290742709531333936637417418570910881285907663357514844586483587588568832794,0.001,1000.0,1767390275
0x7991970c6bb48a43aef0d011f53d17c66701a000f1efbbb5dcd625f57ab97ad8_1767390575,0x2c3dce8515854f167dc523745a6b9d98d22ec9266d9f4921f62fd3e4bf1cfa1b,0xf55eee2264546a234ed857ac045fb8f38c8a0c66,BUY,110290742709531333936637417418570910881285907663357514844586483587588568832794,0.001,20000.0,1767390575
0xdb3a6d16b5d970d0f3797ccc2c14e5b543dc56cd668e9907da1d5f5824bb17b6_1767390745,0x2c3dce8515854f167dc523745a6b9d98d22ec9266d9f4921f62fd3e4bf1cfa1b,0x1ceb1d6c341e382cc275058aa203c50f0cddf801,BUY,110290742709531333936637417418570910881285907663357514844586483587588568832794,0.001,20000.0,1767390745
0xe7369c51183bb88a58a84ee353405ba1246f85518d20084524dcc388faadba0c_1767390971,0x2c3dce8515854f167dc523745a6b9d98d22ec9266d9f4921f62fd3e4bf1cfa1b,0x2939359c5fc2b3221e2d87d440282e07539ae083,SELL,86498068750018438192524977941980476748299785729870940867089250086714498791178,0.999,801.0,1767390971
0x8a814a9033792a921fab7e67c7d023afba75e76068b4a686bbdd62de4225735a_1767390987,0x2c3dce8515854f167dc523745a6b9d98d22ec9266d9f4921f62fd3e4bf1cfa1b,0xbf346b7c144516cd9a8d5868d5b477e9bb04e4d3,BUY,110290742709531333936637417418570910881285907663357514844586483587588568832794,0.001,4350.0,1767390987
0x3e2d1c7edcbac7927a0d018f3a422dedc515095da6ffa1cf63aaf4c5544d1064_1767391217,0x2c3dce8515854f167dc523745a6b9d98d22ec9266d9f4921f62fd3e4bf1cfa1b,0x54130cd31411b3feb6c3bdd347d293e1719c1a2b,BUY,110290742709531333936637417418570910881285907663357514844586483587588568832794,0.001,5000.0,1767391217
0xc7ac887b0d62970a225c47f074d46e304c8fdfc79f888d71c7138c7b27c46bb5_1767391741,0x2c3dce8515854f167dc523745a6b9d98d22ec9266d9f4921f62fd3e4bf1cfa1b,0x64d863e2d76e99122ae030a5e5c59e1ba872841f,BUY,110290742709531333936637417418570910881285907663357514844586483587588568832794,0.001,1000.0,1767391741
0x3e1a599ffb8ada4670b9ba33882bc7695a09588f932321fa55f5e0a60ce1f905_1767391829,0x2c3dce8515854f167dc523745a6b9d98d22ec9266d9f4921f62fd3e4bf1cfa1b,0xf13d7dfaee16b4b5ee95cbf74c529fdedc525e9c,BUY,110290742709531333936637417418570910881285907663357514844586483587588568832794,0.001,20000.0,1767391829
0xa829be6804b4a8a80a826c98f50ad4ce7f99ab5bf392cd00365d7235897964e5_1767392177,0x2c3dce8515854f167dc523745a6b9d98d22ec9266d9f4921f62fd3e4bf1cfa1b,0xc9cd0a034ff47c621a9fea395d6696b81dbb432c,BUY,110290742709531333936637417418570910881285907663357514844586483587588568832794,0.001,1000.0,1767392177
0x52999f512a257d2f74e86d289ca1d6051c7bdd76a7c8f3c9bb22134ef4ac8ba1_1767392991,0x2c3dce8515854f167dc523745a6b9d98d22ec9266d9f4921f62fd3e4bf1cfa1b,0x31354c8a9ddaa6ab79f4c371193624174c016030,BUY,110290742709531333936637417418570910881285907663357514844586483587588568832794,0.001,5000.0,1767392991
0x9e9d9cfe77443d32e820d750c9fdcef35a23df826cb58d203bb71def3552ef9e_1767393381,0x2c3dce8515854f167dc523745a6b9d98d22ec9266d9f4921f62fd3e4bf1cfa1b,0x1728f0fe9a7a5f0c55ef60a75cefebe99f3ef6c6,BUY,110290742709531333936637417418570910881285907663357514844586483587588568832794,0.001,1000.0,1767393381
0x6093aeef6a33f83da4e2f5d813b0a208182b2f37481b7b17a23ca868b7d0ff4d_1767393579,0x2c3dce8515854f167dc523745a6b9d98d22ec9266d9f4921f62fd3e4bf1cfa1b,0x925be1ab9ddb8806715950d4d58021192814640e,BUY,110290742709531333936637417418570910881285907663357514844586483587588568832794,0.001,1000.0,1767393579
0x8c51b4dac244e29aac671aac2f10f8eeb03647271e0ab5c75eb9a9981175ab28_1767393815,0x2c3dce8515854f167dc523745a6b9d98d22ec9266d9f4921f62fd3e4bf1cfa1b,0x2060018b9ba1d4b4037ddf777bdb8caf52e71176,BUY,110290742709531333936637417418570910881285907663357514844586483587588568832794,0.001,10460.0,1767393815
0x8b5b83c28c2916e56db2d82f86dbe1b7961abde3dcfea0614b595c051bdc77ea_1767393875,0x2c3dce8515854f167dc523745a6b9d98d22ec9266d9f4921f62fd3e4bf1cfa1b,0x07f1cea28e80ce3879ddd0a2dcbf5276d3dc9f1c,BUY,110290742709531333936637417418570910881285907663357514844586483587588568832794,0.001,1000.0,1767393875
0xacbf0f64adb18a0f35fad0c42d90c7c029a991d2e166cc94ce47d4ca2c033133_1767394459,0x2c3dce8515854f167dc523745a6b9d98d22ec9266d9f4921f62fd3e4bf1cfa1b,0x79a2f22753d5be04b6bbc6843a02b1c7416e4c27,BUY,110290742709531333936637417418570910881285907663357514844586483587588568832794,0.001,27000.0,1767394459
0x1864d6493d7b46feb423aeb81571b309202138b737bb29fea1a5b3d15ebf4900_1767395077,0x2c3dce8515854f167dc523745a6b9d98d22ec9266d9f4921f62fd3e4bf1cfa1b,0x79922ac65b4926c491f62e6adb6dd347ccaafe8d,SELL,86498068750018438192524977941980476748299785729870940867089250086714498791178,0.999,14.92,1767395077
0x83f8efa37888fa8c62cc326aacc30a8ae69e39851577b057f71b82e98f721e97_1767395147,0x2c3dce8515854f167dc523745a6b9d98d22ec9266d9f4921f62fd3e4bf1cfa1b,0x8e94529a7bfd8a00ca8a4e05aa5b5cfec37dba10,BUY,110290742709531333936637417418570910881285907663357514844586483587588568832794,0.001,9000.0,1767395147
0x1e7ab3528ae7f5daff07c93b6dc3a4e070c59d2d6ca38a37331d5c62f183385f_1767395193,0x2c3dce8515854f167dc523745a6b9d98d22ec9266d9f4921f62fd3e4bf1cfa1b,0x79a2f22753d5be04b6bbc6843a02b1c7416e4c27,BUY,110290742709531333936637417418570910881285907663357514844586483587588568832794,0.001,40000.0,1767395193
0x10633eb0c33b0562ee87be74c70b16c14c84d637035463f32f2d7e86f96387dd_1767395521,0x2c3dce8515854f167dc523745a6b9d98d22ec9266d9f4921f62fd3e4bf1cfa1b,0x8ebfdc251c6c378d4a3a54a8f15cebfa4b9183ce,SELL,86498068750018438192524977941980476748299785729870940867089250086714498791178,0.999,2000.0,1767395521
0xd7cf84d3d34b88ba7c9cf0cf04bdcf06b5be0188961e20fdb0d89281415d84d8_1767395675,0x2c3dce8515854f167dc523745a6b9d98d22ec9266d9f4921f62fd3e4bf1cfa1b,0x8ebfdc251c6c378d4a3a54a8f15cebfa4b9183ce,SELL,86498068750018438192524977941980476748299785729870940867089250086714498791178,0.999,2000.0,1767395675
0xae2ff4d9aaea5abedb1866f5d3c012133c77286a6c5bd77d40386afc99904b5d_1767395707,0x2c3dce8515854f167dc523745a6b9d98d22ec9266d9f4921f62fd3e4bf1cfa1b,0x8ebfdc251c6c378d4a3a54a8f15cebfa4b9183ce,SELL,86498068750018438192524977941980476748299785729870940867089250086714498791178,0.999,1000.0,1767395707
0x59a40efa859948399e22b48aba2487544e0760e2d3898abda814eaf70321f375_1767395723,0x2c3dce8515854f167dc523745a6b9d98d22ec9266d9f4921f62fd3e4bf1cfa1b,0x8ebfdc251c6c378d4a3a54a8f15cebfa4b9183ce,SELL,86498068750018438192524977941980476748299785729870940867089250086714498791178,0.999,5000.0,1767395723
0xf4895cd47ba6376e4f6d4f6160c5584b4db21ee0ee5e081d933747b7a15894fc_1767395763,0x2c3dce8515854f167dc523745a6b9d98d22ec9266d9f4921f62fd3e4bf1cfa1b,0x8ebfdc251c6c378d4a3a54a8f15cebfa4b9183ce,SELL,86498068750018438192524977941980476748299785729870940867089250086714498791178,0.999,3000.0,1767395763
0x1a8fed8d59f5ec011b62afa1175aadeec62207c4866c8f1d5faee393c0ba3e2f_1767395807,0x2c3dce8515854f167dc523745a6b9d98d22ec9266d9f4921f62fd3e4bf1cfa1b,0x8ebfdc251c6c378d4a3a54a8f15cebfa4b9183ce,SELL,86498068750018438192524977941980476748299785729870940867089250086714498791178,0.999,3000.0,1767395807
0x7d709b39eff1f64c44c575c07aa12e799d5308cee64d3ac222d09fdbf83fbc9b_1767395999,0x2c3dce8515854f167dc523745a6b9d98d22ec9266d9f4921f62fd3e4bf1cfa1b,0x8ebfdc251c6c378d4a3a54a8f15cebfa4b9183ce,SELL,86498068750018438192524977941980476748299785729870940867089250086714498791178,0.999,1000.0,1767395999
0x9a86332bc5d8ff5d4b7ee833a1cf3780b1393d75bdd6c00bb1c7b2ee4cdca23d_1767396273,0x2c3dce8515854f167dc523745a6b9d98d22ec9266d9f4921f62fd3e4bf1cfa1b,0xd8a254bbc5fe9a9735bd019efe959529c6f2477c,BUY,110290742709531333936637417418570910881285907663357514844586483587588568832794,0.001,10000.0,1767396273
0x93ccb597666f0f429ebd93688ae4376b77e80d0d4c2116d318846656d9251825_1767396373,0x2c3dce8515854f167dc523745a6b9d98d22ec9266d9f4921f62fd3e4bf1cfa1b,0x8ebfdc251c6c378d4a3a54a8f15cebfa4b9183ce,SELL,86498068750018438192524977941980476748299785729870940867089250086714498791178,0.999,3000.0,1767396373
0x1951757058eecc75a6a08bc5758c11481b30062893d281c071dbc31137a63571_1767396461,0x2c3dce8515854f167dc523745a6b9d98d22ec9266d9f4921f62fd3e4bf1cfa1b,0xccad58695be1bcf10ec63ef316647e6064028b16,BUY,110290742709531333936637417418570910881285907663357514844586483587588568832794,0.001,1000.0,1767396461
0xd8eb9b208f2e6105f2cd0315ace30e35761af054be0e3fd4f8f3a7cbe86468f2_1767396539,0x2c3dce8515854f167dc523745a6b9d98d22ec9266d9f4921f62fd3e4bf1cfa1b,0x1e962d5c0303af3d790b562926e04deb6d246373,BUY,110290742709531333936637417418570910881285907663357514844586483587588568832794,0.001,10000.0,1767396539
0x79246733913e6ca450bf509c01f05c757d5e0512a209045a73add6d1de885abc_1767396719,0x2c3dce8515854f167dc523745a6b9d98d22ec9266d9f4921f62fd3e4bf1cfa1b,0xdd4729e9caaa7762b65ad3bb2419c3212f42497b,BUY,110290742709531333936637417418570910881285907663357514844586483587588568832794,0.001,50000.0,1767396719
0xa881cfd00b507d1b572367f1bd6985b6b7e5169584580f40b7eecd27ba830c0f_1767396851,0x2c3dce8515854f167dc523745a6b9d98d22ec9266d9f4921f62fd3e4bf1cfa1b,0xca0cc8aab1ac556a55855819aca89aaba55caffd,BUY,110290742709531333936637417418570910881285907663357514844586483587588568832794,0.001,2000.0,1767396851
0xf41e824f10256214932d075b546ce4b856ae7bbf49734f6fb205088b0968dc0e_1767396903,0x2c3dce8515854f167dc523745a6b9d98d22ec9266d9f4921f62fd3e4bf1cfa1b,0x85df7fd6561b0944e9e5aae28c2e3154841f495a,BUY,110290742709531333936637417418570910881285907663357514844586483587588568832794,0.001,10000.0,1767396903
0x576ffeafe51e3cea03848d31b79bf874406b0b201c31f339bf9ab843b56b8827_1767396935,0x2c3dce8515854f167dc523745a6b9d98d22ec9266d9f4921f62fd3e4bf1cfa1b,0xdd4729e9caaa7762b65ad3bb2419c3212f42497b,BUY,110290742709531333936637417418570910881285907663357514844586483587588568832794,0.001,100000.0,1767396935
0x2d362d91caab67cff3a584ed4d3316e589fc36f187be45f331911615e7ac1ed7_1767396955,0x2c3dce8515854f167dc523745a6b9d98d22ec9266d9f4921f62fd3e4bf1cfa1b,0x3aec8b80cb07356b5d6a568554f89e8a00fd22a9,BUY,110290742709531333936637417418570910881285907663357514844586483587588568832794,0.001,30000.0,1767396955
0x311e0abbad218ac5571f64c1c6852f7e625849f8a2b2f0d12ec57a0df164119d_1767396967,0x2c3dce8515854f167dc523745a6b9d98d22ec9266d9f4921f62fd3e4bf1cfa1b,0x22337384a842ae0e6053ca261055412d90dc6fc1,BUY,110290742709531333936637417418570910881285907663357514844586483587588568832794,0.0015527950310559005,1288.0,1767396967
0x031e738ae4a491d84c972b6febf9fd3ef6b13dce9def2826d36a65eab9386bdd_1767397001,0x2c3dce8515854f167dc523745a6b9d98d22ec9266d9f4921f62fd3e4bf1cfa1b,0x3be6a957284152bd131e3d6d7bb5208363fe77bd,BUY,110290742709531333936637417418570910881285907663357514844586483587588568832794,0.002,17000.0,1767397001
0x2e37019c89e30a44b08b38369944330d157fada6e5ccfad07f8359a7f8e18982_1767397253,0x2c3dce8515854f167dc523745a6b9d98d22ec9266d9f4921f62fd3e4bf1cfa1b,0xd2a4a89e0a69842afde0c118ad25393a0b159143,SELL,86498068750018438192524977941980476748299785729870940867089250086714498791178,0.998,13.11,1767397253
0x9a67da8b05496d1934f53ee13036cad3fa3c29265070a092ecc72cdd62db0037_1767397417,0x2c3dce8515854f167dc523745a6b9d98d22ec9266d9f4921f62fd3e4bf1cfa1b,0xd8f3790cc1896d89ed36fc415793e7163eea4c06,BUY,110290742709531333936637417418570910881285907663357514844586483587588568832794,0.001,4330.0,1767397417
0x94675683159a8de9a3161b91c8d42ca47da887a3648b3350ebbdc4aef232c348_1767397431,0x2c3dce8515854f167dc523745a6b9d98d22ec9266d9f4921f62fd3e4bf1cfa1b,0xc2c8817934b11eea10381d87b43895b4cd77ef2f,BUY,110290742709531333936637417418570910881285907663357514844586483587588568832794,0.001,10000.0,1767397431
0x751f6dabed56b2f2a572989c2c4925ffe5587064c356b2d89e742c19ac19057a_1767397545,0x2c3dce8515854f167dc523745a6b9d98d22ec9266d9f4921f62fd3e4bf1cfa1b,0x7457268766256186e8f3edea35c7a8d5688513f0,BUY,110290742709531333936637417418570910881285907663357514844586483587588568832794,0.001,15000.0,1767397545
0x6ec3eb0bd434784856c7960a1b073cc54e84b3c1c92b33dde0bb035491900c52_1767397581,0x2c3dce8515854f167dc523745a6b9d98d22ec9266d9f4921f62fd3e4bf1cfa1b,0x3be6a957284152bd131e3d6d7bb5208363fe77bd,BUY,110290742709531333936637417418570910881285907663357514844586483587588568832794,0.001,30000.0,1767397581
0x9b58de4aff2557fabc8220d18cdc664ae0dbf2c517f8694c10115fc237b406f4_1767397583,0x2c3dce8515854f167dc523745a6b9d98d22ec9266d9f4921f62fd3e4bf1cfa1b,0x3b64f0df8eb1e72026f70e70b02f7c6dd67ad59e,BUY,110290742709531333936637417418570910881285907663357514844586483587588568832794,0.001,18770.0,1767397583
0x82188ab17493142dadfdf33c01f06c13ff6ff631408975fbf918f0abb4c28990_1767397907,0x2c3dce8515854f167dc523745a6b9d98d22ec9266d9f4921f62fd3e4bf1cfa1b,0x8e94529a7bfd8a00ca8a4e05aa5b5cfec37dba10,BUY,110290742709531333936637417418570910881285907663357514844586483587588568832794,0.001,10000.0,1767397907
0xbb17b2c452cba7e2c6f3c193f344cf9f355fa0614bfb1d7c3706053e296d8066_1767398179,0x2c3dce8515854f167dc523745a6b9d98d22ec9266d9f4921f62fd3e4bf1cfa1b,0x8e94529a7bfd8a00ca8a4e05aa5b5cfec37dba10,BUY,110290742709531333936637417418570910881285907663357514844586483587588568832794,0.001,2910.0,1767398179
0x3b09eae1e6d9517392c17c333e1e20a93870383619830798638a665f9cf24bd7_1767398369,0x2c3dce8515854f167dc523745a6b9d98d22ec9266d9f4921f62fd3e4bf1cfa1b,0xa2ed81611c3bd048a2c42bc20dc6c8a374f8160d,BUY,110290742709531333936637417418570910881285907663357514844586483587588568832794,0.001,2000.0,1767398369
0x29ac813dbd7fedd56f45358dd030c2f69922fed27c813819d0333ae9d8959250_1767398417,0x2c3dce8515854f167dc523745a6b9d98d22ec9266d9f4921f62fd3e4bf1cfa1b,0xc1729140aeeda3d531c8cddb712109b3ec4e3749,BUY,110290742709531333936637417418570910881285907663357514844586483587588568832794,0.001,1000.0,1767398417
0x81a580f143e218de6531c0c67c3b7ed206218b1b58fdb6d29aeb50d851debc6f_1767398727,0x2c3dce8515854f167dc523745a6b9d98d22ec9266d9f4921f62fd3e4bf1cfa1b,0x1e962d5c0303af3d790b562926e04deb6d246373,BUY,110290742709531333936637417418570910881285907663357514844586483587588568832794,0.001,10000.0,1767398727
0xb56a3caaaacf0d6e551eb56c9de39def11c13437c1716bc64c13bb214fbae2be_1767398819,0x2c3dce8515854f167dc523745a6b9d98d22ec9266d9f4921f62fd3e4bf1cfa1b,0x85df7fd6561b0944e9e5aae28c2e3154841f495a,BUY,110290742709531333936637417418570910881285907663357514844586483587588568832794,0.001,10000.0,1767398819
0xd82ae65c9c9cfe1893006e986c9758ab9266e8584c6b1f683b1c99de646b4377_1767399125,0x2c3dce8515854f167dc523745a6b9d98d22ec9266d9f4921f62fd3e4bf1cfa1b,0xd189664c5308903476f9f079820431e4fd7d06f4,SELL,86498068750018438192524977941980476748299785729870940867089250086714498791178,0.999,1000.0,1767399125
0xa356009a7eebe36cb2c2d7deed55554fb0c4ef080c8a5f13d980f9c98305c926_1767399223,0x2c3dce8515854f167dc523745a6b9d98d22ec9266d9f4921f62fd3e4bf1cfa1b,0x1602856ef17c9b838b2f2b941b9c628cd5eecbf7,SELL,86498068750018438192524977941980476748299785729870940867089250086714498791178,0.999,7337.13,1767399223
0x242ad031f52d51872c05ff80b3f02b703cf424f8450e72f752d03e5ec65a841b_1767399269,0x2c3dce8515854f167dc523745a6b9d98d22ec9266d9f4921f62fd3e4bf1cfa1b,0x8217b6c8878a4aa4ecc023608dbf91d4fac64936,SELL,86498068750018438192524977941980476748299785729870940867089250086714498791178,0.999,15.06,1767399269
0x45e03e7b1e3e2dc44cfc6a44bc20de5fcdcab9599c36481f44069cee0b1d7c49_1767399293,0x2c3dce8515854f167dc523745a6b9d98d22ec9266d9f4921f62fd3e4bf1cfa1b,0xe5575fcfeea0784f927ee55bed95787c94b17e8c,BUY,110290742709531333936637417418570910881285907663357514844586483587588568832794,0.001,57700.0,1767399293
0x796709d4d4346ff1cca8091abc319bdf6912fa7aaf874ca6da2197c49b282ce4_1767399767,0x2c3dce8515854f167dc523745a6b9d98d22ec9266d9f4921f62fd3e4bf1cfa1b,0x8e94529a7bfd8a00ca8a4e05aa5b5cfec37dba10,BUY,110290742709531333936637417418570910881285907663357514844586483587588568832794,0.001,4000.0,1767399767
0xe074cf2d8de52b12b0f2c09a08a04eea3d2172f35c02fee9c6d81ae44a6fe25b_1767399859,0x2c3dce8515854f167dc523745a6b9d98d22ec9266d9f4921f62fd3e4bf1cfa1b,0x07f1cea28e80ce3879ddd0a2dcbf5276d3dc9f1c,BUY,110290742709531333936637417418570910881285907663357514844586483587588568832794,0.001,1000.0,1767399859
0x53fe619962815d08586c1660ae18ce89c3f9cc4dc6868754776f44759675e830_1767400009,0x2c3dce8515854f167dc523745a6b9d98d22ec9266d9f4921f62fd3e4bf1cfa1b,0xd189664c5308903476f9f079820431e4fd7d06f4,SELL,86498068750018438192524977941980476748299785729870940867089250086714498791178,0.999,600.0,1767400009
0xc42e2e04be6511252069e304e910a6ef9f96c47505ca3a9fa51909fb62947a09_1767400073,0x2c3dce8515854f167dc523745a6b9d98d22ec9266d9f4921f62fd3e4bf1cfa1b,0xca0cc8aab1ac556a55855819aca89aaba55caffd,BUY,110290742709531333936637417418570910881285907663357514844586483587588568832794,0.001,1000.0,1767400073
0xfcd94fdee8c383a2529e3efd965de142133f758560a5e547ae94a66f31bc35fc_1767400087,0x2c3dce8515854f167dc523745a6b9d98d22ec9266d9f4921f62fd3e4bf1cfa1b,0x9889634ade9046c5f3a86f820e769583fc3e4839,BUY,110290742709531333936637417418570910881285907663357514844586483587588568832794,0.001,1000.0,1767400087
0xece312ae3ad30d87ddcc8ef453ea5a5149e1123a3d9823b67d0da0dfbee8274c_1767400137,0x2c3dce8515854f167dc523745a6b9d98d22ec9266d9f4921f62fd3e4bf1cfa1b,0x8217b6c8878a4aa4ecc023608dbf91d4fac64936,SELL,86498068750018438192524977941980476748299785729870940867089250086714498791178,0.999,15.06,1767400137
